{"Protocol":0,"Id":"2c00cd62f5521a25dfe24a4634a5ebd8","Path":"/data/serie/Invasion.S01e10.1080p.WEB-DL.DUAL/Invasion.S01e10.1080p.WEB-DL.DUAL.mkv","EncoderPath":null,"EncoderProtocol":null,"Type":0,"Container":"mkv","Size":1621745782,"Name":"Invasion.S01e10.1080p.WEB-DL.DUAL","IsRemote":false,"ETag":"dacaaab9343c27b8a9d65061e1445eb1","RunTimeTicks":34762880000,"ReadAtNativeFramerate":false,"IgnoreDts":false,"IgnoreIndex":false,"GenPtsInput":false,"SupportsTranscoding":true,"SupportsDirectStream":true,"SupportsDirectPlay":true,"IsInfiniteStream":false,"UseMostCompatibleTranscodingProfile":false,"RequiresOpening":false,"OpenToken":null,"RequiresClosing":false,"LiveStreamId":null,"BufferMs":null,"RequiresLooping":false,"SupportsProbing":true,"VideoType":0,"IsoType":null,"Video3DFormat":null,"MediaStreams":[{"Codec":"h264","CodecTag":null,"Language":null,"ColorRange":null,"ColorSpace":"bt709","ColorTransfer":"bt709","ColorPrimaries":"bt709","DvVersionMajor":null,"DvVersionMinor":null,"DvProfile":null,"DvLevel":null,"RpuPresentFlag":null,"ElPresentFlag":null,"BlPresentFlag":null,"DvBlSignalCompatibilityId":null,"Rotation":null,"Comment":null,"TimeBase":"1/1000","CodecTimeBase":null,"Title":null,"VideoRange":1,"VideoRangeType":1,"VideoDoViTitle":null,"AudioSpatialFormat":0,"LocalizedUndefined":null,"LocalizedDefault":null,"LocalizedForced":null,"LocalizedExternal":null,"LocalizedHearingImpaired":null,"DisplayTitle":"1080p H264 SDR","NalLengthSize":"4","IsInterlaced":false,"IsAVC":true,"ChannelLayout":null,"BitRate":3732132,"BitDepth":8,"RefFrames":1,"PacketLength":null,"Channels":null,"SampleRate":null,"IsDefault":true,"IsForced":false,"IsHearingImpaired":false,"Height":960,"Width":1920,"AverageFrameRate":23.976025,"RealFrameRate":23.976025,"ReferenceFrameRate":23.976025,"Profile":"High","Type":1,"AspectRatio":"2:1","Index":0,"Score":null,"IsExternal":false,"DeliveryMethod":null,"DeliveryUrl":null,"IsExternalUrl":null,"IsTextSubtitleStream":false,"SupportsExternalStream":false,"Path":null,"PixelFormat":"yuv420p","Level":41,"IsAnamorphic":false},{"Codec":"ac3","CodecTag":null,"Language":"por","ColorRange":null,"ColorSpace":null,"ColorTransfer":null,"ColorPrimaries":null,"DvVersionMajor":null,"DvVersionMinor":null,"DvProfile":null,"DvLevel":null,"RpuPresentFlag":null,"ElPresentFlag":null,"BlPresentFlag":null,"DvBlSignalCompatibilityId":null,"Rotation":null,"Comment":null,"TimeBase":"1/1000","CodecTimeBase":null,"Title":"Brazilian","VideoRange":0,"VideoRangeType":0,"VideoDoViTitle":null,"AudioSpatialFormat":0,"LocalizedUndefined":null,"LocalizedDefault":"Padr\u00E3o","LocalizedForced":null,"LocalizedExternal":"Externo","LocalizedHearingImpaired":null,"DisplayTitle":"Brazilian - Portuguese - Dolby Digital - 5.1 - Padr\u00E3o","NalLengthSize":null,"IsInterlaced":false,"IsAVC":false,"ChannelLayout":"5.1","BitRate":640000,"BitDepth":null,"RefFrames":null,"PacketLength":null,"Channels":6,"SampleRate":48000,"IsDefault":true,"IsForced":false,"IsHearingImpaired":false,"Height":null,"Width":null,"AverageFrameRate":null,"RealFrameRate":null,"ReferenceFrameRate":null,"Profile":null,"Type":0,"AspectRatio":null,"Index":1,"Score":null,"IsExternal":false,"DeliveryMethod":null,"DeliveryUrl":null,"IsExternalUrl":null,"IsTextSubtitleStream":false,"SupportsExternalStream":false,"Path":null,"PixelFormat":null,"Level":0,"IsAnamorphic":null},{"Codec":"ac3","CodecTag":null,"Language":"eng","ColorRange":null,"ColorSpace":null,"ColorTransfer":null,"ColorPrimaries":null,"DvVersionMajor":null,"DvVersionMinor":null,"DvProfile":null,"DvLevel":null,"RpuPresentFlag":null,"ElPresentFlag":null,"BlPresentFlag":null,"DvBlSignalCompatibilityId":null,"Rotation":null,"Comment":null,"TimeBase":"1/1000","CodecTimeBase":null,"Title":"English","VideoRange":0,"VideoRangeType":0,"VideoDoViTitle":null,"AudioSpatialFormat":0,"LocalizedUndefined":null,"LocalizedDefault":"Padr\u00E3o","LocalizedForced":null,"LocalizedExternal":"Externo","LocalizedHearingImpaired":null,"DisplayTitle":"English - Dolby Digital - 5.1","NalLengthSize":null,"IsInterlaced":false,"IsAVC":false,"ChannelLayout":"5.1","BitRate":640000,"BitDepth":null,"RefFrames":null,"PacketLength":null,"Channels":6,"SampleRate":48000,"IsDefault":false,"IsForced":false,"IsHearingImpaired":false,"Height":null,"Width":null,"AverageFrameRate":null,"RealFrameRate":null,"ReferenceFrameRate":null,"Profile":null,"Type":0,"AspectRatio":null,"Index":2,"Score":null,"IsExternal":false,"DeliveryMethod":null,"DeliveryUrl":null,"IsExternalUrl":null,"IsTextSubtitleStream":false,"SupportsExternalStream":false,"Path":null,"PixelFormat":null,"Level":0,"IsAnamorphic":null},{"Codec":"ass","CodecTag":null,"Language":"por","ColorRange":null,"ColorSpace":null,"ColorTransfer":null,"ColorPrimaries":null,"DvVersionMajor":null,"DvVersionMinor":null,"DvProfile":null,"DvLevel":null,"RpuPresentFlag":null,"ElPresentFlag":null,"BlPresentFlag":null,"DvBlSignalCompatibilityId":null,"Rotation":null,"Comment":null,"TimeBase":"1/1000","CodecTimeBase":null,"Title":"Brazilian (Forced)","VideoRange":0,"VideoRangeType":0,"VideoDoViTitle":null,"AudioSpatialFormat":0,"LocalizedUndefined":"Indefinido","LocalizedDefault":"Padr\u00E3o","LocalizedForced":"For\u00E7ado","LocalizedExternal":"Externo","LocalizedHearingImpaired":"Defici\u00EAncia Auditiva","DisplayTitle":"Brazilian (Forced) - Portuguese - ASS","NalLengthSize":null,"IsInterlaced":false,"IsAVC":false,"ChannelLayout":null,"BitRate":null,"BitDepth":null,"RefFrames":null,"PacketLength":null,"Channels":null,"SampleRate":null,"IsDefault":false,"IsForced":false,"IsHearingImpaired":false,"Height":0,"Width":0,"AverageFrameRate":null,"RealFrameRate":null,"ReferenceFrameRate":null,"Profile":null,"Type":2,"AspectRatio":null,"Index":3,"Score":null,"IsExternal":false,"DeliveryMethod":null,"DeliveryUrl":null,"IsExternalUrl":null,"IsTextSubtitleStream":true,"SupportsExternalStream":true,"Path":null,"PixelFormat":null,"Level":0,"IsAnamorphic":null}],"MediaAttachments":[],"Formats":[],"Bitrate":5012132,"FallbackMaxStreamingBitrate":null,"Timestamp":null,"RequiredHttpHeaders":{},"TranscodingUrl":null,"TranscodingSubProtocol":0,"TranscodingContainer":null,"AnalyzeDurationMs":null,"DefaultAudioStreamIndex":null,"DefaultSubtitleStreamIndex":null,"HasSegments":true}

/usr/lib/jellyfin-ffmpeg/ffmpeg -analyzeduration 200M -probesize 1G  -i file:"/data/serie/Invasion.S01e10.1080p.WEB-DL.DUAL/Invasion.S01e10.1080p.WEB-DL.DUAL.mkv" -map_metadata -1 -map_chapters -1 -threads 0 -map 0:0 -map 0:1 -codec:v:0 libx264 -preset veryfast -crf 23 -maxrate 3732132 -bufsize 7464264 -profile:v:0 high -level 41 -x264opts:0 subme=0:me_range=16:rc_lookahead=10:me=hex:open_gop=0 -force_key_frames:0 "expr:gte(t,n_forced*3)" -sc_threshold:v:0 0 -vf "setparams=color_primaries=bt709:color_trc=bt709:colorspace=bt709,scale=trunc(min(max(iw\,ih*a)\,min(3840\,2160*a))/2)*2:trunc(min(max(iw/a\,ih)\,min(3840/a\,2160))/2)*2,format=yuv420p,subtitles=f='/config/data/data/subtitles/1/1e5d581e-f5af-7abc-3e40-902c99c27f6d.ass':fontsdir='/config/cache/attachments/2c00cd62f5521a25dfe24a4634a5ebd8'" -start_at_zero -codec:a:0 copy -copyts -avoid_negative_ts disabled -max_muxing_queue_size 2048 -f hls -max_delay 5000000 -hls_time 3 -hls_segment_type mpegts -start_number 0 -hls_segment_filename "/config/cache/transcodes/9d3dd8baddbc010cb4ae3fe44f482d9b%d.ts" -hls_playlist_type vod -hls_list_size 0 -y "/config/cache/transcodes/9d3dd8baddbc010cb4ae3fe44f482d9b.m3u8"


ffmpeg version 7.1.1-Jellyfin Copyright (c) 2000-2025 the FFmpeg developers
  built with gcc 13 (Ubuntu 13.3.0-6ubuntu2~24.04)
  configuration: --prefix=/usr/lib/jellyfin-ffmpeg --target-os=linux --extra-version=Jellyfin --disable-doc --disable-ffplay --disable-static --disable-libxcb --disable-sdl2 --disable-xlib --enable-lto=auto --enable-gpl --enable-version3 --enable-shared --enable-gmp --enable-gnutls --enable-chromaprint --enable-opencl --enable-libdrm --enable-libxml2 --enable-libass --enable-libfreetype --enable-libfribidi --enable-libfontconfig --enable-libharfbuzz --enable-libbluray --enable-libmp3lame --enable-libopus --enable-libtheora --enable-libvorbis --enable-libopenmpt --enable-libdav1d --enable-libsvtav1 --enable-libwebp --enable-libvpx --enable-libx264 --enable-libx265 --enable-libzvbi --enable-libzimg --enable-libfdk-aac --arch=amd64 --enable-libshaderc --enable-libplacebo --enable-vulkan --enable-vaapi --enable-amf --enable-libvpl --enable-ffnvcodec --enable-cuda --enable-cuda-llvm --enable-cuvid --enable-nvdec --enable-nvenc
  libavutil      59. 39.100 / 59. 39.100
  libavcodec     61. 19.101 / 61. 19.101
  libavformat    61.  7.100 / 61.  7.100
  libavdevice    61.  3.100 / 61.  3.100
  libavfilter    10.  4.100 / 10.  4.100
  libswscale      8.  3.100 /  8.  3.100
  libswresample   5.  3.100 /  5.  3.100
  libpostproc    58.  3.100 / 58.  3.100
Input #0, matroska,webm, from 'file:/data/serie/Invasion.S01e10.1080p.WEB-DL.DUAL/Invasion.S01e10.1080p.WEB-DL.DUAL.mkv':
  Metadata:
    title           : Invasion.S01E10.First.Day.1080p.ATVP.WEB-DL.DDP5.1.Atmos.H.264-SiGLA
    creation_time   : 2021-12-10T05:35:23.000000Z
    ENCODER         : Lavf58.29.100
  Duration: 00:57:56.29, start: 0.000000, bitrate: 3732 kb/s
  Stream #0:0: Video: h264 (High), yuv420p(tv, bt709, progressive), 1920x960 [SAR 1:1 DAR 2:1], 23.98 fps, 23.98 tbr, 1k tbn (default)
      Metadata:
        DURATION        : 00:57:56.270000000
  Stream #0:1(por): Audio: ac3, 48000 Hz, 5.1(side), fltp, 640 kb/s (default)
      Metadata:
        title           : Brazilian
        DURATION        : 00:57:56.288000000
  Stream #0:2(eng): Audio: ac3, 48000 Hz, 5.1(side), fltp, 640 kb/s
      Metadata:
        title           : English
        DURATION        : 00:57:56.288000000
  Stream #0:3(por): Subtitle: ass (ssa)
      Metadata:
        title           : Brazilian (Forced)
        DURATION        : 00:00:00.000000000
[Parsed_subtitles_3 @ 0x59b4664247c0] libass API version: 0x1704000
[Parsed_subtitles_3 @ 0x59b4664247c0] libass source: commit: 0.17.4-0-gbbb3c7f1570a4a021e52683f3fbdf74fe492ae84
[Parsed_subtitles_3 @ 0x59b4664247c0] Shaper: FriBidi 1.0.16 (SIMPLE) HarfBuzz-ng 10.4.0 (COMPLEX)
[Parsed_subtitles_3 @ 0x59b4664247c0] Using font provider fontconfig
Stream mapping:
  Stream #0:0 -> #0:0 (h264 (native) -> h264 (libx264))
  Stream #0:1 -> #0:1 (copy)
Press [q] to stop, [?] for help
[Parsed_subtitles_3 @ 0x7ae820010dc0] libass API version: 0x1704000
[Parsed_subtitles_3 @ 0x7ae820010dc0] libass source: commit: 0.17.4-0-gbbb3c7f1570a4a021e52683f3fbdf74fe492ae84
[Parsed_subtitles_3 @ 0x7ae820010dc0] Shaper: FriBidi 1.0.16 (SIMPLE) HarfBuzz-ng 10.4.0 (COMPLEX)
[Parsed_subtitles_3 @ 0x7ae820010dc0] Using font provider fontconfig
[libx264 @ 0x59b4663fbec0] using SAR=1/1
[libx264 @ 0x59b4663fbec0] using cpu capabilities: MMX2 SSE2Fast SSSE3 SSE4.2 AVX FMA3 BMI2 AVX2
[libx264 @ 0x59b4663fbec0] profile High, level 4.1, 4:2:0, 8-bit
[libx264 @ 0x59b4663fbec0] 264 - core 164 r3108 31e19f9 - H.264/MPEG-4 AVC codec - Copyleft 2003-2023 - http://www.videolan.org/x264.html - options: cabac=1 ref=1 deblock=1:0:0 analyse=0x3:0x113 me=hex subme=0 psy=1 psy_rd=1.00:0.00 mixed_ref=0 me_range=16 chroma_me=1 trellis=0 8x8dct=1 cqm=0 deadzone=21,11 fast_pskip=1 chroma_qp_offset=0 threads=12 lookahead_threads=2 sliced_threads=0 nr=0 decimate=1 interlaced=0 bluray_compat=0 constrained_intra=0 bframes=3 b_pyramid=2 b_adapt=1 b_bias=0 direct=1 weightb=1 open_gop=0 weightp=1 keyint=250 keyint_min=23 scenecut=0 intra_refresh=0 rc_lookahead=10 rc=crf mbtree=1 crf=23.0 qcomp=0.60 qpmin=0 qpmax=69 qpstep=4 vbv_maxrate=3732 vbv_bufsize=7464 crf_max=0.0 nal_hrd=none filler=0 ip_ratio=1.40 aq=1:1.00
Output #0, hls, to '/config/cache/transcodes/9d3dd8baddbc010cb4ae3fe44f482d9b.m3u8':
  Metadata:
    encoder         : Lavf61.7.100
  Stream #0:0: Video: h264, yuv420p(tv, bt709, progressive), 1920x960 [SAR 1:1 DAR 2:1], q=2-31, 23.98 fps, 90k tbn (default)
      Metadata:
        encoder         : Lavc61.19.101 libx264
      Side data:
        cpb: bitrate max/min/avg: 3732000/0/0 buffer size: 7464000 vbv_delay: N/A
  Stream #0:1: Audio: ac3, 48000 Hz, 5.1(side), fltp, 640 kb/s (default)
[hls @ 0x59b46641e0c0] Opening '/config/cache/transcodes/9d3dd8baddbc010cb4ae3fe44f482d9b0.ts' for writing
frame=   99 fps=0.0 q=28.0 size=N/A time=00:00:00.00 bitrate=N/A dup=1 drop=0 speed=   0x    
[hls @ 0x59b46641e0c0] Opening '/config/cache/transcodes/9d3dd8baddbc010cb4ae3fe44f482d9b1.ts' for writing
[hls @ 0x59b46641e0c0] Opening '/config/cache/transcodes/9d3dd8baddbc010cb4ae3fe44f482d9b2.ts' for writing
frame=  254 fps=254 q=28.0 size=N/A time=00:00:06.46 bitrate=N/A dup=1 drop=0 speed=6.46x    
[hls @ 0x59b46641e0c0] Opening '/config/cache/transcodes/9d3dd8baddbc010cb4ae3fe44f482d9b3.ts' for writing
[hls @ 0x59b46641e0c0] Opening '/config/cache/transcodes/9d3dd8baddbc010cb4ae3fe44f482d9b4.ts' for writing
frame=  409 fps=273 q=28.0 size=N/A time=00:00:12.92 bitrate=N/A dup=1 drop=0 speed=8.62x    
[hls @ 0x59b46641e0c0] Opening '/config/cache/transcodes/9d3dd8baddbc010cb4ae3fe44f482d9b5.ts' for writing
[hls @ 0x59b46641e0c0] Opening '/config/cache/transcodes/9d3dd8baddbc010cb4ae3fe44f482d9b6.ts' for writing
frame=  563 fps=281 q=28.0 size=N/A time=00:00:19.35 bitrate=N/A dup=1 drop=0 speed=9.67x    
[hls @ 0x59b46641e0c0] Opening '/config/cache/transcodes/9d3dd8baddbc010cb4ae3fe44f482d9b7.ts' for writing
[hls @ 0x59b46641e0c0] Opening '/config/cache/transcodes/9d3dd8baddbc010cb4ae3fe44f482d9b8.ts' for writing
frame=  678 fps=271 q=28.0 size=N/A time=00:00:24.14 bitrate=N/A dup=1 drop=0 speed=9.65x    
[hls @ 0x59b46641e0c0] Opening '/config/cache/transcodes/9d3dd8baddbc010cb4ae3fe44f482d9b9.ts' for writing
frame=  764 fps=254 q=28.0 size=N/A time=00:00:27.73 bitrate=N/A dup=1 drop=0 speed=9.24x    
[hls @ 0x59b46641e0c0] Opening '/config/cache/transcodes/9d3dd8baddbc010cb4ae3fe44f482d9b10.ts' for writing
frame=  844 fps=241 q=28.0 size=N/A time=00:00:31.11 bitrate=N/A dup=1 drop=0 speed=8.88x    
[hls @ 0x59b46641e0c0] Opening '/config/cache/transcodes/9d3dd8baddbc010cb4ae3fe44f482d9b11.ts' for writing
frame=  925 fps=231 q=28.0 size=N/A time=00:00:34.45 bitrate=N/A dup=1 drop=0 speed=8.61x    
[hls @ 0x59b46641e0c0] Opening '/config/cache/transcodes/9d3dd8baddbc010cb4ae3fe44f482d9b12.ts' for writing
[hls @ 0x59b46641e0c0] Opening '/config/cache/transcodes/9d3dd8baddbc010cb4ae3fe44f482d9b13.ts' for writing
frame= 1008 fps=224 q=28.0 size=N/A time=00:00:37.91 bitrate=N/A dup=1 drop=0 speed=8.41x    
[hls @ 0x59b46641e0c0] Opening '/config/cache/transcodes/9d3dd8baddbc010cb4ae3fe44f482d9b14.ts' for writing
frame= 1097 fps=219 q=28.0 size=N/A time=00:00:41.62 bitrate=N/A dup=1 drop=0 speed=8.32x    
[hls @ 0x59b46641e0c0] Opening '/config/cache/transcodes/9d3dd8baddbc010cb4ae3fe44f482d9b15.ts' for writing
frame= 1198 fps=218 q=28.0 size=N/A time=00:00:45.83 bitrate=N/A dup=1 drop=0 speed=8.33x    
[hls @ 0x59b46641e0c0] Opening '/config/cache/transcodes/9d3dd8baddbc010cb4ae3fe44f482d9b16.ts' for writing
[hls @ 0x59b46641e0c0] Opening '/config/cache/transcodes/9d3dd8baddbc010cb4ae3fe44f482d9b17.ts' for writing
frame= 1299 fps=216 q=28.0 size=N/A time=00:00:50.05 bitrate=N/A dup=1 drop=0 speed=8.33x    
[hls @ 0x59b46641e0c0] Opening '/config/cache/transcodes/9d3dd8baddbc010cb4ae3fe44f482d9b18.ts' for writing
frame= 1401 fps=215 q=28.0 size=N/A time=00:00:54.30 bitrate=N/A dup=1 drop=0 speed=8.35x    
[hls @ 0x59b46641e0c0] Opening '/config/cache/transcodes/9d3dd8baddbc010cb4ae3fe44f482d9b19.ts' for writing
frame= 1505 fps=215 q=28.0 size=N/A time=00:00:58.64 bitrate=N/A dup=1 drop=0 speed=8.37x    
[hls @ 0x59b46641e0c0] Opening '/config/cache/transcodes/9d3dd8baddbc010cb4ae3fe44f482d9b20.ts' for writing
[hls @ 0x59b46641e0c0] Opening '/config/cache/transcodes/9d3dd8baddbc010cb4ae3fe44f482d9b21.ts' for writing
frame= 1604 fps=214 q=28.0 size=N/A time=00:01:02.77 bitrate=N/A dup=1 drop=0 speed=8.36x    
[hls @ 0x59b46641e0c0] Opening '/config/cache/transcodes/9d3dd8baddbc010cb4ae3fe44f482d9b22.ts' for writing
frame= 1703 fps=213 q=28.0 size=N/A time=00:01:06.90 bitrate=N/A dup=1 drop=0 speed=8.35x    
[hls @ 0x59b46641e0c0] Opening '/config/cache/transcodes/9d3dd8baddbc010cb4ae3fe44f482d9b23.ts' for writing
[hls @ 0x59b46641e0c0] Opening '/config/cache/transcodes/9d3dd8baddbc010cb4ae3fe44f482d9b24.ts' for writing
frame= 1812 fps=213 q=28.0 size=N/A time=00:01:11.44 bitrate=N/A dup=1 drop=0 speed= 8.4x    
[hls @ 0x59b46641e0c0] Opening '/config/cache/transcodes/9d3dd8baddbc010cb4ae3fe44f482d9b25.ts' for writing
frame= 1920 fps=213 q=28.0 size=N/A time=00:01:15.95 bitrate=N/A dup=1 drop=0 speed=8.43x    
[hls @ 0x59b46641e0c0] Opening '/config/cache/transcodes/9d3dd8baddbc010cb4ae3fe44f482d9b26.ts' for writing
[hls @ 0x59b46641e0c0] Opening '/config/cache/transcodes/9d3dd8baddbc010cb4ae3fe44f482d9b27.ts' for writing
frame= 2016 fps=212 q=28.0 size=N/A time=00:01:19.95 bitrate=N/A dup=1 drop=0 speed=8.41x    
[hls @ 0x59b46641e0c0] Opening '/config/cache/transcodes/9d3dd8baddbc010cb4ae3fe44f482d9b28.ts' for writing
frame= 2108 fps=211 q=28.0 size=N/A time=00:01:23.79 bitrate=N/A dup=1 drop=0 speed=8.37x    
[hls @ 0x59b46641e0c0] Opening '/config/cache/transcodes/9d3dd8baddbc010cb4ae3fe44f482d9b29.ts' for writing
frame= 2203 fps=210 q=28.0 size=N/A time=00:01:27.75 bitrate=N/A dup=1 drop=0 speed=8.35x    
[hls @ 0x59b46641e0c0] Opening '/config/cache/transcodes/9d3dd8baddbc010cb4ae3fe44f482d9b30.ts' for writing
frame= 2301 fps=209 q=28.0 size=N/A time=00:01:31.84 bitrate=N/A dup=1 drop=0 speed=8.34x    
[hls @ 0x59b46641e0c0] Opening '/config/cache/transcodes/9d3dd8baddbc010cb4ae3fe44f482d9b31.ts' for writing
[hls @ 0x59b46641e0c0] Opening '/config/cache/transcodes/9d3dd8baddbc010cb4ae3fe44f482d9b32.ts' for writing
frame= 2392 fps=208 q=28.0 size=N/A time=00:01:35.63 bitrate=N/A dup=1 drop=0 speed=8.31x    
[hls @ 0x59b46641e0c0] Opening '/config/cache/transcodes/9d3dd8baddbc010cb4ae3fe44f482d9b33.ts' for writing
frame= 2490 fps=207 q=28.0 size=N/A time=00:01:39.72 bitrate=N/A dup=1 drop=0 speed= 8.3x    
[hls @ 0x59b46641e0c0] Opening '/config/cache/transcodes/9d3dd8baddbc010cb4ae3fe44f482d9b34.ts' for writing
frame= 2580 fps=206 q=25.0 size=N/A time=00:01:43.47 bitrate=N/A dup=1 drop=0 speed=8.27x    
[hls @ 0x59b46641e0c0] Opening '/config/cache/transcodes/9d3dd8baddbc010cb4ae3fe44f482d9b35.ts' for writing
[hls @ 0x59b46641e0c0] Opening '/config/cache/transcodes/9d3dd8baddbc010cb4ae3fe44f482d9b36.ts' for writing
frame= 2667 fps=205 q=28.0 size=N/A time=00:01:47.14 bitrate=N/A dup=1 drop=0 speed=8.23x    
[hls @ 0x59b46641e0c0] Opening '/config/cache/transcodes/9d3dd8baddbc010cb4ae3fe44f482d9b37.ts' for writing
frame= 2752 fps=204 q=28.0 size=N/A time=00:01:50.65 bitrate=N/A dup=1 drop=0 speed=8.19x    
[hls @ 0x59b46641e0c0] Opening '/config/cache/transcodes/9d3dd8baddbc010cb4ae3fe44f482d9b38.ts' for writing
frame= 2840 fps=203 q=28.0 size=N/A time=00:01:54.32 bitrate=N/A dup=1 drop=0 speed=8.16x    
[hls @ 0x59b46641e0c0] Opening '/config/cache/transcodes/9d3dd8baddbc010cb4ae3fe44f482d9b39.ts' for writing
frame= 2934 fps=202 q=28.0 size=N/A time=00:01:58.24 bitrate=N/A dup=1 drop=0 speed=8.15x    
[hls @ 0x59b46641e0c0] Opening '/config/cache/transcodes/9d3dd8baddbc010cb4ae3fe44f482d9b40.ts' for writing
[hls @ 0x59b46641e0c0] Opening '/config/cache/transcodes/9d3dd8baddbc010cb4ae3fe44f482d9b41.ts' for writing
frame= 3028 fps=202 q=28.0 size=N/A time=00:02:02.16 bitrate=N/A dup=1 drop=0 speed=8.14x    
[hls @ 0x59b46641e0c0] Opening '/config/cache/transcodes/9d3dd8baddbc010cb4ae3fe44f482d9b42.ts' for writing
frame= 3139 fps=202 q=28.0 size=N/A time=00:02:06.79 bitrate=N/A dup=1 drop=0 speed=8.17x    
[hls @ 0x59b46641e0c0] Opening '/config/cache/transcodes/9d3dd8baddbc010cb4ae3fe44f482d9b43.ts' for writing
[hls @ 0x59b46641e0c0] Opening '/config/cache/transcodes/9d3dd8baddbc010cb4ae3fe44f482d9b44.ts' for writing
frame= 3245 fps=203 q=28.0 size=N/A time=00:02:11.21 bitrate=N/A dup=1 drop=0 speed=8.19x    
[hls @ 0x59b46641e0c0] Opening '/config/cache/transcodes/9d3dd8baddbc010cb4ae3fe44f482d9b45.ts' for writing
frame= 3332 fps=202 q=28.0 size=N/A time=00:02:14.84 bitrate=N/A dup=1 drop=0 speed=8.17x    
[hls @ 0x59b46641e0c0] Opening '/config/cache/transcodes/9d3dd8baddbc010cb4ae3fe44f482d9b46.ts' for writing
frame= 3417 fps=201 q=28.0 size=N/A time=00:02:18.38 bitrate=N/A dup=1 drop=0 speed=8.13x    
[hls @ 0x59b46641e0c0] Opening '/config/cache/transcodes/9d3dd8baddbc010cb4ae3fe44f482d9b47.ts' for writing
[hls @ 0x59b46641e0c0] Opening '/config/cache/transcodes/9d3dd8baddbc010cb4ae3fe44f482d9b48.ts' for writing
frame= 3554 fps=203 q=28.0 size=N/A time=00:02:24.10 bitrate=N/A dup=1 drop=0 speed=8.23x    
[hls @ 0x59b46641e0c0] Opening '/config/cache/transcodes/9d3dd8baddbc010cb4ae3fe44f482d9b49.ts' for writing
[hls @ 0x59b46641e0c0] Opening '/config/cache/transcodes/9d3dd8baddbc010cb4ae3fe44f482d9b50.ts' for writing
frame= 3673 fps=204 q=28.0 size=N/A time=00:02:29.06 bitrate=N/A dup=1 drop=0 speed=8.27x    
[hls @ 0x59b46641e0c0] Opening '/config/cache/transcodes/9d3dd8baddbc010cb4ae3fe44f482d9b51.ts' for writing
frame= 3807 fps=206 q=28.0 size=N/A time=00:02:34.65 bitrate=N/A dup=1 drop=0 speed=8.35x    
[hls @ 0x59b46641e0c0] Opening '/config/cache/transcodes/9d3dd8baddbc010cb4ae3fe44f482d9b52.ts' for writing
[hls @ 0x59b46641e0c0] Opening '/config/cache/transcodes/9d3dd8baddbc010cb4ae3fe44f482d9b53.ts' for writing
frame= 3921 fps=206 q=28.0 size=N/A time=00:02:39.40 bitrate=N/A dup=1 drop=0 speed=8.38x    
[hls @ 0x59b46641e0c0] Opening '/config/cache/transcodes/9d3dd8baddbc010cb4ae3fe44f482d9b54.ts' for writing
[hls @ 0x59b46641e0c0] Opening '/config/cache/transcodes/9d3dd8baddbc010cb4ae3fe44f482d9b55.ts' for writing
frame= 4038 fps=207 q=28.0 size=N/A time=00:02:44.28 bitrate=N/A dup=1 drop=0 speed=8.42x    
[hls @ 0x59b46641e0c0] Opening '/config/cache/transcodes/9d3dd8baddbc010cb4ae3fe44f482d9b56.ts' for writing
frame= 4168 fps=208 q=28.0 size=N/A time=00:02:49.71 bitrate=N/A dup=1 drop=0 speed=8.48x    
[hls @ 0x59b46641e0c0] Opening '/config/cache/transcodes/9d3dd8baddbc010cb4ae3fe44f482d9b57.ts' for writing
[hls @ 0x59b46641e0c0] Opening '/config/cache/transcodes/9d3dd8baddbc010cb4ae3fe44f482d9b58.ts' for writing
frame= 4289 fps=209 q=28.0 size=N/A time=00:02:54.75 bitrate=N/A dup=1 drop=0 speed=8.52x    
[hls @ 0x59b46641e0c0] Opening '/config/cache/transcodes/9d3dd8baddbc010cb4ae3fe44f482d9b59.ts' for writing
[hls @ 0x59b46641e0c0] Opening '/config/cache/transcodes/9d3dd8baddbc010cb4ae3fe44f482d9b60.ts' for writing
frame= 4404 fps=210 q=28.0 size=N/A time=00:02:59.55 bitrate=N/A dup=1 drop=0 speed=8.54x    
[hls @ 0x59b46641e0c0] Opening '/config/cache/transcodes/9d3dd8baddbc010cb4ae3fe44f482d9b61.ts' for writing
frame= 4519 fps=210 q=28.0 size=N/A time=00:03:04.35 bitrate=N/A dup=1 drop=0 speed=8.57x    
[hls @ 0x59b46641e0c0] Opening '/config/cache/transcodes/9d3dd8baddbc010cb4ae3fe44f482d9b62.ts' for writing
[hls @ 0x59b46641e0c0] Opening '/config/cache/transcodes/9d3dd8baddbc010cb4ae3fe44f482d9b63.ts' for writing
frame= 4625 fps=210 q=28.0 size=N/A time=00:03:08.77 bitrate=N/A dup=1 drop=0 speed=8.57x    
[hls @ 0x59b46641e0c0] Opening '/config/cache/transcodes/9d3dd8baddbc010cb4ae3fe44f482d9b64.ts' for writing
[hls @ 0x59b46641e0c0] Opening '/config/cache/transcodes/9d3dd8baddbc010cb4ae3fe44f482d9b65.ts' for writing
frame= 4753 fps=211 q=28.0 size=N/A time=00:03:14.11 bitrate=N/A dup=1 drop=0 speed=8.62x    
[hls @ 0x59b46641e0c0] Opening '/config/cache/transcodes/9d3dd8baddbc010cb4ae3fe44f482d9b66.ts' for writing
frame= 4881 fps=212 q=28.0 size=N/A time=00:03:19.44 bitrate=N/A dup=1 drop=0 speed=8.66x    
[hls @ 0x59b46641e0c0] Opening '/config/cache/transcodes/9d3dd8baddbc010cb4ae3fe44f482d9b67.ts' for writing
[hls @ 0x59b46641e0c0] Opening '/config/cache/transcodes/9d3dd8baddbc010cb4ae3fe44f482d9b68.ts' for writing
frame= 5033 fps=214 q=28.0 size=N/A time=00:03:25.78 bitrate=N/A dup=1 drop=0 speed=8.75x    
[hls @ 0x59b46641e0c0] Opening '/config/cache/transcodes/9d3dd8baddbc010cb4ae3fe44f482d9b69.ts' for writing
[hls @ 0x59b46641e0c0] Opening '/config/cache/transcodes/9d3dd8baddbc010cb4ae3fe44f482d9b70.ts' for writing
[hls @ 0x59b46641e0c0] Opening '/config/cache/transcodes/9d3dd8baddbc010cb4ae3fe44f482d9b71.ts' for writing
frame= 5180 fps=216 q=28.0 size=N/A time=00:03:31.92 bitrate=N/A dup=1 drop=0 speed=8.82x    
[hls @ 0x59b46641e0c0] Opening '/config/cache/transcodes/9d3dd8baddbc010cb4ae3fe44f482d9b72.ts' for writing
frame= 5259 fps=214 q=28.0 size=N/A time=00:03:35.21 bitrate=N/A dup=1 drop=0 speed=8.78x    
[hls @ 0x59b46641e0c0] Opening '/config/cache/transcodes/9d3dd8baddbc010cb4ae3fe44f482d9b73.ts' for writing
frame= 5381 fps=215 q=28.0 size=N/A time=00:03:40.30 bitrate=N/A dup=1 drop=0 speed= 8.8x    
[hls @ 0x59b46641e0c0] Opening '/config/cache/transcodes/9d3dd8baddbc010cb4ae3fe44f482d9b74.ts' for writing
[hls @ 0x59b46641e0c0] Opening '/config/cache/transcodes/9d3dd8baddbc010cb4ae3fe44f482d9b75.ts' for writing
frame= 5481 fps=215 q=28.0 size=N/A time=00:03:44.47 bitrate=N/A dup=1 drop=0 speed=8.79x    
[hls @ 0x59b46641e0c0] Opening '/config/cache/transcodes/9d3dd8baddbc010cb4ae3fe44f482d9b76.ts' for writing
frame= 5586 fps=215 q=28.0 size=N/A time=00:03:48.85 bitrate=N/A dup=1 drop=0 speed=8.79x    
[hls @ 0x59b46641e0c0] Opening '/config/cache/transcodes/9d3dd8baddbc010cb4ae3fe44f482d9b77.ts' for writing
[hls @ 0x59b46641e0c0] Opening '/config/cache/transcodes/9d3dd8baddbc010cb4ae3fe44f482d9b78.ts' for writing
frame= 5709 fps=215 q=28.0 size=N/A time=00:03:53.98 bitrate=N/A dup=1 drop=0 speed=8.82x    
[hls @ 0x59b46641e0c0] Opening '/config/cache/transcodes/9d3dd8baddbc010cb4ae3fe44f482d9b79.ts' for writing
frame= 5815 fps=215 q=28.0 size=N/A time=00:03:58.40 bitrate=N/A dup=1 drop=0 speed=8.82x    
[hls @ 0x59b46641e0c0] Opening '/config/cache/transcodes/9d3dd8baddbc010cb4ae3fe44f482d9b80.ts' for writing
[hls @ 0x59b46641e0c0] Opening '/config/cache/transcodes/9d3dd8baddbc010cb4ae3fe44f482d9b81.ts' for writing
frame= 5926 fps=215 q=28.0 size=N/A time=00:04:03.03 bitrate=N/A dup=1 drop=0 speed=8.83x    
[hls @ 0x59b46641e0c0] Opening '/config/cache/transcodes/9d3dd8baddbc010cb4ae3fe44f482d9b82.ts' for writing
frame= 6029 fps=215 q=28.0 size=N/A time=00:04:07.33 bitrate=N/A dup=1 drop=0 speed=8.82x    
[hls @ 0x59b46641e0c0] Opening '/config/cache/transcodes/9d3dd8baddbc010cb4ae3fe44f482d9b83.ts' for writing
[hls @ 0x59b46641e0c0] Opening '/config/cache/transcodes/9d3dd8baddbc010cb4ae3fe44f482d9b84.ts' for writing
frame= 6127 fps=215 q=28.0 size=N/A time=00:04:11.41 bitrate=N/A dup=1 drop=0 speed=8.81x    
[hls @ 0x59b46641e0c0] Opening '/config/cache/transcodes/9d3dd8baddbc010cb4ae3fe44f482d9b85.ts' for writing
frame= 6237 fps=215 q=28.0 size=N/A time=00:04:16.00 bitrate=N/A dup=1 drop=0 speed=8.82x    
[hls @ 0x59b46641e0c0] Opening '/config/cache/transcodes/9d3dd8baddbc010cb4ae3fe44f482d9b86.ts' for writing
[hls @ 0x59b46641e0c0] Opening '/config/cache/transcodes/9d3dd8baddbc010cb4ae3fe44f482d9b87.ts' for writing
frame= 6335 fps=215 q=28.0 size=N/A time=00:04:20.09 bitrate=N/A dup=1 drop=0 speed=8.81x    
[hls @ 0x59b46641e0c0] Opening '/config/cache/transcodes/9d3dd8baddbc010cb4ae3fe44f482d9b88.ts' for writing
frame= 6416 fps=214 q=28.0 size=N/A time=00:04:23.47 bitrate=N/A dup=1 drop=0 speed=8.77x    
[hls @ 0x59b46641e0c0] Opening '/config/cache/transcodes/9d3dd8baddbc010cb4ae3fe44f482d9b89.ts' for writing
frame= 6518 fps=214 q=28.0 size=N/A time=00:04:27.72 bitrate=N/A dup=1 drop=0 speed=8.77x    
[hls @ 0x59b46641e0c0] Opening '/config/cache/transcodes/9d3dd8baddbc010cb4ae3fe44f482d9b90.ts' for writing
[hls @ 0x59b46641e0c0] Opening '/config/cache/transcodes/9d3dd8baddbc010cb4ae3fe44f482d9b91.ts' for writing
frame= 6628 fps=214 q=28.0 size=N/A time=00:04:32.31 bitrate=N/A dup=1 drop=0 speed=8.78x    
[hls @ 0x59b46641e0c0] Opening '/config/cache/transcodes/9d3dd8baddbc010cb4ae3fe44f482d9b92.ts' for writing
frame= 6752 fps=214 q=25.0 size=N/A time=00:04:37.48 bitrate=N/A dup=1 drop=0 speed= 8.8x    
[hls @ 0x59b46641e0c0] Opening '/config/cache/transcodes/9d3dd8baddbc010cb4ae3fe44f482d9b93.ts' for writing
[hls @ 0x59b46641e0c0] Opening '/config/cache/transcodes/9d3dd8baddbc010cb4ae3fe44f482d9b94.ts' for writing
frame= 6881 fps=215 q=28.0 size=N/A time=00:04:42.90 bitrate=N/A dup=2 drop=0 speed=8.83x    
[hls @ 0x59b46641e0c0] Opening '/config/cache/transcodes/9d3dd8baddbc010cb4ae3fe44f482d9b95.ts' for writing
[hls @ 0x59b46641e0c0] Opening '/config/cache/transcodes/9d3dd8baddbc010cb4ae3fe44f482d9b96.ts' for writing
frame= 7000 fps=215 q=28.0 size=N/A time=00:04:47.82 bitrate=N/A dup=2 drop=0 speed=8.85x    
[hls @ 0x59b46641e0c0] Opening '/config/cache/transcodes/9d3dd8baddbc010cb4ae3fe44f482d9b97.ts' for writing
frame= 7119 fps=216 q=28.0 size=N/A time=00:04:52.79 bitrate=N/A dup=2 drop=0 speed=8.86x    
[hls @ 0x59b46641e0c0] Opening '/config/cache/transcodes/9d3dd8baddbc010cb4ae3fe44f482d9b98.ts' for writing
[hls @ 0x59b46641e0c0] Opening '/config/cache/transcodes/9d3dd8baddbc010cb4ae3fe44f482d9b99.ts' for writing
frame= 7252 fps=216 q=28.0 size=N/A time=00:04:58.33 bitrate=N/A dup=2 drop=0 speed= 8.9x    
[hls @ 0x59b46641e0c0] Opening '/config/cache/transcodes/9d3dd8baddbc010cb4ae3fe44f482d9b100.ts' for writing
[hls @ 0x59b46641e0c0] Opening '/config/cache/transcodes/9d3dd8baddbc010cb4ae3fe44f482d9b101.ts' for writing
frame= 7381 fps=217 q=28.0 size=N/A time=00:05:03.72 bitrate=N/A dup=2 drop=0 speed=8.92x    
[hls @ 0x59b46641e0c0] Opening '/config/cache/transcodes/9d3dd8baddbc010cb4ae3fe44f482d9b102.ts' for writing
[hls @ 0x59b46641e0c0] Opening '/config/cache/transcodes/9d3dd8baddbc010cb4ae3fe44f482d9b103.ts' for writing
frame= 7511 fps=218 q=28.0 size=N/A time=00:05:09.14 bitrate=N/A dup=2 drop=0 speed=8.95x    
[hls @ 0x59b46641e0c0] Opening '/config/cache/transcodes/9d3dd8baddbc010cb4ae3fe44f482d9b104.ts' for writing
frame= 7619 fps=217 q=28.0 size=N/A time=00:05:13.64 bitrate=N/A dup=2 drop=0 speed=8.95x    
[hls @ 0x59b46641e0c0] Opening '/config/cache/transcodes/9d3dd8baddbc010cb4ae3fe44f482d9b105.ts' for writing
[hls @ 0x59b46641e0c0] Opening '/config/cache/transcodes/9d3dd8baddbc010cb4ae3fe44f482d9b106.ts' for writing
frame= 7720 fps=217 q=28.0 size=N/A time=00:05:17.85 bitrate=N/A dup=2 drop=0 speed=8.95x    
[hls @ 0x59b46641e0c0] Opening '/config/cache/transcodes/9d3dd8baddbc010cb4ae3fe44f482d9b107.ts' for writing
frame= 7808 fps=217 q=28.0 size=N/A time=00:05:21.52 bitrate=N/A dup=2 drop=0 speed=8.92x    
[hls @ 0x59b46641e0c0] Opening '/config/cache/transcodes/9d3dd8baddbc010cb4ae3fe44f482d9b108.ts' for writing
frame= 7897 fps=216 q=28.0 size=N/A time=00:05:25.24 bitrate=N/A dup=2 drop=0 speed= 8.9x    
[hls @ 0x59b46641e0c0] Opening '/config/cache/transcodes/9d3dd8baddbc010cb4ae3fe44f482d9b109.ts' for writing
[hls @ 0x59b46641e0c0] Opening '/config/cache/transcodes/9d3dd8baddbc010cb4ae3fe44f482d9b110.ts' for writing
frame= 8001 fps=216 q=28.0 size=N/A time=00:05:29.57 bitrate=N/A dup=2 drop=0 speed= 8.9x    
[hls @ 0x59b46641e0c0] Opening '/config/cache/transcodes/9d3dd8baddbc010cb4ae3fe44f482d9b111.ts' for writing
frame= 8101 fps=216 q=28.0 size=N/A time=00:05:33.75 bitrate=N/A dup=2 drop=0 speed=8.89x    
[hls @ 0x59b46641e0c0] Opening '/config/cache/transcodes/9d3dd8baddbc010cb4ae3fe44f482d9b112.ts' for writing
[hls @ 0x59b46641e0c0] Opening '/config/cache/transcodes/9d3dd8baddbc010cb4ae3fe44f482d9b113.ts' for writing
frame= 8206 fps=216 q=28.0 size=N/A time=00:05:38.12 bitrate=N/A dup=2 drop=0 speed=8.89x    
[hls @ 0x59b46641e0c0] Opening '/config/cache/transcodes/9d3dd8baddbc010cb4ae3fe44f482d9b114.ts' for writing
frame= 8314 fps=216 q=28.0 size=N/A time=00:05:42.63 bitrate=N/A dup=2 drop=0 speed=8.89x    
[hls @ 0x59b46641e0c0] Opening '/config/cache/transcodes/9d3dd8baddbc010cb4ae3fe44f482d9b115.ts' for writing
[hls @ 0x59b46641e0c0] Opening '/config/cache/transcodes/9d3dd8baddbc010cb4ae3fe44f482d9b116.ts' for writing
frame= 8425 fps=216 q=28.0 size=N/A time=00:05:47.26 bitrate=N/A dup=2 drop=0 speed= 8.9x    
[hls @ 0x59b46641e0c0] Opening '/config/cache/transcodes/9d3dd8baddbc010cb4ae3fe44f482d9b117.ts' for writing
frame= 8528 fps=216 q=28.0 size=N/A time=00:05:51.55 bitrate=N/A dup=2 drop=0 speed=8.89x    
[hls @ 0x59b46641e0c0] Opening '/config/cache/transcodes/9d3dd8baddbc010cb4ae3fe44f482d9b118.ts' for writing
frame= 8619 fps=215 q=28.0 size=N/A time=00:05:55.39 bitrate=N/A dup=2 drop=0 speed=8.88x    
[hls @ 0x59b46641e0c0] Opening '/config/cache/transcodes/9d3dd8baddbc010cb4ae3fe44f482d9b119.ts' for writing
[hls @ 0x59b46641e0c0] Opening '/config/cache/transcodes/9d3dd8baddbc010cb4ae3fe44f482d9b120.ts' for writing
frame= 8716 fps=215 q=28.0 size=N/A time=00:05:59.40 bitrate=N/A dup=2 drop=0 speed=8.87x    
[hls @ 0x59b46641e0c0] Opening '/config/cache/transcodes/9d3dd8baddbc010cb4ae3fe44f482d9b121.ts' for writing
frame= 8822 fps=215 q=28.0 size=N/A time=00:06:03.82 bitrate=N/A dup=2 drop=0 speed=8.87x    
[hls @ 0x59b46641e0c0] Opening '/config/cache/transcodes/9d3dd8baddbc010cb4ae3fe44f482d9b122.ts' for writing
[hls @ 0x59b46641e0c0] Opening '/config/cache/transcodes/9d3dd8baddbc010cb4ae3fe44f482d9b123.ts' for writing
frame= 8930 fps=215 q=28.0 size=N/A time=00:06:08.32 bitrate=N/A dup=2 drop=0 speed=8.87x    
[hls @ 0x59b46641e0c0] Opening '/config/cache/transcodes/9d3dd8baddbc010cb4ae3fe44f482d9b124.ts' for writing
frame= 9044 fps=215 q=28.0 size=N/A time=00:06:13.08 bitrate=N/A dup=2 drop=0 speed=8.87x    
[hls @ 0x59b46641e0c0] Opening '/config/cache/transcodes/9d3dd8baddbc010cb4ae3fe44f482d9b125.ts' for writing
[hls @ 0x59b46641e0c0] Opening '/config/cache/transcodes/9d3dd8baddbc010cb4ae3fe44f482d9b126.ts' for writing
frame= 9146 fps=215 q=28.0 size=N/A time=00:06:17.33 bitrate=N/A dup=2 drop=0 speed=8.87x    
[hls @ 0x59b46641e0c0] Opening '/config/cache/transcodes/9d3dd8baddbc010cb4ae3fe44f482d9b127.ts' for writing
frame= 9253 fps=215 q=28.0 size=N/A time=00:06:21.79 bitrate=N/A dup=2 drop=0 speed=8.87x    
[hls @ 0x59b46641e0c0] Opening '/config/cache/transcodes/9d3dd8baddbc010cb4ae3fe44f482d9b128.ts' for writing
[hls @ 0x59b46641e0c0] Opening '/config/cache/transcodes/9d3dd8baddbc010cb4ae3fe44f482d9b129.ts' for writing
frame= 9365 fps=215 q=28.0 size=N/A time=00:06:26.46 bitrate=N/A dup=2 drop=0 speed=8.88x    
[hls @ 0x59b46641e0c0] Opening '/config/cache/transcodes/9d3dd8baddbc010cb4ae3fe44f482d9b130.ts' for writing
[hls @ 0x59b46641e0c0] Opening '/config/cache/transcodes/9d3dd8baddbc010cb4ae3fe44f482d9b131.ts' for writing
frame= 9508 fps=216 q=28.0 size=N/A time=00:06:32.43 bitrate=N/A dup=2 drop=0 speed=8.91x    
[hls @ 0x59b46641e0c0] Opening '/config/cache/transcodes/9d3dd8baddbc010cb4ae3fe44f482d9b132.ts' for writing
[hls @ 0x59b46641e0c0] Opening '/config/cache/transcodes/9d3dd8baddbc010cb4ae3fe44f482d9b133.ts' for writing
frame= 9661 fps=217 q=28.0 size=N/A time=00:06:38.81 bitrate=N/A dup=2 drop=0 speed=8.95x    
[hls @ 0x59b46641e0c0] Opening '/config/cache/transcodes/9d3dd8baddbc010cb4ae3fe44f482d9b134.ts' for writing
frame= 9777 fps=217 q=28.0 size=N/A time=00:06:43.65 bitrate=N/A dup=2 drop=0 speed=8.96x    
[hls @ 0x59b46641e0c0] Opening '/config/cache/transcodes/9d3dd8baddbc010cb4ae3fe44f482d9b135.ts' for writing
[hls @ 0x59b46641e0c0] Opening '/config/cache/transcodes/9d3dd8baddbc010cb4ae3fe44f482d9b136.ts' for writing
frame= 9916 fps=218 q=28.0 size=N/A time=00:06:49.45 bitrate=N/A dup=2 drop=0 speed=8.99x    
[hls @ 0x59b46641e0c0] Opening '/config/cache/transcodes/9d3dd8baddbc010cb4ae3fe44f482d9b137.ts' for writing
[hls @ 0x59b46641e0c0] Opening '/config/cache/transcodes/9d3dd8baddbc010cb4ae3fe44f482d9b138.ts' for writing
frame=10062 fps=219 q=28.0 size=N/A time=00:06:55.54 bitrate=N/A dup=2 drop=0 speed=9.03x    
[hls @ 0x59b46641e0c0] Opening '/config/cache/transcodes/9d3dd8baddbc010cb4ae3fe44f482d9b139.ts' for writing
[hls @ 0x59b46641e0c0] Opening '/config/cache/transcodes/9d3dd8baddbc010cb4ae3fe44f482d9b140.ts' for writing
frame=10204 fps=219 q=25.0 size=N/A time=00:07:01.46 bitrate=N/A dup=2 drop=0 speed=9.06x    
[hls @ 0x59b46641e0c0] Opening '/config/cache/transcodes/9d3dd8baddbc010cb4ae3fe44f482d9b141.ts' for writing
[hls @ 0x59b46641e0c0] Opening '/config/cache/transcodes/9d3dd8baddbc010cb4ae3fe44f482d9b142.ts' for writing
frame=10343 fps=220 q=28.0 size=N/A time=00:07:07.26 bitrate=N/A dup=2 drop=0 speed=9.08x    
[hls @ 0x59b46641e0c0] Opening '/config/cache/transcodes/9d3dd8baddbc010cb4ae3fe44f482d9b143.ts' for writing
[hls @ 0x59b46641e0c0] Opening '/config/cache/transcodes/9d3dd8baddbc010cb4ae3fe44f482d9b144.ts' for writing
frame=10464 fps=220 q=28.0 size=N/A time=00:07:12.30 bitrate=N/A dup=2 drop=0 speed=9.09x    
[hls @ 0x59b46641e0c0] Opening '/config/cache/transcodes/9d3dd8baddbc010cb4ae3fe44f482d9b145.ts' for writing
[hls @ 0x59b46641e0c0] Opening '/config/cache/transcodes/9d3dd8baddbc010cb4ae3fe44f482d9b146.ts' for writing
frame=10592 fps=220 q=28.0 size=N/A time=00:07:17.64 bitrate=N/A dup=2 drop=0 speed=9.11x    
[hls @ 0x59b46641e0c0] Opening '/config/cache/transcodes/9d3dd8baddbc010cb4ae3fe44f482d9b147.ts' for writing
[hls @ 0x59b46641e0c0] Opening '/config/cache/transcodes/9d3dd8baddbc010cb4ae3fe44f482d9b148.ts' for writing
frame=10728 fps=221 q=28.0 size=N/A time=00:07:23.31 bitrate=N/A dup=2 drop=0 speed=9.13x    
[hls @ 0x59b46641e0c0] Opening '/config/cache/transcodes/9d3dd8baddbc010cb4ae3fe44f482d9b149.ts' for writing
[hls @ 0x59b46641e0c0] Opening '/config/cache/transcodes/9d3dd8baddbc010cb4ae3fe44f482d9b150.ts' for writing
frame=10874 fps=222 q=28.0 size=N/A time=00:07:29.40 bitrate=N/A dup=2 drop=0 speed=9.16x    
[hls @ 0x59b46641e0c0] Opening '/config/cache/transcodes/9d3dd8baddbc010cb4ae3fe44f482d9b151.ts' for writing
[hls @ 0x59b46641e0c0] Opening '/config/cache/transcodes/9d3dd8baddbc010cb4ae3fe44f482d9b152.ts' for writing
frame=11023 fps=222 q=28.0 size=N/A time=00:07:35.62 bitrate=N/A dup=2 drop=0 speed= 9.2x    
[hls @ 0x59b46641e0c0] Opening '/config/cache/transcodes/9d3dd8baddbc010cb4ae3fe44f482d9b153.ts' for writing
[hls @ 0x59b46641e0c0] Opening '/config/cache/transcodes/9d3dd8baddbc010cb4ae3fe44f482d9b154.ts' for writing
frame=11164 fps=223 q=28.0 size=N/A time=00:07:41.50 bitrate=N/A dup=2 drop=0 speed=9.22x    
[hls @ 0x59b46641e0c0] Opening '/config/cache/transcodes/9d3dd8baddbc010cb4ae3fe44f482d9b155.ts' for writing
[hls @ 0x59b46641e0c0] Opening '/config/cache/transcodes/9d3dd8baddbc010cb4ae3fe44f482d9b156.ts' for writing
frame=11307 fps=224 q=28.0 size=N/A time=00:07:47.46 bitrate=N/A dup=2 drop=0 speed=9.25x    
[hls @ 0x59b46641e0c0] Opening '/config/cache/transcodes/9d3dd8baddbc010cb4ae3fe44f482d9b157.ts' for writing
[hls @ 0x59b46641e0c0] Opening '/config/cache/transcodes/9d3dd8baddbc010cb4ae3fe44f482d9b158.ts' for writing
frame=11451 fps=224 q=28.0 size=N/A time=00:07:53.47 bitrate=N/A dup=2 drop=0 speed=9.28x    
[hls @ 0x59b46641e0c0] Opening '/config/cache/transcodes/9d3dd8baddbc010cb4ae3fe44f482d9b159.ts' for writing
[hls @ 0x59b46641e0c0] Opening '/config/cache/transcodes/9d3dd8baddbc010cb4ae3fe44f482d9b160.ts' for writing
frame=11593 fps=225 q=28.0 size=N/A time=00:07:59.39 bitrate=N/A dup=2 drop=0 speed= 9.3x    
[hls @ 0x59b46641e0c0] Opening '/config/cache/transcodes/9d3dd8baddbc010cb4ae3fe44f482d9b161.ts' for writing
[hls @ 0x59b46641e0c0] Opening '/config/cache/transcodes/9d3dd8baddbc010cb4ae3fe44f482d9b162.ts' for writing
frame=11731 fps=225 q=28.0 size=N/A time=00:08:05.15 bitrate=N/A dup=2 drop=0 speed=9.32x    
[hls @ 0x59b46641e0c0] Opening '/config/cache/transcodes/9d3dd8baddbc010cb4ae3fe44f482d9b163.ts' for writing
frame=11856 fps=226 q=28.0 size=N/A time=00:08:10.36 bitrate=N/A dup=2 drop=0 speed=9.33x    
[hls @ 0x59b46641e0c0] Opening '/config/cache/transcodes/9d3dd8baddbc010cb4ae3fe44f482d9b164.ts' for writing
[hls @ 0x59b46641e0c0] Opening '/config/cache/transcodes/9d3dd8baddbc010cb4ae3fe44f482d9b165.ts' for writing
frame=11999 fps=226 q=28.0 size=N/A time=00:08:16.32 bitrate=N/A dup=2 drop=0 speed=9.36x    
[hls @ 0x59b46641e0c0] Opening '/config/cache/transcodes/9d3dd8baddbc010cb4ae3fe44f482d9b166.ts' for writing
[hls @ 0x59b46641e0c0] Opening '/config/cache/transcodes/9d3dd8baddbc010cb4ae3fe44f482d9b167.ts' for writing
frame=12131 fps=227 q=28.0 size=N/A time=00:08:21.83 bitrate=N/A dup=2 drop=0 speed=9.37x    
[hls @ 0x59b46641e0c0] Opening '/config/cache/transcodes/9d3dd8baddbc010cb4ae3fe44f482d9b168.ts' for writing
[hls @ 0x59b46641e0c0] Opening '/config/cache/transcodes/9d3dd8baddbc010cb4ae3fe44f482d9b169.ts' for writing
frame=12272 fps=227 q=28.0 size=N/A time=00:08:27.71 bitrate=N/A dup=2 drop=0 speed=9.39x    
[hls @ 0x59b46641e0c0] Opening '/config/cache/transcodes/9d3dd8baddbc010cb4ae3fe44f482d9b170.ts' for writing
[hls @ 0x59b46641e0c0] Opening '/config/cache/transcodes/9d3dd8baddbc010cb4ae3fe44f482d9b171.ts' for writing
frame=12418 fps=228 q=28.0 size=N/A time=00:08:33.80 bitrate=N/A dup=2 drop=0 speed=9.42x    
[hls @ 0x59b46641e0c0] Opening '/config/cache/transcodes/9d3dd8baddbc010cb4ae3fe44f482d9b172.ts' for writing
[hls @ 0x59b46641e0c0] Opening '/config/cache/transcodes/9d3dd8baddbc010cb4ae3fe44f482d9b173.ts' for writing
frame=12568 fps=228 q=28.0 size=N/A time=00:08:40.06 bitrate=N/A dup=2 drop=0 speed=9.45x    
[hls @ 0x59b46641e0c0] Opening '/config/cache/transcodes/9d3dd8baddbc010cb4ae3fe44f482d9b174.ts' for writing
[hls @ 0x59b46641e0c0] Opening '/config/cache/transcodes/9d3dd8baddbc010cb4ae3fe44f482d9b175.ts' for writing
frame=12710 fps=229 q=28.0 size=N/A time=00:08:45.98 bitrate=N/A dup=2 drop=0 speed=9.47x    
[hls @ 0x59b46641e0c0] Opening '/config/cache/transcodes/9d3dd8baddbc010cb4ae3fe44f482d9b176.ts' for writing
[hls @ 0x59b46641e0c0] Opening '/config/cache/transcodes/9d3dd8baddbc010cb4ae3fe44f482d9b177.ts' for writing
frame=12830 fps=229 q=28.0 size=N/A time=00:08:50.98 bitrate=N/A dup=2 drop=0 speed=9.47x    
[hls @ 0x59b46641e0c0] Opening '/config/cache/transcodes/9d3dd8baddbc010cb4ae3fe44f482d9b178.ts' for writing
frame=12945 fps=229 q=28.0 size=N/A time=00:08:55.78 bitrate=N/A dup=2 drop=0 speed=9.47x    
[hls @ 0x59b46641e0c0] Opening '/config/cache/transcodes/9d3dd8baddbc010cb4ae3fe44f482d9b179.ts' for writing
[hls @ 0x59b46641e0c0] Opening '/config/cache/transcodes/9d3dd8baddbc010cb4ae3fe44f482d9b180.ts' for writing
frame=13048 fps=229 q=28.0 size=N/A time=00:09:00.12 bitrate=N/A dup=2 drop=0 speed=9.47x    
[hls @ 0x59b46641e0c0] Opening '/config/cache/transcodes/9d3dd8baddbc010cb4ae3fe44f482d9b181.ts' for writing
[hls @ 0x59b46641e0c0] Opening '/config/cache/transcodes/9d3dd8baddbc010cb4ae3fe44f482d9b182.ts' for writing
frame=13173 fps=229 q=28.0 size=N/A time=00:09:05.29 bitrate=N/A dup=2 drop=0 speed=9.48x    
[hls @ 0x59b46641e0c0] Opening '/config/cache/transcodes/9d3dd8baddbc010cb4ae3fe44f482d9b183.ts' for writing
[hls @ 0x59b46641e0c0] Opening '/config/cache/transcodes/9d3dd8baddbc010cb4ae3fe44f482d9b184.ts' for writing
frame=13312 fps=229 q=28.0 size=N/A time=00:09:11.13 bitrate=N/A dup=2 drop=0 speed=9.49x    
[hls @ 0x59b46641e0c0] Opening '/config/cache/transcodes/9d3dd8baddbc010cb4ae3fe44f482d9b185.ts' for writing
frame=13446 fps=230 q=28.0 size=N/A time=00:09:16.68 bitrate=N/A dup=2 drop=0 speed=9.51x    
[hls @ 0x59b46641e0c0] Opening '/config/cache/transcodes/9d3dd8baddbc010cb4ae3fe44f482d9b186.ts' for writing
[hls @ 0x59b46641e0c0] Opening '/config/cache/transcodes/9d3dd8baddbc010cb4ae3fe44f482d9b187.ts' for writing
frame=13570 fps=230 q=28.0 size=N/A time=00:09:21.85 bitrate=N/A dup=2 drop=0 speed=9.51x    
[hls @ 0x59b46641e0c0] Opening '/config/cache/transcodes/9d3dd8baddbc010cb4ae3fe44f482d9b188.ts' for writing
[hls @ 0x59b46641e0c0] Opening '/config/cache/transcodes/9d3dd8baddbc010cb4ae3fe44f482d9b189.ts' for writing
frame=13712 fps=230 q=28.0 size=N/A time=00:09:27.77 bitrate=N/A dup=2 drop=0 speed=9.53x    
[hls @ 0x59b46641e0c0] Opening '/config/cache/transcodes/9d3dd8baddbc010cb4ae3fe44f482d9b190.ts' for writing
[hls @ 0x59b46641e0c0] Opening '/config/cache/transcodes/9d3dd8baddbc010cb4ae3fe44f482d9b191.ts' for writing
frame=13821 fps=230 q=28.0 size=N/A time=00:09:32.32 bitrate=N/A dup=2 drop=0 speed=9.53x    
[hls @ 0x59b46641e0c0] Opening '/config/cache/transcodes/9d3dd8baddbc010cb4ae3fe44f482d9b192.ts' for writing
frame=13901 fps=230 q=28.0 size=N/A time=00:09:35.65 bitrate=N/A dup=2 drop=0 speed=9.51x    
[hls @ 0x59b46641e0c0] Opening '/config/cache/transcodes/9d3dd8baddbc010cb4ae3fe44f482d9b193.ts' for writing
frame=13985 fps=229 q=28.0 size=N/A time=00:09:39.16 bitrate=N/A dup=2 drop=0 speed=9.49x    
[hls @ 0x59b46641e0c0] Opening '/config/cache/transcodes/9d3dd8baddbc010cb4ae3fe44f482d9b194.ts' for writing
frame=14077 fps=229 q=28.0 size=N/A time=00:09:43.04 bitrate=N/A dup=2 drop=0 speed=9.47x    
[hls @ 0x59b46641e0c0] Opening '/config/cache/transcodes/9d3dd8baddbc010cb4ae3fe44f482d9b195.ts' for writing
frame=14164 fps=228 q=28.0 size=N/A time=00:09:46.62 bitrate=N/A dup=2 drop=0 speed=9.45x    
[hls @ 0x59b46641e0c0] Opening '/config/cache/transcodes/9d3dd8baddbc010cb4ae3fe44f482d9b196.ts' for writing
[hls @ 0x59b46641e0c0] Opening '/config/cache/transcodes/9d3dd8baddbc010cb4ae3fe44f482d9b197.ts' for writing
frame=14298 fps=229 q=28.0 size=N/A time=00:09:52.21 bitrate=N/A dup=2 drop=0 speed=9.47x    
[hls @ 0x59b46641e0c0] Opening '/config/cache/transcodes/9d3dd8baddbc010cb4ae3fe44f482d9b198.ts' for writing
[hls @ 0x59b46641e0c0] Opening '/config/cache/transcodes/9d3dd8baddbc010cb4ae3fe44f482d9b199.ts' for writing
frame=14420 fps=229 q=28.0 size=N/A time=00:09:57.30 bitrate=N/A dup=2 drop=0 speed=9.47x    
[hls @ 0x59b46641e0c0] Opening '/config/cache/transcodes/9d3dd8baddbc010cb4ae3fe44f482d9b200.ts' for writing
frame=14516 fps=228 q=28.0 size=N/A time=00:10:01.30 bitrate=N/A dup=2 drop=0 speed=9.46x    
[hls @ 0x59b46641e0c0] Opening '/config/cache/transcodes/9d3dd8baddbc010cb4ae3fe44f482d9b201.ts' for writing
[hls @ 0x59b46641e0c0] Opening '/config/cache/transcodes/9d3dd8baddbc010cb4ae3fe44f482d9b202.ts' for writing
frame=14604 fps=228 q=28.0 size=N/A time=00:10:04.97 bitrate=N/A dup=2 drop=0 speed=9.44x    
[hls @ 0x59b46641e0c0] Opening '/config/cache/transcodes/9d3dd8baddbc010cb4ae3fe44f482d9b203.ts' for writing
frame=14696 fps=228 q=28.0 size=N/A time=00:10:08.81 bitrate=N/A dup=2 drop=0 speed=9.43x    
[hls @ 0x59b46641e0c0] Opening '/config/cache/transcodes/9d3dd8baddbc010cb4ae3fe44f482d9b204.ts' for writing
frame=14791 fps=227 q=28.0 size=N/A time=00:10:12.77 bitrate=N/A dup=2 drop=0 speed=9.42x    
[hls @ 0x59b46641e0c0] Opening '/config/cache/transcodes/9d3dd8baddbc010cb4ae3fe44f482d9b205.ts' for writing
[hls @ 0x59b46641e0c0] Opening '/config/cache/transcodes/9d3dd8baddbc010cb4ae3fe44f482d9b206.ts' for writing
frame=14903 fps=227 q=28.0 size=N/A time=00:10:17.45 bitrate=N/A dup=2 drop=0 speed=9.42x    
[hls @ 0x59b46641e0c0] Opening '/config/cache/transcodes/9d3dd8baddbc010cb4ae3fe44f482d9b207.ts' for writing
frame=15016 fps=227 q=28.0 size=N/A time=00:10:22.16 bitrate=N/A dup=2 drop=0 speed=9.42x    
[hls @ 0x59b46641e0c0] Opening '/config/cache/transcodes/9d3dd8baddbc010cb4ae3fe44f482d9b208.ts' for writing
[hls @ 0x59b46641e0c0] Opening '/config/cache/transcodes/9d3dd8baddbc010cb4ae3fe44f482d9b209.ts' for writing
frame=15139 fps=227 q=28.0 size=N/A time=00:10:27.29 bitrate=N/A dup=2 drop=0 speed=9.42x    
[hls @ 0x59b46641e0c0] Opening '/config/cache/transcodes/9d3dd8baddbc010cb4ae3fe44f482d9b210.ts' for writing
[hls @ 0x59b46641e0c0] Opening '/config/cache/transcodes/9d3dd8baddbc010cb4ae3fe44f482d9b211.ts' for writing
frame=15251 fps=227 q=28.0 size=N/A time=00:10:31.96 bitrate=N/A dup=2 drop=0 speed=9.42x    
[hls @ 0x59b46641e0c0] Opening '/config/cache/transcodes/9d3dd8baddbc010cb4ae3fe44f482d9b212.ts' for writing
frame=15366 fps=227 q=28.0 size=N/A time=00:10:36.76 bitrate=N/A dup=2 drop=0 speed=9.42x    
[hls @ 0x59b46641e0c0] Opening '/config/cache/transcodes/9d3dd8baddbc010cb4ae3fe44f482d9b213.ts' for writing
[hls @ 0x59b46641e0c0] Opening '/config/cache/transcodes/9d3dd8baddbc010cb4ae3fe44f482d9b214.ts' for writing
frame=15471 fps=227 q=28.0 size=N/A time=00:10:41.14 bitrate=N/A dup=2 drop=0 speed=9.42x    
[hls @ 0x59b46641e0c0] Opening '/config/cache/transcodes/9d3dd8baddbc010cb4ae3fe44f482d9b215.ts' for writing
frame=15600 fps=228 q=28.0 size=N/A time=00:10:46.52 bitrate=N/A dup=2 drop=0 speed=9.43x    
[hls @ 0x59b46641e0c0] Opening '/config/cache/transcodes/9d3dd8baddbc010cb4ae3fe44f482d9b216.ts' for writing
[hls @ 0x59b46641e0c0] Opening '/config/cache/transcodes/9d3dd8baddbc010cb4ae3fe44f482d9b217.ts' for writing
frame=15711 fps=227 q=28.0 size=N/A time=00:10:51.15 bitrate=N/A dup=2 drop=0 speed=9.43x    
[hls @ 0x59b46641e0c0] Opening '/config/cache/transcodes/9d3dd8baddbc010cb4ae3fe44f482d9b218.ts' for writing
frame=15814 fps=227 q=28.0 size=N/A time=00:10:55.44 bitrate=N/A dup=2 drop=0 speed=9.42x    
[hls @ 0x59b46641e0c0] Opening '/config/cache/transcodes/9d3dd8baddbc010cb4ae3fe44f482d9b219.ts' for writing
[hls @ 0x59b46641e0c0] Opening '/config/cache/transcodes/9d3dd8baddbc010cb4ae3fe44f482d9b220.ts' for writing
frame=15939 fps=227 q=28.0 size=N/A time=00:11:00.66 bitrate=N/A dup=2 drop=0 speed=9.43x    
[hls @ 0x59b46641e0c0] Opening '/config/cache/transcodes/9d3dd8baddbc010cb4ae3fe44f482d9b221.ts' for writing
[hls @ 0x59b46641e0c0] Opening '/config/cache/transcodes/9d3dd8baddbc010cb4ae3fe44f482d9b222.ts' for writing
frame=16062 fps=228 q=28.0 size=N/A time=00:11:05.79 bitrate=N/A dup=2 drop=0 speed=9.44x    
[hls @ 0x59b46641e0c0] Opening '/config/cache/transcodes/9d3dd8baddbc010cb4ae3fe44f482d9b223.ts' for writing
frame=16181 fps=228 q=28.0 size=N/A time=00:11:10.75 bitrate=N/A dup=2 drop=0 speed=9.44x    
[hls @ 0x59b46641e0c0] Opening '/config/cache/transcodes/9d3dd8baddbc010cb4ae3fe44f482d9b224.ts' for writing
[hls @ 0x59b46641e0c0] Opening '/config/cache/transcodes/9d3dd8baddbc010cb4ae3fe44f482d9b225.ts' for writing
frame=16285 fps=228 q=28.0 size=N/A time=00:11:15.09 bitrate=N/A dup=2 drop=0 speed=9.43x    
[hls @ 0x59b46641e0c0] Opening '/config/cache/transcodes/9d3dd8baddbc010cb4ae3fe44f482d9b226.ts' for writing
frame=16387 fps=227 q=28.0 size=N/A time=00:11:19.34 bitrate=N/A dup=2 drop=0 speed=9.43x    
[hls @ 0x59b46641e0c0] Opening '/config/cache/transcodes/9d3dd8baddbc010cb4ae3fe44f482d9b227.ts' for writing
[hls @ 0x59b46641e0c0] Opening '/config/cache/transcodes/9d3dd8baddbc010cb4ae3fe44f482d9b228.ts' for writing
frame=16498 fps=227 q=28.0 size=N/A time=00:11:23.97 bitrate=N/A dup=2 drop=0 speed=9.43x    
[hls @ 0x59b46641e0c0] Opening '/config/cache/transcodes/9d3dd8baddbc010cb4ae3fe44f482d9b229.ts' for writing
frame=16614 fps=227 q=28.0 size=N/A time=00:11:28.81 bitrate=N/A dup=2 drop=0 speed=9.43x    
[hls @ 0x59b46641e0c0] Opening '/config/cache/transcodes/9d3dd8baddbc010cb4ae3fe44f482d9b230.ts' for writing
[hls @ 0x59b46641e0c0] Opening '/config/cache/transcodes/9d3dd8baddbc010cb4ae3fe44f482d9b231.ts' for writing
frame=16739 fps=228 q=28.0 size=N/A time=00:11:34.02 bitrate=N/A dup=2 drop=0 speed=9.43x    
[hls @ 0x59b46641e0c0] Opening '/config/cache/transcodes/9d3dd8baddbc010cb4ae3fe44f482d9b232.ts' for writing
[hls @ 0x59b46641e0c0] Opening '/config/cache/transcodes/9d3dd8baddbc010cb4ae3fe44f482d9b233.ts' for writing
frame=16854 fps=228 q=28.0 size=N/A time=00:11:38.82 bitrate=N/A dup=2 drop=0 speed=9.44x    
[hls @ 0x59b46641e0c0] Opening '/config/cache/transcodes/9d3dd8baddbc010cb4ae3fe44f482d9b234.ts' for writing
frame=16966 fps=228 q=25.0 size=N/A time=00:11:43.49 bitrate=N/A dup=2 drop=0 speed=9.43x    
[hls @ 0x59b46641e0c0] Opening '/config/cache/transcodes/9d3dd8baddbc010cb4ae3fe44f482d9b235.ts' for writing
[hls @ 0x59b46641e0c0] Opening '/config/cache/transcodes/9d3dd8baddbc010cb4ae3fe44f482d9b236.ts' for writing
frame=17069 fps=227 q=28.0 size=N/A time=00:11:47.79 bitrate=N/A dup=2 drop=0 speed=9.43x    
[hls @ 0x59b46641e0c0] Opening '/config/cache/transcodes/9d3dd8baddbc010cb4ae3fe44f482d9b237.ts' for writing
frame=17180 fps=227 q=28.0 size=N/A time=00:11:52.42 bitrate=N/A dup=2 drop=0 speed=9.43x    
[hls @ 0x59b46641e0c0] Opening '/config/cache/transcodes/9d3dd8baddbc010cb4ae3fe44f482d9b238.ts' for writing
[hls @ 0x59b46641e0c0] Opening '/config/cache/transcodes/9d3dd8baddbc010cb4ae3fe44f482d9b239.ts' for writing
frame=17303 fps=227 q=28.0 size=N/A time=00:11:57.55 bitrate=N/A dup=2 drop=0 speed=9.43x    
[hls @ 0x59b46641e0c0] Opening '/config/cache/transcodes/9d3dd8baddbc010cb4ae3fe44f482d9b240.ts' for writing
[hls @ 0x59b46641e0c0] Opening '/config/cache/transcodes/9d3dd8baddbc010cb4ae3fe44f482d9b241.ts' for writing
frame=17427 fps=228 q=28.0 size=N/A time=00:12:02.72 bitrate=N/A dup=2 drop=0 speed=9.44x    
[hls @ 0x59b46641e0c0] Opening '/config/cache/transcodes/9d3dd8baddbc010cb4ae3fe44f482d9b242.ts' for writing
frame=17536 fps=228 q=28.0 size=N/A time=00:12:07.26 bitrate=N/A dup=2 drop=0 speed=9.44x    
[hls @ 0x59b46641e0c0] Opening '/config/cache/transcodes/9d3dd8baddbc010cb4ae3fe44f482d9b243.ts' for writing
[hls @ 0x59b46641e0c0] Opening '/config/cache/transcodes/9d3dd8baddbc010cb4ae3fe44f482d9b244.ts' for writing
frame=17649 fps=228 q=28.0 size=N/A time=00:12:11.98 bitrate=N/A dup=2 drop=0 speed=9.44x    
[hls @ 0x59b46641e0c0] Opening '/config/cache/transcodes/9d3dd8baddbc010cb4ae3fe44f482d9b245.ts' for writing
frame=17761 fps=228 q=28.0 size=N/A time=00:12:16.65 bitrate=N/A dup=2 drop=0 speed=9.44x    
[hls @ 0x59b46641e0c0] Opening '/config/cache/transcodes/9d3dd8baddbc010cb4ae3fe44f482d9b246.ts' for writing
[hls @ 0x59b46641e0c0] Opening '/config/cache/transcodes/9d3dd8baddbc010cb4ae3fe44f482d9b247.ts' for writing
frame=17857 fps=227 q=28.0 size=N/A time=00:12:20.65 bitrate=N/A dup=2 drop=0 speed=9.43x    
[hls @ 0x59b46641e0c0] Opening '/config/cache/transcodes/9d3dd8baddbc010cb4ae3fe44f482d9b248.ts' for writing
frame=17957 fps=227 q=28.0 size=N/A time=00:12:24.82 bitrate=N/A dup=2 drop=0 speed=9.42x    
[hls @ 0x59b46641e0c0] Opening '/config/cache/transcodes/9d3dd8baddbc010cb4ae3fe44f482d9b249.ts' for writing
[hls @ 0x59b46641e0c0] Opening '/config/cache/transcodes/9d3dd8baddbc010cb4ae3fe44f482d9b250.ts' for writing
frame=18077 fps=227 q=28.0 size=N/A time=00:12:29.83 bitrate=N/A dup=2 drop=0 speed=9.42x    
[hls @ 0x59b46641e0c0] Opening '/config/cache/transcodes/9d3dd8baddbc010cb4ae3fe44f482d9b251.ts' for writing
frame=18192 fps=227 q=28.0 size=N/A time=00:12:34.62 bitrate=N/A dup=2 drop=0 speed=9.42x    
[hls @ 0x59b46641e0c0] Opening '/config/cache/transcodes/9d3dd8baddbc010cb4ae3fe44f482d9b252.ts' for writing
[hls @ 0x59b46641e0c0] Opening '/config/cache/transcodes/9d3dd8baddbc010cb4ae3fe44f482d9b253.ts' for writing
frame=18306 fps=227 q=28.0 size=N/A time=00:12:39.42 bitrate=N/A dup=2 drop=0 speed=9.43x    
[hls @ 0x59b46641e0c0] Opening '/config/cache/transcodes/9d3dd8baddbc010cb4ae3fe44f482d9b254.ts' for writing
[hls @ 0x59b46641e0c0] Opening '/config/cache/transcodes/9d3dd8baddbc010cb4ae3fe44f482d9b255.ts' for writing
frame=18432 fps=227 q=28.0 size=N/A time=00:12:44.63 bitrate=N/A dup=2 drop=0 speed=9.43x    
[hls @ 0x59b46641e0c0] Opening '/config/cache/transcodes/9d3dd8baddbc010cb4ae3fe44f482d9b256.ts' for writing
frame=18544 fps=227 q=28.0 size=N/A time=00:12:49.35 bitrate=N/A dup=2 drop=0 speed=9.43x    
[hls @ 0x59b46641e0c0] Opening '/config/cache/transcodes/9d3dd8baddbc010cb4ae3fe44f482d9b257.ts' for writing
[hls @ 0x59b46641e0c0] Opening '/config/cache/transcodes/9d3dd8baddbc010cb4ae3fe44f482d9b258.ts' for writing
frame=18646 fps=227 q=28.0 size=N/A time=00:12:53.56 bitrate=N/A dup=2 drop=0 speed=9.43x    
[hls @ 0x59b46641e0c0] Opening '/config/cache/transcodes/9d3dd8baddbc010cb4ae3fe44f482d9b259.ts' for writing
frame=18768 fps=227 q=28.0 size=N/A time=00:12:58.65 bitrate=N/A dup=2 drop=0 speed=9.43x    
[hls @ 0x59b46641e0c0] Opening '/config/cache/transcodes/9d3dd8baddbc010cb4ae3fe44f482d9b260.ts' for writing
[hls @ 0x59b46641e0c0] Opening '/config/cache/transcodes/9d3dd8baddbc010cb4ae3fe44f482d9b261.ts' for writing
frame=18890 fps=227 q=28.0 size=N/A time=00:13:03.74 bitrate=N/A dup=2 drop=0 speed=9.43x    
[hls @ 0x59b46641e0c0] Opening '/config/cache/transcodes/9d3dd8baddbc010cb4ae3fe44f482d9b262.ts' for writing
[hls @ 0x59b46641e0c0] Opening '/config/cache/transcodes/9d3dd8baddbc010cb4ae3fe44f482d9b263.ts' for writing
frame=19024 fps=228 q=28.0 size=N/A time=00:13:09.33 bitrate=N/A dup=2 drop=0 speed=9.44x    
[hls @ 0x59b46641e0c0] Opening '/config/cache/transcodes/9d3dd8baddbc010cb4ae3fe44f482d9b264.ts' for writing
frame=19131 fps=228 q=28.0 size=N/A time=00:13:13.79 bitrate=N/A dup=2 drop=0 speed=9.44x    
[hls @ 0x59b46641e0c0] Opening '/config/cache/transcodes/9d3dd8baddbc010cb4ae3fe44f482d9b265.ts' for writing
[hls @ 0x59b46641e0c0] Opening '/config/cache/transcodes/9d3dd8baddbc010cb4ae3fe44f482d9b266.ts' for writing
frame=19219 fps=227 q=28.0 size=N/A time=00:13:17.46 bitrate=N/A dup=2 drop=0 speed=9.43x    
[hls @ 0x59b46641e0c0] Opening '/config/cache/transcodes/9d3dd8baddbc010cb4ae3fe44f482d9b267.ts' for writing
frame=19310 fps=227 q=28.0 size=N/A time=00:13:21.25 bitrate=N/A dup=2 drop=0 speed=9.42x    
[hls @ 0x59b46641e0c0] Opening '/config/cache/transcodes/9d3dd8baddbc010cb4ae3fe44f482d9b268.ts' for writing
frame=19411 fps=227 q=25.0 size=N/A time=00:13:25.47 bitrate=N/A dup=2 drop=0 speed=9.41x    
[hls @ 0x59b46641e0c0] Opening '/config/cache/transcodes/9d3dd8baddbc010cb4ae3fe44f482d9b269.ts' for writing
[hls @ 0x59b46641e0c0] Opening '/config/cache/transcodes/9d3dd8baddbc010cb4ae3fe44f482d9b270.ts' for writing
frame=19515 fps=227 q=28.0 size=N/A time=00:13:29.80 bitrate=N/A dup=2 drop=0 speed=9.41x    
[hls @ 0x59b46641e0c0] Opening '/config/cache/transcodes/9d3dd8baddbc010cb4ae3fe44f482d9b271.ts' for writing
frame=19623 fps=227 q=28.0 size=N/A time=00:13:34.31 bitrate=N/A dup=2 drop=0 speed=9.41x    
[hls @ 0x59b46641e0c0] Opening '/config/cache/transcodes/9d3dd8baddbc010cb4ae3fe44f482d9b272.ts' for writing
[hls @ 0x59b46641e0c0] Opening '/config/cache/transcodes/9d3dd8baddbc010cb4ae3fe44f482d9b273.ts' for writing
frame=19731 fps=227 q=28.0 size=N/A time=00:13:38.81 bitrate=N/A dup=2 drop=0 speed= 9.4x    
[hls @ 0x59b46641e0c0] Opening '/config/cache/transcodes/9d3dd8baddbc010cb4ae3fe44f482d9b274.ts' for writing
frame=19839 fps=227 q=28.0 size=N/A time=00:13:43.32 bitrate=N/A dup=2 drop=0 speed= 9.4x    
[hls @ 0x59b46641e0c0] Opening '/config/cache/transcodes/9d3dd8baddbc010cb4ae3fe44f482d9b275.ts' for writing
[hls @ 0x59b46641e0c0] Opening '/config/cache/transcodes/9d3dd8baddbc010cb4ae3fe44f482d9b276.ts' for writing
frame=19953 fps=227 q=28.0 size=N/A time=00:13:48.07 bitrate=N/A dup=2 drop=0 speed= 9.4x    
[hls @ 0x59b46641e0c0] Opening '/config/cache/transcodes/9d3dd8baddbc010cb4ae3fe44f482d9b277.ts' for writing
frame=20062 fps=226 q=28.0 size=N/A time=00:13:52.62 bitrate=N/A dup=2 drop=0 speed= 9.4x    
[hls @ 0x59b46641e0c0] Opening '/config/cache/transcodes/9d3dd8baddbc010cb4ae3fe44f482d9b278.ts' for writing
[hls @ 0x59b46641e0c0] Opening '/config/cache/transcodes/9d3dd8baddbc010cb4ae3fe44f482d9b279.ts' for writing
frame=20170 fps=226 q=28.0 size=N/A time=00:13:57.12 bitrate=N/A dup=2 drop=0 speed= 9.4x    
[hls @ 0x59b46641e0c0] Opening '/config/cache/transcodes/9d3dd8baddbc010cb4ae3fe44f482d9b280.ts' for writing
[hls @ 0x59b46641e0c0] Opening '/config/cache/transcodes/9d3dd8baddbc010cb4ae3fe44f482d9b281.ts' for writing
frame=20286 fps=226 q=28.0 size=N/A time=00:14:01.96 bitrate=N/A dup=2 drop=0 speed= 9.4x    
[hls @ 0x59b46641e0c0] Opening '/config/cache/transcodes/9d3dd8baddbc010cb4ae3fe44f482d9b282.ts' for writing
frame=20405 fps=227 q=28.0 size=N/A time=00:14:06.92 bitrate=N/A dup=2 drop=0 speed= 9.4x    
[hls @ 0x59b46641e0c0] Opening '/config/cache/transcodes/9d3dd8baddbc010cb4ae3fe44f482d9b283.ts' for writing
[hls @ 0x59b46641e0c0] Opening '/config/cache/transcodes/9d3dd8baddbc010cb4ae3fe44f482d9b284.ts' for writing
frame=20530 fps=227 q=28.0 size=N/A time=00:14:12.14 bitrate=N/A dup=2 drop=0 speed=9.41x    
[hls @ 0x59b46641e0c0] Opening '/config/cache/transcodes/9d3dd8baddbc010cb4ae3fe44f482d9b285.ts' for writing
[hls @ 0x59b46641e0c0] Opening '/config/cache/transcodes/9d3dd8baddbc010cb4ae3fe44f482d9b286.ts' for writing
frame=20658 fps=227 q=28.0 size=N/A time=00:14:17.48 bitrate=N/A dup=2 drop=0 speed=9.41x    
[hls @ 0x59b46641e0c0] Opening '/config/cache/transcodes/9d3dd8baddbc010cb4ae3fe44f482d9b287.ts' for writing
frame=20782 fps=227 q=28.0 size=N/A time=00:14:22.65 bitrate=N/A dup=2 drop=0 speed=9.42x    
[hls @ 0x59b46641e0c0] Opening '/config/cache/transcodes/9d3dd8baddbc010cb4ae3fe44f482d9b288.ts' for writing
[hls @ 0x59b46641e0c0] Opening '/config/cache/transcodes/9d3dd8baddbc010cb4ae3fe44f482d9b289.ts' for writing
frame=20906 fps=227 q=28.0 size=N/A time=00:14:27.82 bitrate=N/A dup=2 drop=0 speed=9.42x    
[hls @ 0x59b46641e0c0] Opening '/config/cache/transcodes/9d3dd8baddbc010cb4ae3fe44f482d9b290.ts' for writing
[hls @ 0x59b46641e0c0] Opening '/config/cache/transcodes/9d3dd8baddbc010cb4ae3fe44f482d9b291.ts' for writing
frame=21016 fps=227 q=28.0 size=N/A time=00:14:32.41 bitrate=N/A dup=2 drop=0 speed=9.42x    
[hls @ 0x59b46641e0c0] Opening '/config/cache/transcodes/9d3dd8baddbc010cb4ae3fe44f482d9b292.ts' for writing
frame=21123 fps=227 q=28.0 size=N/A time=00:14:36.87 bitrate=N/A dup=2 drop=0 speed=9.42x    
[hls @ 0x59b46641e0c0] Opening '/config/cache/transcodes/9d3dd8baddbc010cb4ae3fe44f482d9b293.ts' for writing
[hls @ 0x59b46641e0c0] Opening '/config/cache/transcodes/9d3dd8baddbc010cb4ae3fe44f482d9b294.ts' for writing
frame=21221 fps=227 q=28.0 size=N/A time=00:14:40.96 bitrate=N/A dup=2 drop=0 speed=9.41x    
[hls @ 0x59b46641e0c0] Opening '/config/cache/transcodes/9d3dd8baddbc010cb4ae3fe44f482d9b295.ts' for writing
frame=21332 fps=227 q=28.0 size=N/A time=00:14:45.59 bitrate=N/A dup=2 drop=0 speed=9.41x    
[hls @ 0x59b46641e0c0] Opening '/config/cache/transcodes/9d3dd8baddbc010cb4ae3fe44f482d9b296.ts' for writing
[hls @ 0x59b46641e0c0] Opening '/config/cache/transcodes/9d3dd8baddbc010cb4ae3fe44f482d9b297.ts' for writing
frame=21447 fps=227 q=28.0 size=N/A time=00:14:50.38 bitrate=N/A dup=2 drop=0 speed=9.41x    
[hls @ 0x59b46641e0c0] Opening '/config/cache/transcodes/9d3dd8baddbc010cb4ae3fe44f482d9b298.ts' for writing
frame=21573 fps=227 q=28.0 size=N/A time=00:14:55.64 bitrate=N/A dup=2 drop=0 speed=9.42x    
[hls @ 0x59b46641e0c0] Opening '/config/cache/transcodes/9d3dd8baddbc010cb4ae3fe44f482d9b299.ts' for writing
[hls @ 0x59b46641e0c0] Opening '/config/cache/transcodes/9d3dd8baddbc010cb4ae3fe44f482d9b300.ts' for writing
frame=21679 fps=227 q=28.0 size=N/A time=00:15:00.06 bitrate=N/A dup=2 drop=0 speed=9.42x    
[hls @ 0x59b46641e0c0] Opening '/config/cache/transcodes/9d3dd8baddbc010cb4ae3fe44f482d9b301.ts' for writing
frame=21789 fps=227 q=28.0 size=N/A time=00:15:04.65 bitrate=N/A dup=2 drop=0 speed=9.41x    
[hls @ 0x59b46641e0c0] Opening '/config/cache/transcodes/9d3dd8baddbc010cb4ae3fe44f482d9b302.ts' for writing
[hls @ 0x59b46641e0c0] Opening '/config/cache/transcodes/9d3dd8baddbc010cb4ae3fe44f482d9b303.ts' for writing
frame=21888 fps=227 q=28.0 size=N/A time=00:15:08.78 bitrate=N/A dup=2 drop=0 speed=9.41x    
[hls @ 0x59b46641e0c0] Opening '/config/cache/transcodes/9d3dd8baddbc010cb4ae3fe44f482d9b304.ts' for writing
frame=21993 fps=227 q=28.0 size=N/A time=00:15:13.16 bitrate=N/A dup=2 drop=0 speed=9.41x    
[hls @ 0x59b46641e0c0] Opening '/config/cache/transcodes/9d3dd8baddbc010cb4ae3fe44f482d9b305.ts' for writing
[hls @ 0x59b46641e0c0] Opening '/config/cache/transcodes/9d3dd8baddbc010cb4ae3fe44f482d9b306.ts' for writing
frame=22096 fps=226 q=28.0 size=N/A time=00:15:17.45 bitrate=N/A dup=2 drop=0 speed= 9.4x    
[hls @ 0x59b46641e0c0] Opening '/config/cache/transcodes/9d3dd8baddbc010cb4ae3fe44f482d9b307.ts' for writing
frame=22202 fps=226 q=28.0 size=N/A time=00:15:21.92 bitrate=N/A dup=2 drop=0 speed= 9.4x    
[hls @ 0x59b46641e0c0] Opening '/config/cache/transcodes/9d3dd8baddbc010cb4ae3fe44f482d9b308.ts' for writing
[hls @ 0x59b46641e0c0] Opening '/config/cache/transcodes/9d3dd8baddbc010cb4ae3fe44f482d9b309.ts' for writing
frame=22311 fps=226 q=28.0 size=N/A time=00:15:26.42 bitrate=N/A dup=2 drop=0 speed= 9.4x    
[hls @ 0x59b46641e0c0] Opening '/config/cache/transcodes/9d3dd8baddbc010cb4ae3fe44f482d9b310.ts' for writing
frame=22424 fps=226 q=28.0 size=N/A time=00:15:31.13 bitrate=N/A dup=2 drop=0 speed= 9.4x    
[hls @ 0x59b46641e0c0] Opening '/config/cache/transcodes/9d3dd8baddbc010cb4ae3fe44f482d9b311.ts' for writing
[hls @ 0x59b46641e0c0] Opening '/config/cache/transcodes/9d3dd8baddbc010cb4ae3fe44f482d9b312.ts' for writing
frame=22524 fps=226 q=28.0 size=N/A time=00:15:35.30 bitrate=N/A dup=2 drop=0 speed=9.39x    
[hls @ 0x59b46641e0c0] Opening '/config/cache/transcodes/9d3dd8baddbc010cb4ae3fe44f482d9b313.ts' for writing
frame=22627 fps=226 q=28.0 size=N/A time=00:15:39.60 bitrate=N/A dup=2 drop=0 speed=9.39x    
[hls @ 0x59b46641e0c0] Opening '/config/cache/transcodes/9d3dd8baddbc010cb4ae3fe44f482d9b314.ts' for writing
[hls @ 0x59b46641e0c0] Opening '/config/cache/transcodes/9d3dd8baddbc010cb4ae3fe44f482d9b315.ts' for writing
frame=22734 fps=226 q=28.0 size=N/A time=00:15:44.06 bitrate=N/A dup=2 drop=0 speed=9.39x    
[hls @ 0x59b46641e0c0] Opening '/config/cache/transcodes/9d3dd8baddbc010cb4ae3fe44f482d9b316.ts' for writing
frame=22838 fps=226 q=28.0 size=N/A time=00:15:48.40 bitrate=N/A dup=2 drop=0 speed=9.38x    
[hls @ 0x59b46641e0c0] Opening '/config/cache/transcodes/9d3dd8baddbc010cb4ae3fe44f482d9b317.ts' for writing
frame=22944 fps=226 q=28.0 size=N/A time=00:15:52.82 bitrate=N/A dup=2 drop=0 speed=9.38x    
[hls @ 0x59b46641e0c0] Opening '/config/cache/transcodes/9d3dd8baddbc010cb4ae3fe44f482d9b318.ts' for writing
[hls @ 0x59b46641e0c0] Opening '/config/cache/transcodes/9d3dd8baddbc010cb4ae3fe44f482d9b319.ts' for writing
frame=23048 fps=226 q=28.0 size=N/A time=00:15:57.16 bitrate=N/A dup=2 drop=0 speed=9.38x    
[hls @ 0x59b46641e0c0] Opening '/config/cache/transcodes/9d3dd8baddbc010cb4ae3fe44f482d9b320.ts' for writing
frame=23146 fps=226 q=28.0 size=N/A time=00:16:01.25 bitrate=N/A dup=2 drop=0 speed=9.37x    
[hls @ 0x59b46641e0c0] Opening '/config/cache/transcodes/9d3dd8baddbc010cb4ae3fe44f482d9b321.ts' for writing
[hls @ 0x59b46641e0c0] Opening '/config/cache/transcodes/9d3dd8baddbc010cb4ae3fe44f482d9b322.ts' for writing
frame=23234 fps=225 q=28.0 size=N/A time=00:16:04.96 bitrate=N/A dup=2 drop=0 speed=9.36x    
[hls @ 0x59b46641e0c0] Opening '/config/cache/transcodes/9d3dd8baddbc010cb4ae3fe44f482d9b323.ts' for writing
frame=23327 fps=225 q=28.0 size=N/A time=00:16:08.80 bitrate=N/A dup=2 drop=0 speed=9.35x    
[hls @ 0x59b46641e0c0] Opening '/config/cache/transcodes/9d3dd8baddbc010cb4ae3fe44f482d9b324.ts' for writing
frame=23413 fps=225 q=28.0 size=N/A time=00:16:12.38 bitrate=N/A dup=2 drop=0 speed=9.34x    
[hls @ 0x59b46641e0c0] Opening '/config/cache/transcodes/9d3dd8baddbc010cb4ae3fe44f482d9b325.ts' for writing
frame=23508 fps=225 q=28.0 size=N/A time=00:16:16.35 bitrate=N/A dup=2 drop=0 speed=9.33x    
[hls @ 0x59b46641e0c0] Opening '/config/cache/transcodes/9d3dd8baddbc010cb4ae3fe44f482d9b326.ts' for writing
[hls @ 0x59b46641e0c0] Opening '/config/cache/transcodes/9d3dd8baddbc010cb4ae3fe44f482d9b327.ts' for writing
frame=23599 fps=225 q=28.0 size=N/A time=00:16:20.14 bitrate=N/A dup=2 drop=0 speed=9.33x    
[hls @ 0x59b46641e0c0] Opening '/config/cache/transcodes/9d3dd8baddbc010cb4ae3fe44f482d9b328.ts' for writing
frame=23696 fps=224 q=28.0 size=N/A time=00:16:24.19 bitrate=N/A dup=2 drop=0 speed=9.32x    
[hls @ 0x59b46641e0c0] Opening '/config/cache/transcodes/9d3dd8baddbc010cb4ae3fe44f482d9b329.ts' for writing
frame=23796 fps=224 q=28.0 size=N/A time=00:16:28.36 bitrate=N/A dup=2 drop=0 speed=9.32x    
[hls @ 0x59b46641e0c0] Opening '/config/cache/transcodes/9d3dd8baddbc010cb4ae3fe44f482d9b330.ts' for writing
[hls @ 0x59b46641e0c0] Opening '/config/cache/transcodes/9d3dd8baddbc010cb4ae3fe44f482d9b331.ts' for writing
frame=23895 fps=224 q=28.0 size=N/A time=00:16:32.49 bitrate=N/A dup=2 drop=0 speed=9.31x    
[hls @ 0x59b46641e0c0] Opening '/config/cache/transcodes/9d3dd8baddbc010cb4ae3fe44f482d9b332.ts' for writing
frame=23995 fps=224 q=28.0 size=N/A time=00:16:36.66 bitrate=N/A dup=2 drop=0 speed=9.31x    
[hls @ 0x59b46641e0c0] Opening '/config/cache/transcodes/9d3dd8baddbc010cb4ae3fe44f482d9b333.ts' for writing
frame=24088 fps=224 q=28.0 size=N/A time=00:16:40.54 bitrate=N/A dup=2 drop=0 speed= 9.3x    
[hls @ 0x59b46641e0c0] Opening '/config/cache/transcodes/9d3dd8baddbc010cb4ae3fe44f482d9b334.ts' for writing
[hls @ 0x59b46641e0c0] Opening '/config/cache/transcodes/9d3dd8baddbc010cb4ae3fe44f482d9b335.ts' for writing
frame=24173 fps=224 q=28.0 size=N/A time=00:16:44.08 bitrate=N/A dup=2 drop=0 speed=9.29x    
[hls @ 0x59b46641e0c0] Opening '/config/cache/transcodes/9d3dd8baddbc010cb4ae3fe44f482d9b336.ts' for writing
frame=24270 fps=223 q=28.0 size=N/A time=00:16:48.13 bitrate=N/A dup=2 drop=0 speed=9.28x    
[hls @ 0x59b46641e0c0] Opening '/config/cache/transcodes/9d3dd8baddbc010cb4ae3fe44f482d9b337.ts' for writing
frame=24354 fps=223 q=28.0 size=N/A time=00:16:51.63 bitrate=N/A dup=2 drop=0 speed=9.27x    
[hls @ 0x59b46641e0c0] Opening '/config/cache/transcodes/9d3dd8baddbc010cb4ae3fe44f482d9b338.ts' for writing
frame=24449 fps=223 q=28.0 size=N/A time=00:16:55.63 bitrate=N/A dup=2 drop=0 speed=9.27x    
[hls @ 0x59b46641e0c0] Opening '/config/cache/transcodes/9d3dd8baddbc010cb4ae3fe44f482d9b339.ts' for writing
[hls @ 0x59b46641e0c0] Opening '/config/cache/transcodes/9d3dd8baddbc010cb4ae3fe44f482d9b340.ts' for writing
frame=24540 fps=223 q=28.0 size=N/A time=00:16:59.39 bitrate=N/A dup=2 drop=0 speed=9.26x    
[hls @ 0x59b46641e0c0] Opening '/config/cache/transcodes/9d3dd8baddbc010cb4ae3fe44f482d9b341.ts' for writing
frame=24623 fps=223 q=28.0 size=N/A time=00:17:02.85 bitrate=N/A dup=2 drop=0 speed=9.25x    
[hls @ 0x59b46641e0c0] Opening '/config/cache/transcodes/9d3dd8baddbc010cb4ae3fe44f482d9b342.ts' for writing
frame=24713 fps=222 q=28.0 size=N/A time=00:17:06.60 bitrate=N/A dup=2 drop=0 speed=9.24x    
[hls @ 0x59b46641e0c0] Opening '/config/cache/transcodes/9d3dd8baddbc010cb4ae3fe44f482d9b343.ts' for writing
frame=24792 fps=222 q=28.0 size=N/A time=00:17:09.90 bitrate=N/A dup=2 drop=0 speed=9.23x    
[hls @ 0x59b46641e0c0] Opening '/config/cache/transcodes/9d3dd8baddbc010cb4ae3fe44f482d9b344.ts' for writing
frame=24885 fps=222 q=28.0 size=N/A time=00:17:13.78 bitrate=N/A dup=2 drop=0 speed=9.22x    
[hls @ 0x59b46641e0c0] Opening '/config/cache/transcodes/9d3dd8baddbc010cb4ae3fe44f482d9b345.ts' for writing
[hls @ 0x59b46641e0c0] Opening '/config/cache/transcodes/9d3dd8baddbc010cb4ae3fe44f482d9b346.ts' for writing
frame=24980 fps=222 q=28.0 size=N/A time=00:17:17.74 bitrate=N/A dup=2 drop=0 speed=9.22x    
[hls @ 0x59b46641e0c0] Opening '/config/cache/transcodes/9d3dd8baddbc010cb4ae3fe44f482d9b347.ts' for writing
frame=25074 fps=222 q=28.0 size=N/A time=00:17:21.66 bitrate=N/A dup=2 drop=0 speed=9.21x    
[hls @ 0x59b46641e0c0] Opening '/config/cache/transcodes/9d3dd8baddbc010cb4ae3fe44f482d9b348.ts' for writing
frame=25169 fps=222 q=28.0 size=N/A time=00:17:25.62 bitrate=N/A dup=2 drop=0 speed= 9.2x    
[hls @ 0x59b46641e0c0] Opening '/config/cache/transcodes/9d3dd8baddbc010cb4ae3fe44f482d9b349.ts' for writing
[hls @ 0x59b46641e0c0] Opening '/config/cache/transcodes/9d3dd8baddbc010cb4ae3fe44f482d9b350.ts' for writing
frame=25265 fps=221 q=28.0 size=N/A time=00:17:29.63 bitrate=N/A dup=2 drop=0 speed= 9.2x    
[hls @ 0x59b46641e0c0] Opening '/config/cache/transcodes/9d3dd8baddbc010cb4ae3fe44f482d9b351.ts' for writing
frame=25358 fps=221 q=28.0 size=N/A time=00:17:33.51 bitrate=N/A dup=2 drop=0 speed=9.19x    
[hls @ 0x59b46641e0c0] Opening '/config/cache/transcodes/9d3dd8baddbc010cb4ae3fe44f482d9b352.ts' for writing
frame=25452 fps=221 q=28.0 size=N/A time=00:17:37.43 bitrate=N/A dup=2 drop=0 speed=9.19x    
[hls @ 0x59b46641e0c0] Opening '/config/cache/transcodes/9d3dd8baddbc010cb4ae3fe44f482d9b353.ts' for writing
[hls @ 0x59b46641e0c0] Opening '/config/cache/transcodes/9d3dd8baddbc010cb4ae3fe44f482d9b354.ts' for writing
frame=25557 fps=221 q=28.0 size=N/A time=00:17:41.81 bitrate=N/A dup=2 drop=0 speed=9.18x    
[hls @ 0x59b46641e0c0] Opening '/config/cache/transcodes/9d3dd8baddbc010cb4ae3fe44f482d9b355.ts' for writing
frame=25661 fps=221 q=28.0 size=N/A time=00:17:46.14 bitrate=N/A dup=2 drop=0 speed=9.18x    
[hls @ 0x59b46641e0c0] Opening '/config/cache/transcodes/9d3dd8baddbc010cb4ae3fe44f482d9b356.ts' for writing
[hls @ 0x59b46641e0c0] Opening '/config/cache/transcodes/9d3dd8baddbc010cb4ae3fe44f482d9b357.ts' for writing
frame=25769 fps=221 q=28.0 size=N/A time=00:17:50.65 bitrate=N/A dup=2 drop=0 speed=9.18x    
[hls @ 0x59b46641e0c0] Opening '/config/cache/transcodes/9d3dd8baddbc010cb4ae3fe44f482d9b358.ts' for writing
frame=25884 fps=221 q=28.0 size=N/A time=00:17:55.44 bitrate=N/A dup=2 drop=0 speed=9.18x    
[hls @ 0x59b46641e0c0] Opening '/config/cache/transcodes/9d3dd8baddbc010cb4ae3fe44f482d9b359.ts' for writing
[hls @ 0x59b46641e0c0] Opening '/config/cache/transcodes/9d3dd8baddbc010cb4ae3fe44f482d9b360.ts' for writing
frame=25992 fps=221 q=28.0 size=N/A time=00:18:00.03 bitrate=N/A dup=2 drop=0 speed=9.18x    
[hls @ 0x59b46641e0c0] Opening '/config/cache/transcodes/9d3dd8baddbc010cb4ae3fe44f482d9b361.ts' for writing
frame=26096 fps=221 q=28.0 size=N/A time=00:18:04.29 bitrate=N/A dup=2 drop=0 speed=9.18x    
[hls @ 0x59b46641e0c0] Opening '/config/cache/transcodes/9d3dd8baddbc010cb4ae3fe44f482d9b362.ts' for writing
[hls @ 0x59b46641e0c0] Opening '/config/cache/transcodes/9d3dd8baddbc010cb4ae3fe44f482d9b363.ts' for writing
frame=26191 fps=221 q=28.0 size=N/A time=00:18:08.25 bitrate=N/A dup=2 drop=0 speed=9.18x    
[hls @ 0x59b46641e0c0] Opening '/config/cache/transcodes/9d3dd8baddbc010cb4ae3fe44f482d9b364.ts' for writing
frame=26312 fps=221 q=28.0 size=N/A time=00:18:13.30 bitrate=N/A dup=2 drop=0 speed=9.18x    
[hls @ 0x59b46641e0c0] Opening '/config/cache/transcodes/9d3dd8baddbc010cb4ae3fe44f482d9b365.ts' for writing
[hls @ 0x59b46641e0c0] Opening '/config/cache/transcodes/9d3dd8baddbc010cb4ae3fe44f482d9b366.ts' for writing
frame=26450 fps=221 q=28.0 size=N/A time=00:18:19.05 bitrate=N/A dup=2 drop=0 speed=9.19x    
[hls @ 0x59b46641e0c0] Opening '/config/cache/transcodes/9d3dd8baddbc010cb4ae3fe44f482d9b367.ts' for writing
[hls @ 0x59b46641e0c0] Opening '/config/cache/transcodes/9d3dd8baddbc010cb4ae3fe44f482d9b368.ts' for writing
frame=26568 fps=221 q=28.0 size=N/A time=00:18:23.97 bitrate=N/A dup=2 drop=0 speed=9.19x    
[hls @ 0x59b46641e0c0] Opening '/config/cache/transcodes/9d3dd8baddbc010cb4ae3fe44f482d9b369.ts' for writing
[hls @ 0x59b46641e0c0] Opening '/config/cache/transcodes/9d3dd8baddbc010cb4ae3fe44f482d9b370.ts' for writing
frame=26696 fps=221 q=28.0 size=N/A time=00:18:29.31 bitrate=N/A dup=2 drop=0 speed= 9.2x    
[hls @ 0x59b46641e0c0] Opening '/config/cache/transcodes/9d3dd8baddbc010cb4ae3fe44f482d9b371.ts' for writing
frame=26795 fps=221 q=28.0 size=N/A time=00:18:33.44 bitrate=N/A dup=2 drop=0 speed=9.19x    
[hls @ 0x59b46641e0c0] Opening '/config/cache/transcodes/9d3dd8baddbc010cb4ae3fe44f482d9b372.ts' for writing
frame=26892 fps=221 q=25.0 size=N/A time=00:18:37.49 bitrate=N/A dup=2 drop=0 speed=9.19x    
[hls @ 0x59b46641e0c0] Opening '/config/cache/transcodes/9d3dd8baddbc010cb4ae3fe44f482d9b373.ts' for writing
[hls @ 0x59b46641e0c0] Opening '/config/cache/transcodes/9d3dd8baddbc010cb4ae3fe44f482d9b374.ts' for writing
frame=27005 fps=221 q=28.0 size=N/A time=00:18:42.20 bitrate=N/A dup=2 drop=0 speed=9.19x    
[hls @ 0x59b46641e0c0] Opening '/config/cache/transcodes/9d3dd8baddbc010cb4ae3fe44f482d9b375.ts' for writing
frame=27109 fps=221 q=28.0 size=N/A time=00:18:46.54 bitrate=N/A dup=2 drop=0 speed=9.19x    
[hls @ 0x59b46641e0c0] Opening '/config/cache/transcodes/9d3dd8baddbc010cb4ae3fe44f482d9b376.ts' for writing
[hls @ 0x59b46641e0c0] Opening '/config/cache/transcodes/9d3dd8baddbc010cb4ae3fe44f482d9b377.ts' for writing
frame=27219 fps=221 q=28.0 size=N/A time=00:18:51.13 bitrate=N/A dup=2 drop=0 speed=9.19x    
[hls @ 0x59b46641e0c0] Opening '/config/cache/transcodes/9d3dd8baddbc010cb4ae3fe44f482d9b378.ts' for writing
frame=27330 fps=221 q=28.0 size=N/A time=00:18:55.75 bitrate=N/A dup=2 drop=0 speed=9.19x    
[hls @ 0x59b46641e0c0] Opening '/config/cache/transcodes/9d3dd8baddbc010cb4ae3fe44f482d9b379.ts' for writing
[hls @ 0x59b46641e0c0] Opening '/config/cache/transcodes/9d3dd8baddbc010cb4ae3fe44f482d9b380.ts' for writing
frame=27438 fps=221 q=28.0 size=N/A time=00:19:00.26 bitrate=N/A dup=2 drop=0 speed=9.19x    
[hls @ 0x59b46641e0c0] Opening '/config/cache/transcodes/9d3dd8baddbc010cb4ae3fe44f482d9b381.ts' for writing
frame=27539 fps=221 q=25.0 size=N/A time=00:19:04.47 bitrate=N/A dup=2 drop=0 speed=9.18x    
[hls @ 0x59b46641e0c0] Opening '/config/cache/transcodes/9d3dd8baddbc010cb4ae3fe44f482d9b382.ts' for writing
[hls @ 0x59b46641e0c0] Opening '/config/cache/transcodes/9d3dd8baddbc010cb4ae3fe44f482d9b383.ts' for writing
frame=27656 fps=221 q=28.0 size=N/A time=00:19:09.35 bitrate=N/A dup=2 drop=0 speed=9.19x    
[hls @ 0x59b46641e0c0] Opening '/config/cache/transcodes/9d3dd8baddbc010cb4ae3fe44f482d9b384.ts' for writing
[hls @ 0x59b46641e0c0] Opening '/config/cache/transcodes/9d3dd8baddbc010cb4ae3fe44f482d9b385.ts' for writing
frame=27770 fps=221 q=28.0 size=N/A time=00:19:14.15 bitrate=N/A dup=2 drop=0 speed=9.19x    
[hls @ 0x59b46641e0c0] Opening '/config/cache/transcodes/9d3dd8baddbc010cb4ae3fe44f482d9b386.ts' for writing
frame=27875 fps=221 q=28.0 size=N/A time=00:19:18.49 bitrate=N/A dup=2 drop=0 speed=9.19x    
[hls @ 0x59b46641e0c0] Opening '/config/cache/transcodes/9d3dd8baddbc010cb4ae3fe44f482d9b387.ts' for writing
frame=27973 fps=221 q=28.0 size=N/A time=00:19:22.57 bitrate=N/A dup=2 drop=0 speed=9.18x    
[hls @ 0x59b46641e0c0] Opening '/config/cache/transcodes/9d3dd8baddbc010cb4ae3fe44f482d9b388.ts' for writing
[hls @ 0x59b46641e0c0] Opening '/config/cache/transcodes/9d3dd8baddbc010cb4ae3fe44f482d9b389.ts' for writing
frame=28076 fps=221 q=28.0 size=N/A time=00:19:26.87 bitrate=N/A dup=2 drop=0 speed=9.18x    
[hls @ 0x59b46641e0c0] Opening '/config/cache/transcodes/9d3dd8baddbc010cb4ae3fe44f482d9b390.ts' for writing
frame=28182 fps=221 q=28.0 size=N/A time=00:19:31.29 bitrate=N/A dup=2 drop=0 speed=9.18x    
[hls @ 0x59b46641e0c0] Opening '/config/cache/transcodes/9d3dd8baddbc010cb4ae3fe44f482d9b391.ts' for writing
[hls @ 0x59b46641e0c0] Opening '/config/cache/transcodes/9d3dd8baddbc010cb4ae3fe44f482d9b392.ts' for writing
frame=28287 fps=221 q=28.0 size=N/A time=00:19:35.67 bitrate=N/A dup=2 drop=0 speed=9.18x    
[hls @ 0x59b46641e0c0] Opening '/config/cache/transcodes/9d3dd8baddbc010cb4ae3fe44f482d9b393.ts' for writing
frame=28398 fps=221 q=28.0 size=N/A time=00:19:40.30 bitrate=N/A dup=2 drop=0 speed=9.18x    
[hls @ 0x59b46641e0c0] Opening '/config/cache/transcodes/9d3dd8baddbc010cb4ae3fe44f482d9b394.ts' for writing
[hls @ 0x59b46641e0c0] Opening '/config/cache/transcodes/9d3dd8baddbc010cb4ae3fe44f482d9b395.ts' for writing
frame=28510 fps=221 q=28.0 size=N/A time=00:19:44.97 bitrate=N/A dup=2 drop=0 speed=9.18x    
[hls @ 0x59b46641e0c0] Opening '/config/cache/transcodes/9d3dd8baddbc010cb4ae3fe44f482d9b396.ts' for writing
frame=28616 fps=221 q=28.0 size=N/A time=00:19:49.39 bitrate=N/A dup=2 drop=0 speed=9.18x    
[hls @ 0x59b46641e0c0] Opening '/config/cache/transcodes/9d3dd8baddbc010cb4ae3fe44f482d9b397.ts' for writing
[hls @ 0x59b46641e0c0] Opening '/config/cache/transcodes/9d3dd8baddbc010cb4ae3fe44f482d9b398.ts' for writing
frame=28718 fps=221 q=28.0 size=N/A time=00:19:53.65 bitrate=N/A dup=2 drop=0 speed=9.17x    
[hls @ 0x59b46641e0c0] Opening '/config/cache/transcodes/9d3dd8baddbc010cb4ae3fe44f482d9b399.ts' for writing
frame=28838 fps=221 q=28.0 size=N/A time=00:19:58.65 bitrate=N/A dup=2 drop=0 speed=9.18x    
[hls @ 0x59b46641e0c0] Opening '/config/cache/transcodes/9d3dd8baddbc010cb4ae3fe44f482d9b400.ts' for writing
[hls @ 0x59b46641e0c0] Opening '/config/cache/transcodes/9d3dd8baddbc010cb4ae3fe44f482d9b401.ts' for writing
frame=28951 fps=221 q=28.0 size=N/A time=00:20:03.36 bitrate=N/A dup=2 drop=0 speed=9.18x    
[hls @ 0x59b46641e0c0] Opening '/config/cache/transcodes/9d3dd8baddbc010cb4ae3fe44f482d9b402.ts' for writing
[hls @ 0x59b46641e0c0] Opening '/config/cache/transcodes/9d3dd8baddbc010cb4ae3fe44f482d9b403.ts' for writing
frame=29065 fps=221 q=28.0 size=N/A time=00:20:08.12 bitrate=N/A dup=2 drop=0 speed=9.18x    
[hls @ 0x59b46641e0c0] Opening '/config/cache/transcodes/9d3dd8baddbc010cb4ae3fe44f482d9b404.ts' for writing
frame=29186 fps=221 q=28.0 size=N/A time=00:20:13.17 bitrate=N/A dup=2 drop=0 speed=9.18x    
[hls @ 0x59b46641e0c0] Opening '/config/cache/transcodes/9d3dd8baddbc010cb4ae3fe44f482d9b405.ts' for writing
[hls @ 0x59b46641e0c0] Opening '/config/cache/transcodes/9d3dd8baddbc010cb4ae3fe44f482d9b406.ts' for writing
frame=29309 fps=221 q=28.0 size=N/A time=00:20:18.30 bitrate=N/A dup=2 drop=0 speed=9.19x    
[hls @ 0x59b46641e0c0] Opening '/config/cache/transcodes/9d3dd8baddbc010cb4ae3fe44f482d9b407.ts' for writing
[hls @ 0x59b46641e0c0] Opening '/config/cache/transcodes/9d3dd8baddbc010cb4ae3fe44f482d9b408.ts' for writing
frame=29432 fps=221 q=28.0 size=N/A time=00:20:23.43 bitrate=N/A dup=2 drop=0 speed=9.19x    
[hls @ 0x59b46641e0c0] Opening '/config/cache/transcodes/9d3dd8baddbc010cb4ae3fe44f482d9b409.ts' for writing
frame=29553 fps=221 q=25.0 size=N/A time=00:20:28.47 bitrate=N/A dup=2 drop=0 speed=9.19x    
[hls @ 0x59b46641e0c0] Opening '/config/cache/transcodes/9d3dd8baddbc010cb4ae3fe44f482d9b410.ts' for writing
[hls @ 0x59b46641e0c0] Opening '/config/cache/transcodes/9d3dd8baddbc010cb4ae3fe44f482d9b411.ts' for writing
frame=29669 fps=221 q=28.0 size=N/A time=00:20:33.31 bitrate=N/A dup=2 drop=0 speed= 9.2x    
[hls @ 0x59b46641e0c0] Opening '/config/cache/transcodes/9d3dd8baddbc010cb4ae3fe44f482d9b412.ts' for writing
[hls @ 0x59b46641e0c0] Opening '/config/cache/transcodes/9d3dd8baddbc010cb4ae3fe44f482d9b413.ts' for writing
frame=29785 fps=221 q=28.0 size=N/A time=00:20:38.15 bitrate=N/A dup=2 drop=0 speed= 9.2x    
[hls @ 0x59b46641e0c0] Opening '/config/cache/transcodes/9d3dd8baddbc010cb4ae3fe44f482d9b414.ts' for writing
frame=29906 fps=221 q=28.0 size=N/A time=00:20:43.20 bitrate=N/A dup=2 drop=0 speed= 9.2x    
[hls @ 0x59b46641e0c0] Opening '/config/cache/transcodes/9d3dd8baddbc010cb4ae3fe44f482d9b415.ts' for writing
[hls @ 0x59b46641e0c0] Opening '/config/cache/transcodes/9d3dd8baddbc010cb4ae3fe44f482d9b416.ts' for writing
frame=30033 fps=221 q=28.0 size=N/A time=00:20:48.49 bitrate=N/A dup=2 drop=0 speed=9.21x    
[hls @ 0x59b46641e0c0] Opening '/config/cache/transcodes/9d3dd8baddbc010cb4ae3fe44f482d9b417.ts' for writing
[hls @ 0x59b46641e0c0] Opening '/config/cache/transcodes/9d3dd8baddbc010cb4ae3fe44f482d9b418.ts' for writing
frame=30157 fps=222 q=28.0 size=N/A time=00:20:53.66 bitrate=N/A dup=2 drop=0 speed=9.21x    
[hls @ 0x59b46641e0c0] Opening '/config/cache/transcodes/9d3dd8baddbc010cb4ae3fe44f482d9b419.ts' for writing
[hls @ 0x59b46641e0c0] Opening '/config/cache/transcodes/9d3dd8baddbc010cb4ae3fe44f482d9b420.ts' for writing
frame=30283 fps=222 q=28.0 size=N/A time=00:20:58.92 bitrate=N/A dup=2 drop=0 speed=9.21x    
[hls @ 0x59b46641e0c0] Opening '/config/cache/transcodes/9d3dd8baddbc010cb4ae3fe44f482d9b421.ts' for writing
frame=30421 fps=222 q=28.0 size=N/A time=00:21:04.68 bitrate=N/A dup=2 drop=0 speed=9.22x    
[hls @ 0x59b46641e0c0] Opening '/config/cache/transcodes/9d3dd8baddbc010cb4ae3fe44f482d9b422.ts' for writing
[hls @ 0x59b46641e0c0] Opening '/config/cache/transcodes/9d3dd8baddbc010cb4ae3fe44f482d9b423.ts' for writing
frame=30562 fps=222 q=28.0 size=N/A time=00:21:10.56 bitrate=N/A dup=2 drop=0 speed=9.23x    
[hls @ 0x59b46641e0c0] Opening '/config/cache/transcodes/9d3dd8baddbc010cb4ae3fe44f482d9b424.ts' for writing
[hls @ 0x59b46641e0c0] Opening '/config/cache/transcodes/9d3dd8baddbc010cb4ae3fe44f482d9b425.ts' for writing
frame=30685 fps=222 q=28.0 size=N/A time=00:21:15.69 bitrate=N/A dup=2 drop=0 speed=9.24x    
[hls @ 0x59b46641e0c0] Opening '/config/cache/transcodes/9d3dd8baddbc010cb4ae3fe44f482d9b426.ts' for writing
[hls @ 0x59b46641e0c0] Opening '/config/cache/transcodes/9d3dd8baddbc010cb4ae3fe44f482d9b427.ts' for writing
frame=30817 fps=222 q=28.0 size=N/A time=00:21:21.19 bitrate=N/A dup=2 drop=0 speed=9.24x    
[hls @ 0x59b46641e0c0] Opening '/config/cache/transcodes/9d3dd8baddbc010cb4ae3fe44f482d9b428.ts' for writing
[hls @ 0x59b46641e0c0] Opening '/config/cache/transcodes/9d3dd8baddbc010cb4ae3fe44f482d9b429.ts' for writing
frame=30955 fps=222 q=28.0 size=N/A time=00:21:26.95 bitrate=N/A dup=2 drop=0 speed=9.25x    
[hls @ 0x59b46641e0c0] Opening '/config/cache/transcodes/9d3dd8baddbc010cb4ae3fe44f482d9b430.ts' for writing
[hls @ 0x59b46641e0c0] Opening '/config/cache/transcodes/9d3dd8baddbc010cb4ae3fe44f482d9b431.ts' for writing
frame=31090 fps=223 q=28.0 size=N/A time=00:21:32.58 bitrate=N/A dup=2 drop=0 speed=9.26x    
[hls @ 0x59b46641e0c0] Opening '/config/cache/transcodes/9d3dd8baddbc010cb4ae3fe44f482d9b432.ts' for writing
[hls @ 0x59b46641e0c0] Opening '/config/cache/transcodes/9d3dd8baddbc010cb4ae3fe44f482d9b433.ts' for writing
frame=31235 fps=223 q=28.0 size=N/A time=00:21:38.63 bitrate=N/A dup=2 drop=0 speed=9.27x    
[hls @ 0x59b46641e0c0] Opening '/config/cache/transcodes/9d3dd8baddbc010cb4ae3fe44f482d9b434.ts' for writing
[hls @ 0x59b46641e0c0] Opening '/config/cache/transcodes/9d3dd8baddbc010cb4ae3fe44f482d9b435.ts' for writing
frame=31384 fps=223 q=28.0 size=N/A time=00:21:44.84 bitrate=N/A dup=2 drop=0 speed=9.28x    
[hls @ 0x59b46641e0c0] Opening '/config/cache/transcodes/9d3dd8baddbc010cb4ae3fe44f482d9b436.ts' for writing
[hls @ 0x59b46641e0c0] Opening '/config/cache/transcodes/9d3dd8baddbc010cb4ae3fe44f482d9b437.ts' for writing
frame=31533 fps=223 q=28.0 size=N/A time=00:21:51.05 bitrate=N/A dup=2 drop=0 speed=9.29x    
[hls @ 0x59b46641e0c0] Opening '/config/cache/transcodes/9d3dd8baddbc010cb4ae3fe44f482d9b438.ts' for writing
[hls @ 0x59b46641e0c0] Opening '/config/cache/transcodes/9d3dd8baddbc010cb4ae3fe44f482d9b439.ts' for writing
frame=31675 fps=224 q=28.0 size=N/A time=00:21:56.98 bitrate=N/A dup=2 drop=0 speed= 9.3x    
[hls @ 0x59b46641e0c0] Opening '/config/cache/transcodes/9d3dd8baddbc010cb4ae3fe44f482d9b440.ts' for writing
[hls @ 0x59b46641e0c0] Opening '/config/cache/transcodes/9d3dd8baddbc010cb4ae3fe44f482d9b441.ts' for writing
frame=31807 fps=224 q=28.0 size=N/A time=00:22:02.48 bitrate=N/A dup=2 drop=0 speed= 9.3x    
[hls @ 0x59b46641e0c0] Opening '/config/cache/transcodes/9d3dd8baddbc010cb4ae3fe44f482d9b442.ts' for writing
frame=31924 fps=224 q=28.0 size=N/A time=00:22:07.36 bitrate=N/A dup=2 drop=0 speed=9.31x    
[hls @ 0x59b46641e0c0] Opening '/config/cache/transcodes/9d3dd8baddbc010cb4ae3fe44f482d9b443.ts' for writing
[hls @ 0x59b46641e0c0] Opening '/config/cache/transcodes/9d3dd8baddbc010cb4ae3fe44f482d9b444.ts' for writing
frame=32043 fps=224 q=28.0 size=N/A time=00:22:12.33 bitrate=N/A dup=2 drop=0 speed=9.31x    
[hls @ 0x59b46641e0c0] Opening '/config/cache/transcodes/9d3dd8baddbc010cb4ae3fe44f482d9b445.ts' for writing
[hls @ 0x59b46641e0c0] Opening '/config/cache/transcodes/9d3dd8baddbc010cb4ae3fe44f482d9b446.ts' for writing
frame=32174 fps=224 q=28.0 size=N/A time=00:22:17.79 bitrate=N/A dup=2 drop=0 speed=9.31x    
[hls @ 0x59b46641e0c0] Opening '/config/cache/transcodes/9d3dd8baddbc010cb4ae3fe44f482d9b447.ts' for writing
[hls @ 0x59b46641e0c0] Opening '/config/cache/transcodes/9d3dd8baddbc010cb4ae3fe44f482d9b448.ts' for writing
frame=32301 fps=224 q=28.0 size=N/A time=00:22:23.09 bitrate=N/A dup=2 drop=0 speed=9.32x    
[hls @ 0x59b46641e0c0] Opening '/config/cache/transcodes/9d3dd8baddbc010cb4ae3fe44f482d9b449.ts' for writing
frame=32438 fps=224 q=28.0 size=N/A time=00:22:28.80 bitrate=N/A dup=2 drop=0 speed=9.33x    
[hls @ 0x59b46641e0c0] Opening '/config/cache/transcodes/9d3dd8baddbc010cb4ae3fe44f482d9b450.ts' for writing
[hls @ 0x59b46641e0c0] Opening '/config/cache/transcodes/9d3dd8baddbc010cb4ae3fe44f482d9b451.ts' for writing
frame=32551 fps=224 q=28.0 size=N/A time=00:22:33.51 bitrate=N/A dup=2 drop=0 speed=9.33x    
[hls @ 0x59b46641e0c0] Opening '/config/cache/transcodes/9d3dd8baddbc010cb4ae3fe44f482d9b452.ts' for writing
[hls @ 0x59b46641e0c0] Opening '/config/cache/transcodes/9d3dd8baddbc010cb4ae3fe44f482d9b453.ts' for writing
frame=32676 fps=224 q=28.0 size=N/A time=00:22:38.73 bitrate=N/A dup=2 drop=0 speed=9.33x    
[hls @ 0x59b46641e0c0] Opening '/config/cache/transcodes/9d3dd8baddbc010cb4ae3fe44f482d9b454.ts' for writing
[hls @ 0x59b46641e0c0] Opening '/config/cache/transcodes/9d3dd8baddbc010cb4ae3fe44f482d9b455.ts' for writing
frame=32814 fps=225 q=28.0 size=N/A time=00:22:44.48 bitrate=N/A dup=2 drop=0 speed=9.34x    
[hls @ 0x59b46641e0c0] Opening '/config/cache/transcodes/9d3dd8baddbc010cb4ae3fe44f482d9b456.ts' for writing
frame=32928 fps=225 q=28.0 size=N/A time=00:22:49.24 bitrate=N/A dup=2 drop=0 speed=9.34x    
[hls @ 0x59b46641e0c0] Opening '/config/cache/transcodes/9d3dd8baddbc010cb4ae3fe44f482d9b457.ts' for writing
[hls @ 0x59b46641e0c0] Opening '/config/cache/transcodes/9d3dd8baddbc010cb4ae3fe44f482d9b458.ts' for writing
frame=33057 fps=225 q=28.0 size=N/A time=00:22:54.62 bitrate=N/A dup=2 drop=0 speed=9.34x    
[hls @ 0x59b46641e0c0] Opening '/config/cache/transcodes/9d3dd8baddbc010cb4ae3fe44f482d9b459.ts' for writing
[hls @ 0x59b46641e0c0] Opening '/config/cache/transcodes/9d3dd8baddbc010cb4ae3fe44f482d9b460.ts' for writing
frame=33178 fps=225 q=28.0 size=N/A time=00:22:59.71 bitrate=N/A dup=2 drop=0 speed=9.35x    
[hls @ 0x59b46641e0c0] Opening '/config/cache/transcodes/9d3dd8baddbc010cb4ae3fe44f482d9b461.ts' for writing
[hls @ 0x59b46641e0c0] Opening '/config/cache/transcodes/9d3dd8baddbc010cb4ae3fe44f482d9b462.ts' for writing
frame=33311 fps=225 q=28.0 size=N/A time=00:23:05.21 bitrate=N/A dup=2 drop=0 speed=9.35x    
[hls @ 0x59b46641e0c0] Opening '/config/cache/transcodes/9d3dd8baddbc010cb4ae3fe44f482d9b463.ts' for writing
[hls @ 0x59b46641e0c0] Opening '/config/cache/transcodes/9d3dd8baddbc010cb4ae3fe44f482d9b464.ts' for writing
frame=33450 fps=225 q=28.0 size=N/A time=00:23:11.01 bitrate=N/A dup=2 drop=0 speed=9.36x    
[hls @ 0x59b46641e0c0] Opening '/config/cache/transcodes/9d3dd8baddbc010cb4ae3fe44f482d9b465.ts' for writing
frame=33591 fps=225 q=28.0 size=N/A time=00:23:16.89 bitrate=N/A dup=2 drop=0 speed=9.37x    
[hls @ 0x59b46641e0c0] Opening '/config/cache/transcodes/9d3dd8baddbc010cb4ae3fe44f482d9b466.ts' for writing
[hls @ 0x59b46641e0c0] Opening '/config/cache/transcodes/9d3dd8baddbc010cb4ae3fe44f482d9b467.ts' for writing
frame=33719 fps=225 q=28.0 size=N/A time=00:23:22.23 bitrate=N/A dup=2 drop=0 speed=9.37x    
[hls @ 0x59b46641e0c0] Opening '/config/cache/transcodes/9d3dd8baddbc010cb4ae3fe44f482d9b468.ts' for writing
[hls @ 0x59b46641e0c0] Opening '/config/cache/transcodes/9d3dd8baddbc010cb4ae3fe44f482d9b469.ts' for writing
frame=33841 fps=225 q=28.0 size=N/A time=00:23:27.32 bitrate=N/A dup=2 drop=0 speed=9.37x    
[hls @ 0x59b46641e0c0] Opening '/config/cache/transcodes/9d3dd8baddbc010cb4ae3fe44f482d9b470.ts' for writing
[hls @ 0x59b46641e0c0] Opening '/config/cache/transcodes/9d3dd8baddbc010cb4ae3fe44f482d9b471.ts' for writing
frame=33969 fps=226 q=28.0 size=N/A time=00:23:32.66 bitrate=N/A dup=2 drop=0 speed=9.38x    
[hls @ 0x59b46641e0c0] Opening '/config/cache/transcodes/9d3dd8baddbc010cb4ae3fe44f482d9b472.ts' for writing
[hls @ 0x59b46641e0c0] Opening '/config/cache/transcodes/9d3dd8baddbc010cb4ae3fe44f482d9b473.ts' for writing
frame=34102 fps=226 q=28.0 size=N/A time=00:23:38.20 bitrate=N/A dup=2 drop=0 speed=9.38x    
[hls @ 0x59b46641e0c0] Opening '/config/cache/transcodes/9d3dd8baddbc010cb4ae3fe44f482d9b474.ts' for writing
frame=34232 fps=226 q=28.0 size=N/A time=00:23:43.63 bitrate=N/A dup=2 drop=0 speed=9.39x    
[hls @ 0x59b46641e0c0] Opening '/config/cache/transcodes/9d3dd8baddbc010cb4ae3fe44f482d9b475.ts' for writing
[hls @ 0x59b46641e0c0] Opening '/config/cache/transcodes/9d3dd8baddbc010cb4ae3fe44f482d9b476.ts' for writing
frame=34359 fps=226 q=28.0 size=N/A time=00:23:48.92 bitrate=N/A dup=2 drop=0 speed=9.39x    
[hls @ 0x59b46641e0c0] Opening '/config/cache/transcodes/9d3dd8baddbc010cb4ae3fe44f482d9b477.ts' for writing
[hls @ 0x59b46641e0c0] Opening '/config/cache/transcodes/9d3dd8baddbc010cb4ae3fe44f482d9b478.ts' for writing
frame=34504 fps=226 q=28.0 size=N/A time=00:23:54.97 bitrate=N/A dup=2 drop=0 speed= 9.4x    
[hls @ 0x59b46641e0c0] Opening '/config/cache/transcodes/9d3dd8baddbc010cb4ae3fe44f482d9b479.ts' for writing
[hls @ 0x59b46641e0c0] Opening '/config/cache/transcodes/9d3dd8baddbc010cb4ae3fe44f482d9b480.ts' for writing
frame=34643 fps=226 q=28.0 size=N/A time=00:24:00.77 bitrate=N/A dup=2 drop=0 speed=9.41x    
[hls @ 0x59b46641e0c0] Opening '/config/cache/transcodes/9d3dd8baddbc010cb4ae3fe44f482d9b481.ts' for writing
[hls @ 0x59b46641e0c0] Opening '/config/cache/transcodes/9d3dd8baddbc010cb4ae3fe44f482d9b482.ts' for writing
frame=34770 fps=226 q=28.0 size=N/A time=00:24:06.15 bitrate=N/A dup=2 drop=0 speed=9.41x    
[hls @ 0x59b46641e0c0] Opening '/config/cache/transcodes/9d3dd8baddbc010cb4ae3fe44f482d9b483.ts' for writing
frame=34886 fps=226 q=28.0 size=N/A time=00:24:10.90 bitrate=N/A dup=2 drop=0 speed=9.41x    
[hls @ 0x59b46641e0c0] Opening '/config/cache/transcodes/9d3dd8baddbc010cb4ae3fe44f482d9b484.ts' for writing
[hls @ 0x59b46641e0c0] Opening '/config/cache/transcodes/9d3dd8baddbc010cb4ae3fe44f482d9b485.ts' for writing
frame=34966 fps=226 q=28.0 size=N/A time=00:24:14.24 bitrate=N/A dup=2 drop=0 speed= 9.4x    
[hls @ 0x59b46641e0c0] Opening '/config/cache/transcodes/9d3dd8baddbc010cb4ae3fe44f482d9b486.ts' for writing
frame=35049 fps=226 q=28.0 size=N/A time=00:24:17.70 bitrate=N/A dup=2 drop=0 speed= 9.4x    
[hls @ 0x59b46641e0c0] Opening '/config/cache/transcodes/9d3dd8baddbc010cb4ae3fe44f482d9b487.ts' for writing
frame=35139 fps=226 q=28.0 size=N/A time=00:24:21.46 bitrate=N/A dup=2 drop=0 speed=9.39x    
[hls @ 0x59b46641e0c0] Opening '/config/cache/transcodes/9d3dd8baddbc010cb4ae3fe44f482d9b488.ts' for writing
frame=35231 fps=226 q=28.0 size=N/A time=00:24:25.29 bitrate=N/A dup=2 drop=0 speed=9.38x    
[hls @ 0x59b46641e0c0] Opening '/config/cache/transcodes/9d3dd8baddbc010cb4ae3fe44f482d9b489.ts' for writing
[hls @ 0x59b46641e0c0] Opening '/config/cache/transcodes/9d3dd8baddbc010cb4ae3fe44f482d9b490.ts' for writing
frame=35323 fps=226 q=28.0 size=N/A time=00:24:29.13 bitrate=N/A dup=2 drop=0 speed=9.38x    
[hls @ 0x59b46641e0c0] Opening '/config/cache/transcodes/9d3dd8baddbc010cb4ae3fe44f482d9b491.ts' for writing
frame=35428 fps=225 q=28.0 size=N/A time=00:24:33.51 bitrate=N/A dup=2 drop=0 speed=9.38x    
[hls @ 0x59b46641e0c0] Opening '/config/cache/transcodes/9d3dd8baddbc010cb4ae3fe44f482d9b492.ts' for writing
frame=35533 fps=225 q=28.0 size=N/A time=00:24:37.89 bitrate=N/A dup=2 drop=0 speed=9.37x    
[hls @ 0x59b46641e0c0] Opening '/config/cache/transcodes/9d3dd8baddbc010cb4ae3fe44f482d9b493.ts' for writing
[hls @ 0x59b46641e0c0] Opening '/config/cache/transcodes/9d3dd8baddbc010cb4ae3fe44f482d9b494.ts' for writing
frame=35635 fps=225 q=28.0 size=N/A time=00:24:42.14 bitrate=N/A dup=2 drop=0 speed=9.37x    
[hls @ 0x59b46641e0c0] Opening '/config/cache/transcodes/9d3dd8baddbc010cb4ae3fe44f482d9b495.ts' for writing
frame=35735 fps=225 q=30.0 size=N/A time=00:24:46.31 bitrate=N/A dup=2 drop=0 speed=9.37x    
[hls @ 0x59b46641e0c0] Opening '/config/cache/transcodes/9d3dd8baddbc010cb4ae3fe44f482d9b496.ts' for writing
[hls @ 0x59b46641e0c0] Opening '/config/cache/transcodes/9d3dd8baddbc010cb4ae3fe44f482d9b497.ts' for writing
frame=35835 fps=225 q=28.0 size=N/A time=00:24:50.48 bitrate=N/A dup=2 drop=0 speed=9.37x    
[hls @ 0x59b46641e0c0] Opening '/config/cache/transcodes/9d3dd8baddbc010cb4ae3fe44f482d9b498.ts' for writing
frame=35929 fps=225 q=28.0 size=N/A time=00:24:54.40 bitrate=N/A dup=2 drop=0 speed=9.36x    
[hls @ 0x59b46641e0c0] Opening '/config/cache/transcodes/9d3dd8baddbc010cb4ae3fe44f482d9b499.ts' for writing
frame=36022 fps=225 q=28.0 size=N/A time=00:24:58.28 bitrate=N/A dup=2 drop=0 speed=9.36x    
[hls @ 0x59b46641e0c0] Opening '/config/cache/transcodes/9d3dd8baddbc010cb4ae3fe44f482d9b500.ts' for writing
[hls @ 0x59b46641e0c0] Opening '/config/cache/transcodes/9d3dd8baddbc010cb4ae3fe44f482d9b501.ts' for writing
frame=36133 fps=225 q=28.0 size=N/A time=00:25:02.91 bitrate=N/A dup=2 drop=0 speed=9.36x    
[hls @ 0x59b46641e0c0] Opening '/config/cache/transcodes/9d3dd8baddbc010cb4ae3fe44f482d9b502.ts' for writing
[hls @ 0x59b46641e0c0] Opening '/config/cache/transcodes/9d3dd8baddbc010cb4ae3fe44f482d9b503.ts' for writing
frame=36254 fps=225 q=28.0 size=N/A time=00:25:07.96 bitrate=N/A dup=2 drop=0 speed=9.36x    
[hls @ 0x59b46641e0c0] Opening '/config/cache/transcodes/9d3dd8baddbc010cb4ae3fe44f482d9b504.ts' for writing
frame=36384 fps=225 q=28.0 size=N/A time=00:25:13.38 bitrate=N/A dup=2 drop=0 speed=9.36x    
[hls @ 0x59b46641e0c0] Opening '/config/cache/transcodes/9d3dd8baddbc010cb4ae3fe44f482d9b505.ts' for writing
[hls @ 0x59b46641e0c0] Opening '/config/cache/transcodes/9d3dd8baddbc010cb4ae3fe44f482d9b506.ts' for writing
frame=36512 fps=225 q=28.0 size=N/A time=00:25:18.72 bitrate=N/A dup=2 drop=0 speed=9.37x    
[hls @ 0x59b46641e0c0] Opening '/config/cache/transcodes/9d3dd8baddbc010cb4ae3fe44f482d9b507.ts' for writing
frame=36612 fps=225 q=28.0 size=N/A time=00:25:22.89 bitrate=N/A dup=2 drop=0 speed=9.36x    
[hls @ 0x59b46641e0c0] Opening '/config/cache/transcodes/9d3dd8baddbc010cb4ae3fe44f482d9b508.ts' for writing
[hls @ 0x59b46641e0c0] Opening '/config/cache/transcodes/9d3dd8baddbc010cb4ae3fe44f482d9b509.ts' for writing
frame=36722 fps=225 q=28.0 size=N/A time=00:25:27.48 bitrate=N/A dup=2 drop=0 speed=9.36x    
[hls @ 0x59b46641e0c0] Opening '/config/cache/transcodes/9d3dd8baddbc010cb4ae3fe44f482d9b510.ts' for writing
[hls @ 0x59b46641e0c0] Opening '/config/cache/transcodes/9d3dd8baddbc010cb4ae3fe44f482d9b511.ts' for writing
frame=36832 fps=225 q=28.0 size=N/A time=00:25:32.07 bitrate=N/A dup=2 drop=0 speed=9.36x    
[hls @ 0x59b46641e0c0] Opening '/config/cache/transcodes/9d3dd8baddbc010cb4ae3fe44f482d9b512.ts' for writing
frame=36953 fps=225 q=28.0 size=N/A time=00:25:37.11 bitrate=N/A dup=2 drop=0 speed=9.36x    
[hls @ 0x59b46641e0c0] Opening '/config/cache/transcodes/9d3dd8baddbc010cb4ae3fe44f482d9b513.ts' for writing
[hls @ 0x59b46641e0c0] Opening '/config/cache/transcodes/9d3dd8baddbc010cb4ae3fe44f482d9b514.ts' for writing
frame=37063 fps=225 q=28.0 size=N/A time=00:25:41.70 bitrate=N/A dup=2 drop=0 speed=9.36x    
[hls @ 0x59b46641e0c0] Opening '/config/cache/transcodes/9d3dd8baddbc010cb4ae3fe44f482d9b515.ts' for writing
frame=37174 fps=225 q=28.0 size=N/A time=00:25:46.33 bitrate=N/A dup=2 drop=0 speed=9.36x    
[hls @ 0x59b46641e0c0] Opening '/config/cache/transcodes/9d3dd8baddbc010cb4ae3fe44f482d9b516.ts' for writing
[hls @ 0x59b46641e0c0] Opening '/config/cache/transcodes/9d3dd8baddbc010cb4ae3fe44f482d9b517.ts' for writing
frame=37294 fps=225 q=28.0 size=N/A time=00:25:51.38 bitrate=N/A dup=2 drop=0 speed=9.37x    
[hls @ 0x59b46641e0c0] Opening '/config/cache/transcodes/9d3dd8baddbc010cb4ae3fe44f482d9b518.ts' for writing
[hls @ 0x59b46641e0c0] Opening '/config/cache/transcodes/9d3dd8baddbc010cb4ae3fe44f482d9b519.ts' for writing
frame=37405 fps=225 q=28.0 size=N/A time=00:25:55.97 bitrate=N/A dup=2 drop=0 speed=9.36x    
[hls @ 0x59b46641e0c0] Opening '/config/cache/transcodes/9d3dd8baddbc010cb4ae3fe44f482d9b520.ts' for writing
frame=37501 fps=225 q=28.0 size=N/A time=00:25:59.97 bitrate=N/A dup=2 drop=0 speed=9.36x    
[hls @ 0x59b46641e0c0] Opening '/config/cache/transcodes/9d3dd8baddbc010cb4ae3fe44f482d9b521.ts' for writing
frame=37610 fps=225 q=28.0 size=N/A time=00:26:04.52 bitrate=N/A dup=2 drop=0 speed=9.36x    
[hls @ 0x59b46641e0c0] Opening '/config/cache/transcodes/9d3dd8baddbc010cb4ae3fe44f482d9b522.ts' for writing
[hls @ 0x59b46641e0c0] Opening '/config/cache/transcodes/9d3dd8baddbc010cb4ae3fe44f482d9b523.ts' for writing
frame=37731 fps=225 q=28.0 size=N/A time=00:26:09.60 bitrate=N/A dup=2 drop=0 speed=9.36x    
[hls @ 0x59b46641e0c0] Opening '/config/cache/transcodes/9d3dd8baddbc010cb4ae3fe44f482d9b524.ts' for writing
[hls @ 0x59b46641e0c0] Opening '/config/cache/transcodes/9d3dd8baddbc010cb4ae3fe44f482d9b525.ts' for writing
frame=37856 fps=225 q=28.0 size=N/A time=00:26:14.78 bitrate=N/A dup=2 drop=0 speed=9.37x    
[hls @ 0x59b46641e0c0] Opening '/config/cache/transcodes/9d3dd8baddbc010cb4ae3fe44f482d9b526.ts' for writing
[hls @ 0x59b46641e0c0] Opening '/config/cache/transcodes/9d3dd8baddbc010cb4ae3fe44f482d9b527.ts' for writing
frame=37981 fps=225 q=28.0 size=N/A time=00:26:19.99 bitrate=N/A dup=2 drop=0 speed=9.37x    
[hls @ 0x59b46641e0c0] Opening '/config/cache/transcodes/9d3dd8baddbc010cb4ae3fe44f482d9b528.ts' for writing
frame=38080 fps=225 q=28.0 size=N/A time=00:26:24.12 bitrate=N/A dup=2 drop=0 speed=9.36x    
[hls @ 0x59b46641e0c0] Opening '/config/cache/transcodes/9d3dd8baddbc010cb4ae3fe44f482d9b529.ts' for writing
[hls @ 0x59b46641e0c0] Opening '/config/cache/transcodes/9d3dd8baddbc010cb4ae3fe44f482d9b530.ts' for writing
frame=38206 fps=225 q=28.0 size=N/A time=00:26:29.37 bitrate=N/A dup=2 drop=0 speed=9.37x    
[hls @ 0x59b46641e0c0] Opening '/config/cache/transcodes/9d3dd8baddbc010cb4ae3fe44f482d9b531.ts' for writing
frame=38306 fps=225 q=28.0 size=N/A time=00:26:33.55 bitrate=N/A dup=2 drop=0 speed=9.37x    
[hls @ 0x59b46641e0c0] Opening '/config/cache/transcodes/9d3dd8baddbc010cb4ae3fe44f482d9b532.ts' for writing
frame=38403 fps=225 q=28.0 size=N/A time=00:26:37.59 bitrate=N/A dup=2 drop=0 speed=9.36x    
[hls @ 0x59b46641e0c0] Opening '/config/cache/transcodes/9d3dd8baddbc010cb4ae3fe44f482d9b533.ts' for writing
[hls @ 0x59b46641e0c0] Opening '/config/cache/transcodes/9d3dd8baddbc010cb4ae3fe44f482d9b534.ts' for writing
frame=38496 fps=225 q=28.0 size=N/A time=00:26:41.47 bitrate=N/A dup=2 drop=0 speed=9.36x    
[hls @ 0x59b46641e0c0] Opening '/config/cache/transcodes/9d3dd8baddbc010cb4ae3fe44f482d9b535.ts' for writing
frame=38605 fps=225 q=28.0 size=N/A time=00:26:46.02 bitrate=N/A dup=2 drop=0 speed=9.36x    
[hls @ 0x59b46641e0c0] Opening '/config/cache/transcodes/9d3dd8baddbc010cb4ae3fe44f482d9b536.ts' for writing
[hls @ 0x59b46641e0c0] Opening '/config/cache/transcodes/9d3dd8baddbc010cb4ae3fe44f482d9b537.ts' for writing
frame=38754 fps=225 q=28.0 size=N/A time=00:26:52.23 bitrate=N/A dup=2 drop=0 speed=9.36x    
[hls @ 0x59b46641e0c0] Opening '/config/cache/transcodes/9d3dd8baddbc010cb4ae3fe44f482d9b538.ts' for writing
[hls @ 0x59b46641e0c0] Opening '/config/cache/transcodes/9d3dd8baddbc010cb4ae3fe44f482d9b539.ts' for writing
frame=38903 fps=225 q=28.0 size=N/A time=00:26:58.45 bitrate=N/A dup=2 drop=0 speed=9.37x    
[hls @ 0x59b46641e0c0] Opening '/config/cache/transcodes/9d3dd8baddbc010cb4ae3fe44f482d9b540.ts' for writing
[hls @ 0x59b46641e0c0] Opening '/config/cache/transcodes/9d3dd8baddbc010cb4ae3fe44f482d9b541.ts' for writing
frame=39040 fps=225 q=28.0 size=N/A time=00:27:04.16 bitrate=N/A dup=2 drop=0 speed=9.38x    
[hls @ 0x59b46641e0c0] Opening '/config/cache/transcodes/9d3dd8baddbc010cb4ae3fe44f482d9b542.ts' for writing
[hls @ 0x59b46641e0c0] Opening '/config/cache/transcodes/9d3dd8baddbc010cb4ae3fe44f482d9b543.ts' for writing
frame=39155 fps=225 q=28.0 size=N/A time=00:27:08.96 bitrate=N/A dup=2 drop=0 speed=9.38x    
[hls @ 0x59b46641e0c0] Opening '/config/cache/transcodes/9d3dd8baddbc010cb4ae3fe44f482d9b544.ts' for writing
[hls @ 0x59b46641e0c0] Opening '/config/cache/transcodes/9d3dd8baddbc010cb4ae3fe44f482d9b545.ts' for writing
frame=39281 fps=226 q=28.0 size=N/A time=00:27:14.21 bitrate=N/A dup=2 drop=0 speed=9.38x    
[hls @ 0x59b46641e0c0] Opening '/config/cache/transcodes/9d3dd8baddbc010cb4ae3fe44f482d9b546.ts' for writing
frame=39404 fps=226 q=28.0 size=N/A time=00:27:19.34 bitrate=N/A dup=2 drop=0 speed=9.39x    
[hls @ 0x59b46641e0c0] Opening '/config/cache/transcodes/9d3dd8baddbc010cb4ae3fe44f482d9b547.ts' for writing
[hls @ 0x59b46641e0c0] Opening '/config/cache/transcodes/9d3dd8baddbc010cb4ae3fe44f482d9b548.ts' for writing
frame=39518 fps=226 q=28.0 size=N/A time=00:27:24.10 bitrate=N/A dup=2 drop=0 speed=9.39x    
[hls @ 0x59b46641e0c0] Opening '/config/cache/transcodes/9d3dd8baddbc010cb4ae3fe44f482d9b549.ts' for writing
[hls @ 0x59b46641e0c0] Opening '/config/cache/transcodes/9d3dd8baddbc010cb4ae3fe44f482d9b550.ts' for writing
frame=39656 fps=226 q=28.0 size=N/A time=00:27:29.89 bitrate=N/A dup=2 drop=0 speed=9.39x    
[hls @ 0x59b46641e0c0] Opening '/config/cache/transcodes/9d3dd8baddbc010cb4ae3fe44f482d9b551.ts' for writing
[hls @ 0x59b46641e0c0] Opening '/config/cache/transcodes/9d3dd8baddbc010cb4ae3fe44f482d9b552.ts' for writing
frame=39782 fps=226 q=28.0 size=N/A time=00:27:35.11 bitrate=N/A dup=2 drop=0 speed= 9.4x    
[hls @ 0x59b46641e0c0] Opening '/config/cache/transcodes/9d3dd8baddbc010cb4ae3fe44f482d9b553.ts' for writing
frame=39899 fps=226 q=28.0 size=N/A time=00:27:39.99 bitrate=N/A dup=2 drop=0 speed= 9.4x    
[hls @ 0x59b46641e0c0] Opening '/config/cache/transcodes/9d3dd8baddbc010cb4ae3fe44f482d9b554.ts' for writing
[hls @ 0x59b46641e0c0] Opening '/config/cache/transcodes/9d3dd8baddbc010cb4ae3fe44f482d9b555.ts' for writing
frame=40002 fps=226 q=28.0 size=N/A time=00:27:44.28 bitrate=N/A dup=2 drop=0 speed=9.39x    
[hls @ 0x59b46641e0c0] Opening '/config/cache/transcodes/9d3dd8baddbc010cb4ae3fe44f482d9b556.ts' for writing
frame=40121 fps=226 q=28.0 size=N/A time=00:27:49.25 bitrate=N/A dup=2 drop=0 speed= 9.4x    
[hls @ 0x59b46641e0c0] Opening '/config/cache/transcodes/9d3dd8baddbc010cb4ae3fe44f482d9b557.ts' for writing
[hls @ 0x59b46641e0c0] Opening '/config/cache/transcodes/9d3dd8baddbc010cb4ae3fe44f482d9b558.ts' for writing
frame=40230 fps=226 q=28.0 size=N/A time=00:27:53.79 bitrate=N/A dup=2 drop=0 speed=9.39x    
[hls @ 0x59b46641e0c0] Opening '/config/cache/transcodes/9d3dd8baddbc010cb4ae3fe44f482d9b559.ts' for writing
frame=40343 fps=226 q=28.0 size=N/A time=00:27:58.51 bitrate=N/A dup=2 drop=0 speed=9.39x    
[hls @ 0x59b46641e0c0] Opening '/config/cache/transcodes/9d3dd8baddbc010cb4ae3fe44f482d9b560.ts' for writing
[hls @ 0x59b46641e0c0] Opening '/config/cache/transcodes/9d3dd8baddbc010cb4ae3fe44f482d9b561.ts' for writing
frame=40473 fps=226 q=28.0 size=N/A time=00:28:03.93 bitrate=N/A dup=2 drop=0 speed= 9.4x    
[hls @ 0x59b46641e0c0] Opening '/config/cache/transcodes/9d3dd8baddbc010cb4ae3fe44f482d9b562.ts' for writing
[hls @ 0x59b46641e0c0] Opening '/config/cache/transcodes/9d3dd8baddbc010cb4ae3fe44f482d9b563.ts' for writing
frame=40594 fps=226 q=28.0 size=N/A time=00:28:08.97 bitrate=N/A dup=2 drop=0 speed= 9.4x    
[hls @ 0x59b46641e0c0] Opening '/config/cache/transcodes/9d3dd8baddbc010cb4ae3fe44f482d9b564.ts' for writing
frame=40709 fps=226 q=28.0 size=N/A time=00:28:13.81 bitrate=N/A dup=2 drop=0 speed= 9.4x    
[hls @ 0x59b46641e0c0] Opening '/config/cache/transcodes/9d3dd8baddbc010cb4ae3fe44f482d9b565.ts' for writing
[hls @ 0x59b46641e0c0] Opening '/config/cache/transcodes/9d3dd8baddbc010cb4ae3fe44f482d9b566.ts' for writing
frame=40856 fps=226 q=28.0 size=N/A time=00:28:19.90 bitrate=N/A dup=2 drop=0 speed=9.41x    
[hls @ 0x59b46641e0c0] Opening '/config/cache/transcodes/9d3dd8baddbc010cb4ae3fe44f482d9b567.ts' for writing
[hls @ 0x59b46641e0c0] Opening '/config/cache/transcodes/9d3dd8baddbc010cb4ae3fe44f482d9b568.ts' for writing
frame=40962 fps=226 q=28.0 size=N/A time=00:28:24.32 bitrate=N/A dup=2 drop=0 speed=9.41x    
[hls @ 0x59b46641e0c0] Opening '/config/cache/transcodes/9d3dd8baddbc010cb4ae3fe44f482d9b569.ts' for writing
[hls @ 0x59b46641e0c0] Opening '/config/cache/transcodes/9d3dd8baddbc010cb4ae3fe44f482d9b570.ts' for writing
frame=41073 fps=226 q=28.0 size=N/A time=00:28:28.95 bitrate=N/A dup=2 drop=0 speed=9.41x    
[hls @ 0x59b46641e0c0] Opening '/config/cache/transcodes/9d3dd8baddbc010cb4ae3fe44f482d9b571.ts' for writing
frame=41186 fps=226 q=28.0 size=N/A time=00:28:33.71 bitrate=N/A dup=2 drop=0 speed=9.41x    
[hls @ 0x59b46641e0c0] Opening '/config/cache/transcodes/9d3dd8baddbc010cb4ae3fe44f482d9b572.ts' for writing
[hls @ 0x59b46641e0c0] Opening '/config/cache/transcodes/9d3dd8baddbc010cb4ae3fe44f482d9b573.ts' for writing
frame=41334 fps=226 q=28.0 size=N/A time=00:28:39.84 bitrate=N/A dup=2 drop=0 speed=9.42x    
[hls @ 0x59b46641e0c0] Opening '/config/cache/transcodes/9d3dd8baddbc010cb4ae3fe44f482d9b574.ts' for writing
[hls @ 0x59b46641e0c0] Opening '/config/cache/transcodes/9d3dd8baddbc010cb4ae3fe44f482d9b575.ts' for writing
frame=41479 fps=226 q=28.0 size=N/A time=00:28:45.89 bitrate=N/A dup=2 drop=0 speed=9.42x    
[hls @ 0x59b46641e0c0] Opening '/config/cache/transcodes/9d3dd8baddbc010cb4ae3fe44f482d9b576.ts' for writing
[hls @ 0x59b46641e0c0] Opening '/config/cache/transcodes/9d3dd8baddbc010cb4ae3fe44f482d9b577.ts' for writing
frame=41623 fps=227 q=28.0 size=N/A time=00:28:51.89 bitrate=N/A dup=2 drop=0 speed=9.43x    
[hls @ 0x59b46641e0c0] Opening '/config/cache/transcodes/9d3dd8baddbc010cb4ae3fe44f482d9b578.ts' for writing
[hls @ 0x59b46641e0c0] Opening '/config/cache/transcodes/9d3dd8baddbc010cb4ae3fe44f482d9b579.ts' for writing
frame=41763 fps=227 q=28.0 size=N/A time=00:28:57.73 bitrate=N/A dup=2 drop=0 speed=9.44x    
[hls @ 0x59b46641e0c0] Opening '/config/cache/transcodes/9d3dd8baddbc010cb4ae3fe44f482d9b580.ts' for writing
[hls @ 0x59b46641e0c0] Opening '/config/cache/transcodes/9d3dd8baddbc010cb4ae3fe44f482d9b581.ts' for writing
frame=41905 fps=227 q=28.0 size=N/A time=00:29:03.65 bitrate=N/A dup=2 drop=0 speed=9.44x    
[hls @ 0x59b46641e0c0] Opening '/config/cache/transcodes/9d3dd8baddbc010cb4ae3fe44f482d9b582.ts' for writing
[hls @ 0x59b46641e0c0] Opening '/config/cache/transcodes/9d3dd8baddbc010cb4ae3fe44f482d9b583.ts' for writing
frame=42044 fps=227 q=28.0 size=N/A time=00:29:09.45 bitrate=N/A dup=2 drop=0 speed=9.45x    
[hls @ 0x59b46641e0c0] Opening '/config/cache/transcodes/9d3dd8baddbc010cb4ae3fe44f482d9b584.ts' for writing
[hls @ 0x59b46641e0c0] Opening '/config/cache/transcodes/9d3dd8baddbc010cb4ae3fe44f482d9b585.ts' for writing
frame=42175 fps=227 q=28.0 size=N/A time=00:29:14.91 bitrate=N/A dup=2 drop=0 speed=9.45x    
[hls @ 0x59b46641e0c0] Opening '/config/cache/transcodes/9d3dd8baddbc010cb4ae3fe44f482d9b586.ts' for writing
[hls @ 0x59b46641e0c0] Opening '/config/cache/transcodes/9d3dd8baddbc010cb4ae3fe44f482d9b587.ts' for writing
frame=42297 fps=227 q=28.0 size=N/A time=00:29:20.00 bitrate=N/A dup=2 drop=0 speed=9.45x    
[hls @ 0x59b46641e0c0] Opening '/config/cache/transcodes/9d3dd8baddbc010cb4ae3fe44f482d9b588.ts' for writing
frame=42404 fps=227 q=28.0 size=N/A time=00:29:24.47 bitrate=N/A dup=2 drop=0 speed=9.45x    
[hls @ 0x59b46641e0c0] Opening '/config/cache/transcodes/9d3dd8baddbc010cb4ae3fe44f482d9b589.ts' for writing
[hls @ 0x59b46641e0c0] Opening '/config/cache/transcodes/9d3dd8baddbc010cb4ae3fe44f482d9b590.ts' for writing
frame=42529 fps=227 q=28.0 size=N/A time=00:29:29.68 bitrate=N/A dup=2 drop=0 speed=9.45x    
[hls @ 0x59b46641e0c0] Opening '/config/cache/transcodes/9d3dd8baddbc010cb4ae3fe44f482d9b591.ts' for writing
[hls @ 0x59b46641e0c0] Opening '/config/cache/transcodes/9d3dd8baddbc010cb4ae3fe44f482d9b592.ts' for writing
frame=42660 fps=227 q=28.0 size=N/A time=00:29:35.14 bitrate=N/A dup=2 drop=0 speed=9.46x    
[hls @ 0x59b46641e0c0] Opening '/config/cache/transcodes/9d3dd8baddbc010cb4ae3fe44f482d9b593.ts' for writing
frame=42792 fps=227 q=28.0 size=N/A time=00:29:40.65 bitrate=N/A dup=2 drop=0 speed=9.46x    
[hls @ 0x59b46641e0c0] Opening '/config/cache/transcodes/9d3dd8baddbc010cb4ae3fe44f482d9b594.ts' for writing
[hls @ 0x59b46641e0c0] Opening '/config/cache/transcodes/9d3dd8baddbc010cb4ae3fe44f482d9b595.ts' for writing
frame=42905 fps=227 q=28.0 size=N/A time=00:29:45.36 bitrate=N/A dup=2 drop=0 speed=9.46x    
[hls @ 0x59b46641e0c0] Opening '/config/cache/transcodes/9d3dd8baddbc010cb4ae3fe44f482d9b596.ts' for writing
[hls @ 0x59b46641e0c0] Opening '/config/cache/transcodes/9d3dd8baddbc010cb4ae3fe44f482d9b597.ts' for writing
frame=43015 fps=227 q=28.0 size=N/A time=00:29:49.95 bitrate=N/A dup=2 drop=0 speed=9.46x    
[hls @ 0x59b46641e0c0] Opening '/config/cache/transcodes/9d3dd8baddbc010cb4ae3fe44f482d9b598.ts' for writing
frame=43122 fps=227 q=28.0 size=N/A time=00:29:54.41 bitrate=N/A dup=2 drop=0 speed=9.46x    
[hls @ 0x59b46641e0c0] Opening '/config/cache/transcodes/9d3dd8baddbc010cb4ae3fe44f482d9b599.ts' for writing
[hls @ 0x59b46641e0c0] Opening '/config/cache/transcodes/9d3dd8baddbc010cb4ae3fe44f482d9b600.ts' for writing
frame=43237 fps=227 q=28.0 size=N/A time=00:29:59.21 bitrate=N/A dup=2 drop=0 speed=9.46x    
[hls @ 0x59b46641e0c0] Opening '/config/cache/transcodes/9d3dd8baddbc010cb4ae3fe44f482d9b601.ts' for writing
[hls @ 0x59b46641e0c0] Opening '/config/cache/transcodes/9d3dd8baddbc010cb4ae3fe44f482d9b602.ts' for writing
frame=43380 fps=228 q=28.0 size=N/A time=00:30:05.17 bitrate=N/A dup=2 drop=0 speed=9.47x    
[hls @ 0x59b46641e0c0] Opening '/config/cache/transcodes/9d3dd8baddbc010cb4ae3fe44f482d9b603.ts' for writing
frame=43503 fps=228 q=28.0 size=N/A time=00:30:10.30 bitrate=N/A dup=2 drop=0 speed=9.47x    
[hls @ 0x59b46641e0c0] Opening '/config/cache/transcodes/9d3dd8baddbc010cb4ae3fe44f482d9b604.ts' for writing
[hls @ 0x59b46641e0c0] Opening '/config/cache/transcodes/9d3dd8baddbc010cb4ae3fe44f482d9b605.ts' for writing
frame=43610 fps=228 q=28.0 size=N/A time=00:30:14.77 bitrate=N/A dup=2 drop=0 speed=9.47x    
[hls @ 0x59b46641e0c0] Opening '/config/cache/transcodes/9d3dd8baddbc010cb4ae3fe44f482d9b606.ts' for writing
frame=43685 fps=227 q=31.0 size=N/A time=00:30:17.89 bitrate=N/A dup=2 drop=0 speed=9.46x    
[hls @ 0x59b46641e0c0] Opening '/config/cache/transcodes/9d3dd8baddbc010cb4ae3fe44f482d9b607.ts' for writing
frame=43772 fps=227 q=28.0 size=N/A time=00:30:21.52 bitrate=N/A dup=2 drop=0 speed=9.45x    
[hls @ 0x59b46641e0c0] Opening '/config/cache/transcodes/9d3dd8baddbc010cb4ae3fe44f482d9b608.ts' for writing
[hls @ 0x59b46641e0c0] Opening '/config/cache/transcodes/9d3dd8baddbc010cb4ae3fe44f482d9b609.ts' for writing
frame=43879 fps=227 q=28.0 size=N/A time=00:30:25.99 bitrate=N/A dup=2 drop=0 speed=9.45x    
[hls @ 0x59b46641e0c0] Opening '/config/cache/transcodes/9d3dd8baddbc010cb4ae3fe44f482d9b610.ts' for writing
frame=43974 fps=227 q=28.0 size=N/A time=00:30:29.95 bitrate=N/A dup=2 drop=0 speed=9.45x    
[hls @ 0x59b46641e0c0] Opening '/config/cache/transcodes/9d3dd8baddbc010cb4ae3fe44f482d9b611.ts' for writing
frame=44056 fps=227 q=28.0 size=N/A time=00:30:33.37 bitrate=N/A dup=2 drop=0 speed=9.44x    
[hls @ 0x59b46641e0c0] Opening '/config/cache/transcodes/9d3dd8baddbc010cb4ae3fe44f482d9b612.ts' for writing
[hls @ 0x59b46641e0c0] Opening '/config/cache/transcodes/9d3dd8baddbc010cb4ae3fe44f482d9b613.ts' for writing
frame=44184 fps=227 q=28.0 size=N/A time=00:30:38.71 bitrate=N/A dup=2 drop=0 speed=9.44x    
[hls @ 0x59b46641e0c0] Opening '/config/cache/transcodes/9d3dd8baddbc010cb4ae3fe44f482d9b614.ts' for writing
frame=44282 fps=227 q=28.0 size=N/A time=00:30:42.79 bitrate=N/A dup=2 drop=0 speed=9.44x    
[hls @ 0x59b46641e0c0] Opening '/config/cache/transcodes/9d3dd8baddbc010cb4ae3fe44f482d9b615.ts' for writing
frame=44352 fps=227 q=33.0 size=N/A time=00:30:45.71 bitrate=N/A dup=2 drop=0 speed=9.43x    
[hls @ 0x59b46641e0c0] Opening '/config/cache/transcodes/9d3dd8baddbc010cb4ae3fe44f482d9b616.ts' for writing
frame=44444 fps=227 q=28.0 size=N/A time=00:30:49.55 bitrate=N/A dup=2 drop=0 speed=9.43x    
[hls @ 0x59b46641e0c0] Opening '/config/cache/transcodes/9d3dd8baddbc010cb4ae3fe44f482d9b617.ts' for writing
[hls @ 0x59b46641e0c0] Opening '/config/cache/transcodes/9d3dd8baddbc010cb4ae3fe44f482d9b618.ts' for writing
frame=44536 fps=226 q=28.0 size=N/A time=00:30:53.39 bitrate=N/A dup=2 drop=0 speed=9.42x    
[hls @ 0x59b46641e0c0] Opening '/config/cache/transcodes/9d3dd8baddbc010cb4ae3fe44f482d9b619.ts' for writing
[hls @ 0x59b46641e0c0] Opening '/config/cache/transcodes/9d3dd8baddbc010cb4ae3fe44f482d9b620.ts' for writing
frame=44679 fps=227 q=28.0 size=N/A time=00:30:59.39 bitrate=N/A dup=2 drop=0 speed=9.43x    
[hls @ 0x59b46641e0c0] Opening '/config/cache/transcodes/9d3dd8baddbc010cb4ae3fe44f482d9b621.ts' for writing
frame=44794 fps=227 q=28.0 size=N/A time=00:31:04.15 bitrate=N/A dup=2 drop=0 speed=9.43x    
[hls @ 0x59b46641e0c0] Opening '/config/cache/transcodes/9d3dd8baddbc010cb4ae3fe44f482d9b622.ts' for writing
[hls @ 0x59b46641e0c0] Opening '/config/cache/transcodes/9d3dd8baddbc010cb4ae3fe44f482d9b623.ts' for writing
frame=44910 fps=227 q=28.0 size=N/A time=00:31:08.99 bitrate=N/A dup=2 drop=0 speed=9.43x    
[hls @ 0x59b46641e0c0] Opening '/config/cache/transcodes/9d3dd8baddbc010cb4ae3fe44f482d9b624.ts' for writing
[hls @ 0x59b46641e0c0] Opening '/config/cache/transcodes/9d3dd8baddbc010cb4ae3fe44f482d9b625.ts' for writing
frame=45033 fps=227 q=28.0 size=N/A time=00:31:14.12 bitrate=N/A dup=2 drop=0 speed=9.43x    
[hls @ 0x59b46641e0c0] Opening '/config/cache/transcodes/9d3dd8baddbc010cb4ae3fe44f482d9b626.ts' for writing
frame=45165 fps=227 q=28.0 size=N/A time=00:31:19.62 bitrate=N/A dup=2 drop=0 speed=9.44x    
[hls @ 0x59b46641e0c0] Opening '/config/cache/transcodes/9d3dd8baddbc010cb4ae3fe44f482d9b627.ts' for writing
[hls @ 0x59b46641e0c0] Opening '/config/cache/transcodes/9d3dd8baddbc010cb4ae3fe44f482d9b628.ts' for writing
frame=45291 fps=227 q=28.0 size=N/A time=00:31:24.88 bitrate=N/A dup=2 drop=0 speed=9.44x    
[hls @ 0x59b46641e0c0] Opening '/config/cache/transcodes/9d3dd8baddbc010cb4ae3fe44f482d9b629.ts' for writing
[hls @ 0x59b46641e0c0] Opening '/config/cache/transcodes/9d3dd8baddbc010cb4ae3fe44f482d9b630.ts' for writing
frame=45422 fps=227 q=28.0 size=N/A time=00:31:30.34 bitrate=N/A dup=2 drop=0 speed=9.44x    
[hls @ 0x59b46641e0c0] Opening '/config/cache/transcodes/9d3dd8baddbc010cb4ae3fe44f482d9b631.ts' for writing
[hls @ 0x59b46641e0c0] Opening '/config/cache/transcodes/9d3dd8baddbc010cb4ae3fe44f482d9b632.ts' for writing
frame=45562 fps=227 q=28.0 size=N/A time=00:31:36.18 bitrate=N/A dup=2 drop=0 speed=9.45x    
[hls @ 0x59b46641e0c0] Opening '/config/cache/transcodes/9d3dd8baddbc010cb4ae3fe44f482d9b633.ts' for writing
[hls @ 0x59b46641e0c0] Opening '/config/cache/transcodes/9d3dd8baddbc010cb4ae3fe44f482d9b634.ts' for writing
frame=45701 fps=227 q=28.0 size=N/A time=00:31:41.98 bitrate=N/A dup=2 drop=0 speed=9.45x    
[hls @ 0x59b46641e0c0] Opening '/config/cache/transcodes/9d3dd8baddbc010cb4ae3fe44f482d9b635.ts' for writing
[hls @ 0x59b46641e0c0] Opening '/config/cache/transcodes/9d3dd8baddbc010cb4ae3fe44f482d9b636.ts' for writing
frame=45844 fps=227 q=28.0 size=N/A time=00:31:47.98 bitrate=N/A dup=2 drop=0 speed=9.46x    
[hls @ 0x59b46641e0c0] Opening '/config/cache/transcodes/9d3dd8baddbc010cb4ae3fe44f482d9b637.ts' for writing
[hls @ 0x59b46641e0c0] Opening '/config/cache/transcodes/9d3dd8baddbc010cb4ae3fe44f482d9b638.ts' for writing
frame=45969 fps=227 q=28.0 size=N/A time=00:31:53.16 bitrate=N/A dup=2 drop=0 speed=9.46x    
[hls @ 0x59b46641e0c0] Opening '/config/cache/transcodes/9d3dd8baddbc010cb4ae3fe44f482d9b639.ts' for writing
frame=46105 fps=227 q=28.0 size=N/A time=00:31:58.83 bitrate=N/A dup=2 drop=0 speed=9.47x    
[hls @ 0x59b46641e0c0] Opening '/config/cache/transcodes/9d3dd8baddbc010cb4ae3fe44f482d9b640.ts' for writing
[hls @ 0x59b46641e0c0] Opening '/config/cache/transcodes/9d3dd8baddbc010cb4ae3fe44f482d9b641.ts' for writing
frame=46245 fps=228 q=28.0 size=N/A time=00:32:04.67 bitrate=N/A dup=2 drop=0 speed=9.47x    
[hls @ 0x59b46641e0c0] Opening '/config/cache/transcodes/9d3dd8baddbc010cb4ae3fe44f482d9b642.ts' for writing
[hls @ 0x59b46641e0c0] Opening '/config/cache/transcodes/9d3dd8baddbc010cb4ae3fe44f482d9b643.ts' for writing
frame=46389 fps=228 q=28.0 size=N/A time=00:32:10.67 bitrate=N/A dup=2 drop=0 speed=9.48x    
[hls @ 0x59b46641e0c0] Opening '/config/cache/transcodes/9d3dd8baddbc010cb4ae3fe44f482d9b644.ts' for writing
[hls @ 0x59b46641e0c0] Opening '/config/cache/transcodes/9d3dd8baddbc010cb4ae3fe44f482d9b645.ts' for writing
frame=46519 fps=228 q=28.0 size=N/A time=00:32:16.10 bitrate=N/A dup=2 drop=0 speed=9.48x    
[hls @ 0x59b46641e0c0] Opening '/config/cache/transcodes/9d3dd8baddbc010cb4ae3fe44f482d9b646.ts' for writing
[hls @ 0x59b46641e0c0] Opening '/config/cache/transcodes/9d3dd8baddbc010cb4ae3fe44f482d9b647.ts' for writing
frame=46649 fps=228 q=28.0 size=N/A time=00:32:21.52 bitrate=N/A dup=2 drop=0 speed=9.49x    
[hls @ 0x59b46641e0c0] Opening '/config/cache/transcodes/9d3dd8baddbc010cb4ae3fe44f482d9b648.ts' for writing
[hls @ 0x59b46641e0c0] Opening '/config/cache/transcodes/9d3dd8baddbc010cb4ae3fe44f482d9b649.ts' for writing
frame=46777 fps=228 q=28.0 size=N/A time=00:32:26.86 bitrate=N/A dup=2 drop=0 speed=9.49x    
[hls @ 0x59b46641e0c0] Opening '/config/cache/transcodes/9d3dd8baddbc010cb4ae3fe44f482d9b650.ts' for writing
[hls @ 0x59b46641e0c0] Opening '/config/cache/transcodes/9d3dd8baddbc010cb4ae3fe44f482d9b651.ts' for writing
frame=46899 fps=228 q=28.0 size=N/A time=00:32:31.95 bitrate=N/A dup=2 drop=0 speed=9.49x    
[hls @ 0x59b46641e0c0] Opening '/config/cache/transcodes/9d3dd8baddbc010cb4ae3fe44f482d9b652.ts' for writing
frame=47012 fps=228 q=28.0 size=N/A time=00:32:36.66 bitrate=N/A dup=2 drop=0 speed=9.49x    
[hls @ 0x59b46641e0c0] Opening '/config/cache/transcodes/9d3dd8baddbc010cb4ae3fe44f482d9b653.ts' for writing
[hls @ 0x59b46641e0c0] Opening '/config/cache/transcodes/9d3dd8baddbc010cb4ae3fe44f482d9b654.ts' for writing
frame=47127 fps=228 q=28.0 size=N/A time=00:32:41.45 bitrate=N/A dup=2 drop=0 speed=9.49x    
[hls @ 0x59b46641e0c0] Opening '/config/cache/transcodes/9d3dd8baddbc010cb4ae3fe44f482d9b655.ts' for writing
frame=47230 fps=228 q=28.0 size=N/A time=00:32:45.75 bitrate=N/A dup=2 drop=0 speed=9.49x    
[hls @ 0x59b46641e0c0] Opening '/config/cache/transcodes/9d3dd8baddbc010cb4ae3fe44f482d9b656.ts' for writing
[hls @ 0x59b46641e0c0] Opening '/config/cache/transcodes/9d3dd8baddbc010cb4ae3fe44f482d9b657.ts' for writing
frame=47351 fps=228 q=28.0 size=N/A time=00:32:50.80 bitrate=N/A dup=2 drop=0 speed=9.49x    
[hls @ 0x59b46641e0c0] Opening '/config/cache/transcodes/9d3dd8baddbc010cb4ae3fe44f482d9b658.ts' for writing
frame=47473 fps=228 q=28.0 size=N/A time=00:32:55.89 bitrate=N/A dup=2 drop=0 speed=9.49x    
[hls @ 0x59b46641e0c0] Opening '/config/cache/transcodes/9d3dd8baddbc010cb4ae3fe44f482d9b659.ts' for writing
[hls @ 0x59b46641e0c0] Opening '/config/cache/transcodes/9d3dd8baddbc010cb4ae3fe44f482d9b660.ts' for writing
[hls @ 0x59b46641e0c0] Opening '/config/cache/transcodes/9d3dd8baddbc010cb4ae3fe44f482d9b661.ts' for writing
frame=47619 fps=228 q=28.0 size=N/A time=00:33:01.98 bitrate=N/A dup=2 drop=0 speed= 9.5x    
[hls @ 0x59b46641e0c0] Opening '/config/cache/transcodes/9d3dd8baddbc010cb4ae3fe44f482d9b662.ts' for writing
frame=47759 fps=228 q=28.0 size=N/A time=00:33:07.81 bitrate=N/A dup=2 drop=0 speed= 9.5x    
[hls @ 0x59b46641e0c0] Opening '/config/cache/transcodes/9d3dd8baddbc010cb4ae3fe44f482d9b663.ts' for writing
[hls @ 0x59b46641e0c0] Opening '/config/cache/transcodes/9d3dd8baddbc010cb4ae3fe44f482d9b664.ts' for writing
frame=47862 fps=228 q=28.0 size=N/A time=00:33:12.11 bitrate=N/A dup=2 drop=0 speed= 9.5x    
[hls @ 0x59b46641e0c0] Opening '/config/cache/transcodes/9d3dd8baddbc010cb4ae3fe44f482d9b665.ts' for writing
frame=47968 fps=228 q=28.0 size=N/A time=00:33:16.53 bitrate=N/A dup=2 drop=0 speed= 9.5x    
[hls @ 0x59b46641e0c0] Opening '/config/cache/transcodes/9d3dd8baddbc010cb4ae3fe44f482d9b666.ts' for writing
[hls @ 0x59b46641e0c0] Opening '/config/cache/transcodes/9d3dd8baddbc010cb4ae3fe44f482d9b667.ts' for writing
frame=48111 fps=228 q=28.0 size=N/A time=00:33:22.50 bitrate=N/A dup=2 drop=0 speed= 9.5x    
[hls @ 0x59b46641e0c0] Opening '/config/cache/transcodes/9d3dd8baddbc010cb4ae3fe44f482d9b668.ts' for writing
[hls @ 0x59b46641e0c0] Opening '/config/cache/transcodes/9d3dd8baddbc010cb4ae3fe44f482d9b669.ts' for writing
frame=48246 fps=228 q=28.0 size=N/A time=00:33:28.13 bitrate=N/A dup=3 drop=0 speed=9.51x    
[hls @ 0x59b46641e0c0] Opening '/config/cache/transcodes/9d3dd8baddbc010cb4ae3fe44f482d9b670.ts' for writing
[hls @ 0x59b46641e0c0] Opening '/config/cache/transcodes/9d3dd8baddbc010cb4ae3fe44f482d9b671.ts' for writing
frame=48392 fps=229 q=28.0 size=N/A time=00:33:34.22 bitrate=N/A dup=4 drop=0 speed=9.51x    
[hls @ 0x59b46641e0c0] Opening '/config/cache/transcodes/9d3dd8baddbc010cb4ae3fe44f482d9b672.ts' for writing
[hls @ 0x59b46641e0c0] Opening '/config/cache/transcodes/9d3dd8baddbc010cb4ae3fe44f482d9b673.ts' for writing
frame=48526 fps=229 q=28.0 size=N/A time=00:33:39.80 bitrate=N/A dup=4 drop=0 speed=9.52x    
[hls @ 0x59b46641e0c0] Opening '/config/cache/transcodes/9d3dd8baddbc010cb4ae3fe44f482d9b674.ts' for writing
[hls @ 0x59b46641e0c0] Opening '/config/cache/transcodes/9d3dd8baddbc010cb4ae3fe44f482d9b675.ts' for writing
frame=48659 fps=229 q=28.0 size=N/A time=00:33:45.35 bitrate=N/A dup=4 drop=0 speed=9.52x    
[hls @ 0x59b46641e0c0] Opening '/config/cache/transcodes/9d3dd8baddbc010cb4ae3fe44f482d9b676.ts' for writing
[hls @ 0x59b46641e0c0] Opening '/config/cache/transcodes/9d3dd8baddbc010cb4ae3fe44f482d9b677.ts' for writing
frame=48800 fps=229 q=28.0 size=N/A time=00:33:51.23 bitrate=N/A dup=5 drop=0 speed=9.53x    
[hls @ 0x59b46641e0c0] Opening '/config/cache/transcodes/9d3dd8baddbc010cb4ae3fe44f482d9b678.ts' for writing
[hls @ 0x59b46641e0c0] Opening '/config/cache/transcodes/9d3dd8baddbc010cb4ae3fe44f482d9b679.ts' for writing
frame=48918 fps=229 q=28.0 size=N/A time=00:33:56.15 bitrate=N/A dup=5 drop=0 speed=9.53x    
[hls @ 0x59b46641e0c0] Opening '/config/cache/transcodes/9d3dd8baddbc010cb4ae3fe44f482d9b680.ts' for writing
frame=49022 fps=229 q=28.0 size=N/A time=00:34:00.49 bitrate=N/A dup=5 drop=0 speed=9.53x    
[hls @ 0x59b46641e0c0] Opening '/config/cache/transcodes/9d3dd8baddbc010cb4ae3fe44f482d9b681.ts' for writing
frame=49125 fps=229 q=28.0 size=N/A time=00:34:04.79 bitrate=N/A dup=5 drop=0 speed=9.52x    
[hls @ 0x59b46641e0c0] Opening '/config/cache/transcodes/9d3dd8baddbc010cb4ae3fe44f482d9b682.ts' for writing
[hls @ 0x59b46641e0c0] Opening '/config/cache/transcodes/9d3dd8baddbc010cb4ae3fe44f482d9b683.ts' for writing
frame=49259 fps=229 q=28.0 size=N/A time=00:34:10.38 bitrate=N/A dup=5 drop=0 speed=9.53x    
[hls @ 0x59b46641e0c0] Opening '/config/cache/transcodes/9d3dd8baddbc010cb4ae3fe44f482d9b684.ts' for writing
[hls @ 0x59b46641e0c0] Opening '/config/cache/transcodes/9d3dd8baddbc010cb4ae3fe44f482d9b685.ts' for writing
frame=49375 fps=229 q=28.0 size=N/A time=00:34:15.21 bitrate=N/A dup=5 drop=0 speed=9.53x    
[hls @ 0x59b46641e0c0] Opening '/config/cache/transcodes/9d3dd8baddbc010cb4ae3fe44f482d9b686.ts' for writing
frame=49481 fps=229 q=28.0 size=N/A time=00:34:19.64 bitrate=N/A dup=5 drop=0 speed=9.53x    
[hls @ 0x59b46641e0c0] Opening '/config/cache/transcodes/9d3dd8baddbc010cb4ae3fe44f482d9b687.ts' for writing
[hls @ 0x59b46641e0c0] Opening '/config/cache/transcodes/9d3dd8baddbc010cb4ae3fe44f482d9b688.ts' for writing
frame=49591 fps=229 q=28.0 size=N/A time=00:34:24.27 bitrate=N/A dup=5 drop=0 speed=9.53x    
[hls @ 0x59b46641e0c0] Opening '/config/cache/transcodes/9d3dd8baddbc010cb4ae3fe44f482d9b689.ts' for writing
frame=49701 fps=229 q=28.0 size=N/A time=00:34:28.81 bitrate=N/A dup=5 drop=0 speed=9.53x    
[hls @ 0x59b46641e0c0] Opening '/config/cache/transcodes/9d3dd8baddbc010cb4ae3fe44f482d9b690.ts' for writing
[hls @ 0x59b46641e0c0] Opening '/config/cache/transcodes/9d3dd8baddbc010cb4ae3fe44f482d9b691.ts' for writing
frame=49810 fps=229 q=28.0 size=N/A time=00:34:33.36 bitrate=N/A dup=5 drop=0 speed=9.52x    
[hls @ 0x59b46641e0c0] Opening '/config/cache/transcodes/9d3dd8baddbc010cb4ae3fe44f482d9b692.ts' for writing
frame=49913 fps=229 q=28.0 size=N/A time=00:34:37.65 bitrate=N/A dup=5 drop=0 speed=9.52x    
[hls @ 0x59b46641e0c0] Opening '/config/cache/transcodes/9d3dd8baddbc010cb4ae3fe44f482d9b693.ts' for writing
[hls @ 0x59b46641e0c0] Opening '/config/cache/transcodes/9d3dd8baddbc010cb4ae3fe44f482d9b694.ts' for writing
frame=50031 fps=229 q=28.0 size=N/A time=00:34:42.58 bitrate=N/A dup=5 drop=0 speed=9.52x    
[hls @ 0x59b46641e0c0] Opening '/config/cache/transcodes/9d3dd8baddbc010cb4ae3fe44f482d9b695.ts' for writing
[hls @ 0x59b46641e0c0] Opening '/config/cache/transcodes/9d3dd8baddbc010cb4ae3fe44f482d9b696.ts' for writing
frame=50167 fps=229 q=28.0 size=N/A time=00:34:48.25 bitrate=N/A dup=5 drop=0 speed=9.53x    
[hls @ 0x59b46641e0c0] Opening '/config/cache/transcodes/9d3dd8baddbc010cb4ae3fe44f482d9b697.ts' for writing
[hls @ 0x59b46641e0c0] Opening '/config/cache/transcodes/9d3dd8baddbc010cb4ae3fe44f482d9b698.ts' for writing
frame=50284 fps=229 q=28.0 size=N/A time=00:34:53.13 bitrate=N/A dup=5 drop=0 speed=9.53x    
[hls @ 0x59b46641e0c0] Opening '/config/cache/transcodes/9d3dd8baddbc010cb4ae3fe44f482d9b699.ts' for writing
frame=50395 fps=229 q=28.0 size=N/A time=00:34:57.76 bitrate=N/A dup=5 drop=0 speed=9.53x    
[hls @ 0x59b46641e0c0] Opening '/config/cache/transcodes/9d3dd8baddbc010cb4ae3fe44f482d9b700.ts' for writing
[hls @ 0x59b46641e0c0] Opening '/config/cache/transcodes/9d3dd8baddbc010cb4ae3fe44f482d9b701.ts' for writing
frame=50500 fps=229 q=28.0 size=N/A time=00:35:02.14 bitrate=N/A dup=5 drop=0 speed=9.52x    
[hls @ 0x59b46641e0c0] Opening '/config/cache/transcodes/9d3dd8baddbc010cb4ae3fe44f482d9b702.ts' for writing
frame=50600 fps=229 q=28.0 size=N/A time=00:35:06.31 bitrate=N/A dup=5 drop=0 speed=9.52x    
[hls @ 0x59b46641e0c0] Opening '/config/cache/transcodes/9d3dd8baddbc010cb4ae3fe44f482d9b703.ts' for writing
frame=50688 fps=229 q=28.0 size=N/A time=00:35:09.98 bitrate=N/A dup=5 drop=0 speed=9.52x    
[hls @ 0x59b46641e0c0] Opening '/config/cache/transcodes/9d3dd8baddbc010cb4ae3fe44f482d9b704.ts' for writing
[hls @ 0x59b46641e0c0] Opening '/config/cache/transcodes/9d3dd8baddbc010cb4ae3fe44f482d9b705.ts' for writing
frame=50784 fps=229 q=28.0 size=N/A time=00:35:13.98 bitrate=N/A dup=5 drop=0 speed=9.51x    
[hls @ 0x59b46641e0c0] Opening '/config/cache/transcodes/9d3dd8baddbc010cb4ae3fe44f482d9b706.ts' for writing
frame=50887 fps=229 q=28.0 size=N/A time=00:35:18.28 bitrate=N/A dup=5 drop=0 speed=9.51x    
[hls @ 0x59b46641e0c0] Opening '/config/cache/transcodes/9d3dd8baddbc010cb4ae3fe44f482d9b707.ts' for writing
frame=50987 fps=228 q=28.0 size=N/A time=00:35:22.45 bitrate=N/A dup=5 drop=0 speed=9.51x    
[hls @ 0x59b46641e0c0] Opening '/config/cache/transcodes/9d3dd8baddbc010cb4ae3fe44f482d9b708.ts' for writing
[hls @ 0x59b46641e0c0] Opening '/config/cache/transcodes/9d3dd8baddbc010cb4ae3fe44f482d9b709.ts' for writing
frame=51102 fps=228 q=28.0 size=N/A time=00:35:27.25 bitrate=N/A dup=5 drop=0 speed=9.51x    
[hls @ 0x59b46641e0c0] Opening '/config/cache/transcodes/9d3dd8baddbc010cb4ae3fe44f482d9b710.ts' for writing
[hls @ 0x59b46641e0c0] Opening '/config/cache/transcodes/9d3dd8baddbc010cb4ae3fe44f482d9b711.ts' for writing
frame=51227 fps=228 q=28.0 size=N/A time=00:35:32.46 bitrate=N/A dup=5 drop=0 speed=9.51x    
[hls @ 0x59b46641e0c0] Opening '/config/cache/transcodes/9d3dd8baddbc010cb4ae3fe44f482d9b712.ts' for writing
frame=51344 fps=228 q=28.0 size=N/A time=00:35:37.34 bitrate=N/A dup=5 drop=0 speed=9.51x    
[hls @ 0x59b46641e0c0] Opening '/config/cache/transcodes/9d3dd8baddbc010cb4ae3fe44f482d9b713.ts' for writing
[hls @ 0x59b46641e0c0] Opening '/config/cache/transcodes/9d3dd8baddbc010cb4ae3fe44f482d9b714.ts' for writing
frame=51459 fps=229 q=28.0 size=N/A time=00:35:42.14 bitrate=N/A dup=5 drop=0 speed=9.51x    
[hls @ 0x59b46641e0c0] Opening '/config/cache/transcodes/9d3dd8baddbc010cb4ae3fe44f482d9b715.ts' for writing
[hls @ 0x59b46641e0c0] Opening '/config/cache/transcodes/9d3dd8baddbc010cb4ae3fe44f482d9b716.ts' for writing
frame=51596 fps=229 q=28.0 size=N/A time=00:35:47.85 bitrate=N/A dup=5 drop=0 speed=9.52x    
[hls @ 0x59b46641e0c0] Opening '/config/cache/transcodes/9d3dd8baddbc010cb4ae3fe44f482d9b717.ts' for writing
[hls @ 0x59b46641e0c0] Opening '/config/cache/transcodes/9d3dd8baddbc010cb4ae3fe44f482d9b718.ts' for writing
frame=51732 fps=229 q=28.0 size=N/A time=00:35:53.52 bitrate=N/A dup=5 drop=0 speed=9.52x    
[hls @ 0x59b46641e0c0] Opening '/config/cache/transcodes/9d3dd8baddbc010cb4ae3fe44f482d9b719.ts' for writing
[hls @ 0x59b46641e0c0] Opening '/config/cache/transcodes/9d3dd8baddbc010cb4ae3fe44f482d9b720.ts' for writing
frame=51868 fps=229 q=28.0 size=N/A time=00:35:59.19 bitrate=N/A dup=5 drop=0 speed=9.52x    
[hls @ 0x59b46641e0c0] Opening '/config/cache/transcodes/9d3dd8baddbc010cb4ae3fe44f482d9b721.ts' for writing
frame=51998 fps=229 q=28.0 size=N/A time=00:36:04.62 bitrate=N/A dup=5 drop=0 speed=9.53x    
[hls @ 0x59b46641e0c0] Opening '/config/cache/transcodes/9d3dd8baddbc010cb4ae3fe44f482d9b722.ts' for writing
[hls @ 0x59b46641e0c0] Opening '/config/cache/transcodes/9d3dd8baddbc010cb4ae3fe44f482d9b723.ts' for writing
frame=52131 fps=229 q=28.0 size=N/A time=00:36:10.16 bitrate=N/A dup=5 drop=0 speed=9.53x    
[hls @ 0x59b46641e0c0] Opening '/config/cache/transcodes/9d3dd8baddbc010cb4ae3fe44f482d9b724.ts' for writing
[hls @ 0x59b46641e0c0] Opening '/config/cache/transcodes/9d3dd8baddbc010cb4ae3fe44f482d9b725.ts' for writing
frame=52251 fps=229 q=28.0 size=N/A time=00:36:15.17 bitrate=N/A dup=5 drop=0 speed=9.53x    
[hls @ 0x59b46641e0c0] Opening '/config/cache/transcodes/9d3dd8baddbc010cb4ae3fe44f482d9b726.ts' for writing
[hls @ 0x59b46641e0c0] Opening '/config/cache/transcodes/9d3dd8baddbc010cb4ae3fe44f482d9b727.ts' for writing
frame=52379 fps=229 q=28.0 size=N/A time=00:36:20.51 bitrate=N/A dup=5 drop=0 speed=9.53x    
[hls @ 0x59b46641e0c0] Opening '/config/cache/transcodes/9d3dd8baddbc010cb4ae3fe44f482d9b728.ts' for writing
frame=52508 fps=229 q=28.0 size=N/A time=00:36:25.89 bitrate=N/A dup=5 drop=0 speed=9.54x    
[hls @ 0x59b46641e0c0] Opening '/config/cache/transcodes/9d3dd8baddbc010cb4ae3fe44f482d9b729.ts' for writing
[hls @ 0x59b46641e0c0] Opening '/config/cache/transcodes/9d3dd8baddbc010cb4ae3fe44f482d9b730.ts' for writing
frame=52626 fps=229 q=28.0 size=N/A time=00:36:30.81 bitrate=N/A dup=5 drop=0 speed=9.54x    
[hls @ 0x59b46641e0c0] Opening '/config/cache/transcodes/9d3dd8baddbc010cb4ae3fe44f482d9b731.ts' for writing
[hls @ 0x59b46641e0c0] Opening '/config/cache/transcodes/9d3dd8baddbc010cb4ae3fe44f482d9b732.ts' for writing
frame=52779 fps=229 q=28.0 size=N/A time=00:36:37.23 bitrate=N/A dup=5 drop=0 speed=9.54x    
[hls @ 0x59b46641e0c0] Opening '/config/cache/transcodes/9d3dd8baddbc010cb4ae3fe44f482d9b733.ts' for writing
[hls @ 0x59b46641e0c0] Opening '/config/cache/transcodes/9d3dd8baddbc010cb4ae3fe44f482d9b734.ts' for writing
frame=52929 fps=229 q=28.0 size=N/A time=00:36:43.45 bitrate=N/A dup=5 drop=0 speed=9.55x    
[hls @ 0x59b46641e0c0] Opening '/config/cache/transcodes/9d3dd8baddbc010cb4ae3fe44f482d9b735.ts' for writing
[hls @ 0x59b46641e0c0] Opening '/config/cache/transcodes/9d3dd8baddbc010cb4ae3fe44f482d9b736.ts' for writing
frame=53066 fps=230 q=28.0 size=N/A time=00:36:49.16 bitrate=N/A dup=5 drop=0 speed=9.55x    
[hls @ 0x59b46641e0c0] Opening '/config/cache/transcodes/9d3dd8baddbc010cb4ae3fe44f482d9b737.ts' for writing
[hls @ 0x59b46641e0c0] Opening '/config/cache/transcodes/9d3dd8baddbc010cb4ae3fe44f482d9b738.ts' for writing
frame=53211 fps=230 q=28.0 size=N/A time=00:36:55.21 bitrate=N/A dup=5 drop=0 speed=9.56x    
[hls @ 0x59b46641e0c0] Opening '/config/cache/transcodes/9d3dd8baddbc010cb4ae3fe44f482d9b739.ts' for writing
[hls @ 0x59b46641e0c0] Opening '/config/cache/transcodes/9d3dd8baddbc010cb4ae3fe44f482d9b740.ts' for writing
frame=53348 fps=230 q=28.0 size=N/A time=00:37:00.92 bitrate=N/A dup=5 drop=0 speed=9.56x    
[hls @ 0x59b46641e0c0] Opening '/config/cache/transcodes/9d3dd8baddbc010cb4ae3fe44f482d9b741.ts' for writing
[hls @ 0x59b46641e0c0] Opening '/config/cache/transcodes/9d3dd8baddbc010cb4ae3fe44f482d9b742.ts' for writing
frame=53473 fps=230 q=28.0 size=N/A time=00:37:06.14 bitrate=N/A dup=5 drop=0 speed=9.57x    
[hls @ 0x59b46641e0c0] Opening '/config/cache/transcodes/9d3dd8baddbc010cb4ae3fe44f482d9b743.ts' for writing
[hls @ 0x59b46641e0c0] Opening '/config/cache/transcodes/9d3dd8baddbc010cb4ae3fe44f482d9b744.ts' for writing
frame=53603 fps=230 q=28.0 size=N/A time=00:37:11.56 bitrate=N/A dup=5 drop=0 speed=9.57x    
[hls @ 0x59b46641e0c0] Opening '/config/cache/transcodes/9d3dd8baddbc010cb4ae3fe44f482d9b745.ts' for writing
[hls @ 0x59b46641e0c0] Opening '/config/cache/transcodes/9d3dd8baddbc010cb4ae3fe44f482d9b746.ts' for writing
frame=53733 fps=230 q=28.0 size=N/A time=00:37:16.98 bitrate=N/A dup=5 drop=0 speed=9.57x    
[hls @ 0x59b46641e0c0] Opening '/config/cache/transcodes/9d3dd8baddbc010cb4ae3fe44f482d9b747.ts' for writing
frame=53859 fps=230 q=28.0 size=N/A time=00:37:22.24 bitrate=N/A dup=5 drop=0 speed=9.57x    
[hls @ 0x59b46641e0c0] Opening '/config/cache/transcodes/9d3dd8baddbc010cb4ae3fe44f482d9b748.ts' for writing
[hls @ 0x59b46641e0c0] Opening '/config/cache/transcodes/9d3dd8baddbc010cb4ae3fe44f482d9b749.ts' for writing
frame=53963 fps=230 q=28.0 size=N/A time=00:37:26.57 bitrate=N/A dup=5 drop=0 speed=9.57x    
[hls @ 0x59b46641e0c0] Opening '/config/cache/transcodes/9d3dd8baddbc010cb4ae3fe44f482d9b750.ts' for writing
frame=54065 fps=230 q=28.0 size=N/A time=00:37:30.87 bitrate=N/A dup=5 drop=0 speed=9.57x    
[hls @ 0x59b46641e0c0] Opening '/config/cache/transcodes/9d3dd8baddbc010cb4ae3fe44f482d9b751.ts' for writing
[hls @ 0x59b46641e0c0] Opening '/config/cache/transcodes/9d3dd8baddbc010cb4ae3fe44f482d9b752.ts' for writing
frame=54182 fps=230 q=28.0 size=N/A time=00:37:35.71 bitrate=N/A dup=5 drop=0 speed=9.57x    
[hls @ 0x59b46641e0c0] Opening '/config/cache/transcodes/9d3dd8baddbc010cb4ae3fe44f482d9b753.ts' for writing
frame=54304 fps=230 q=28.0 size=N/A time=00:37:40.80 bitrate=N/A dup=5 drop=0 speed=9.57x    
[hls @ 0x59b46641e0c0] Opening '/config/cache/transcodes/9d3dd8baddbc010cb4ae3fe44f482d9b754.ts' for writing
[hls @ 0x59b46641e0c0] Opening '/config/cache/transcodes/9d3dd8baddbc010cb4ae3fe44f482d9b755.ts' for writing
frame=54426 fps=230 q=28.0 size=N/A time=00:37:45.88 bitrate=N/A dup=5 drop=0 speed=9.57x    
[hls @ 0x59b46641e0c0] Opening '/config/cache/transcodes/9d3dd8baddbc010cb4ae3fe44f482d9b756.ts' for writing
[hls @ 0x59b46641e0c0] Opening '/config/cache/transcodes/9d3dd8baddbc010cb4ae3fe44f482d9b757.ts' for writing
frame=54546 fps=230 q=28.0 size=N/A time=00:37:50.89 bitrate=N/A dup=5 drop=0 speed=9.57x    
[hls @ 0x59b46641e0c0] Opening '/config/cache/transcodes/9d3dd8baddbc010cb4ae3fe44f482d9b758.ts' for writing
frame=54658 fps=230 q=28.0 size=N/A time=00:37:55.56 bitrate=N/A dup=5 drop=0 speed=9.57x    
[hls @ 0x59b46641e0c0] Opening '/config/cache/transcodes/9d3dd8baddbc010cb4ae3fe44f482d9b759.ts' for writing
[hls @ 0x59b46641e0c0] Opening '/config/cache/transcodes/9d3dd8baddbc010cb4ae3fe44f482d9b760.ts' for writing
frame=54776 fps=230 q=28.0 size=N/A time=00:38:00.48 bitrate=N/A dup=5 drop=0 speed=9.57x    
[hls @ 0x59b46641e0c0] Opening '/config/cache/transcodes/9d3dd8baddbc010cb4ae3fe44f482d9b761.ts' for writing
[hls @ 0x59b46641e0c0] Opening '/config/cache/transcodes/9d3dd8baddbc010cb4ae3fe44f482d9b762.ts' for writing
frame=54909 fps=230 q=28.0 size=N/A time=00:38:06.03 bitrate=N/A dup=5 drop=0 speed=9.58x    
[hls @ 0x59b46641e0c0] Opening '/config/cache/transcodes/9d3dd8baddbc010cb4ae3fe44f482d9b763.ts' for writing
[hls @ 0x59b46641e0c0] Opening '/config/cache/transcodes/9d3dd8baddbc010cb4ae3fe44f482d9b764.ts' for writing
frame=55039 fps=230 q=28.0 size=N/A time=00:38:11.45 bitrate=N/A dup=5 drop=0 speed=9.58x    
[hls @ 0x59b46641e0c0] Opening '/config/cache/transcodes/9d3dd8baddbc010cb4ae3fe44f482d9b765.ts' for writing
frame=55126 fps=230 q=28.0 size=N/A time=00:38:15.08 bitrate=N/A dup=5 drop=0 speed=9.57x    
[hls @ 0x59b46641e0c0] Opening '/config/cache/transcodes/9d3dd8baddbc010cb4ae3fe44f482d9b766.ts' for writing
frame=55203 fps=230 q=28.0 size=N/A time=00:38:18.29 bitrate=N/A dup=5 drop=0 speed=9.57x    
[hls @ 0x59b46641e0c0] Opening '/config/cache/transcodes/9d3dd8baddbc010cb4ae3fe44f482d9b767.ts' for writing
frame=55278 fps=230 q=28.0 size=N/A time=00:38:21.42 bitrate=N/A dup=5 drop=0 speed=9.56x    
[hls @ 0x59b46641e0c0] Opening '/config/cache/transcodes/9d3dd8baddbc010cb4ae3fe44f482d9b768.ts' for writing
frame=55365 fps=230 q=28.0 size=N/A time=00:38:25.05 bitrate=N/A dup=5 drop=0 speed=9.56x    
[hls @ 0x59b46641e0c0] Opening '/config/cache/transcodes/9d3dd8baddbc010cb4ae3fe44f482d9b769.ts' for writing
[hls @ 0x59b46641e0c0] Opening '/config/cache/transcodes/9d3dd8baddbc010cb4ae3fe44f482d9b770.ts' for writing
frame=55459 fps=229 q=28.0 size=N/A time=00:38:28.97 bitrate=N/A dup=5 drop=0 speed=9.55x    
[hls @ 0x59b46641e0c0] Opening '/config/cache/transcodes/9d3dd8baddbc010cb4ae3fe44f482d9b771.ts' for writing
frame=55561 fps=229 q=28.0 size=N/A time=00:38:33.22 bitrate=N/A dup=5 drop=0 speed=9.55x    
[hls @ 0x59b46641e0c0] Opening '/config/cache/transcodes/9d3dd8baddbc010cb4ae3fe44f482d9b772.ts' for writing
[hls @ 0x59b46641e0c0] Opening '/config/cache/transcodes/9d3dd8baddbc010cb4ae3fe44f482d9b773.ts' for writing
frame=55686 fps=229 q=28.0 size=N/A time=00:38:38.44 bitrate=N/A dup=5 drop=0 speed=9.55x    
[hls @ 0x59b46641e0c0] Opening '/config/cache/transcodes/9d3dd8baddbc010cb4ae3fe44f482d9b774.ts' for writing
frame=55793 fps=229 q=28.0 size=N/A time=00:38:42.90 bitrate=N/A dup=5 drop=0 speed=9.55x    
[hls @ 0x59b46641e0c0] Opening '/config/cache/transcodes/9d3dd8baddbc010cb4ae3fe44f482d9b775.ts' for writing
[hls @ 0x59b46641e0c0] Opening '/config/cache/transcodes/9d3dd8baddbc010cb4ae3fe44f482d9b776.ts' for writing
frame=55903 fps=229 q=28.0 size=N/A time=00:38:47.49 bitrate=N/A dup=5 drop=0 speed=9.55x    
[hls @ 0x59b46641e0c0] Opening '/config/cache/transcodes/9d3dd8baddbc010cb4ae3fe44f482d9b777.ts' for writing
[hls @ 0x59b46641e0c0] Opening '/config/cache/transcodes/9d3dd8baddbc010cb4ae3fe44f482d9b778.ts' for writing
frame=56039 fps=229 q=28.0 size=N/A time=00:38:53.16 bitrate=N/A dup=5 drop=0 speed=9.55x    
[hls @ 0x59b46641e0c0] Opening '/config/cache/transcodes/9d3dd8baddbc010cb4ae3fe44f482d9b779.ts' for writing
frame=56164 fps=230 q=28.0 size=N/A time=00:38:58.41 bitrate=N/A dup=5 drop=0 speed=9.56x    
[hls @ 0x59b46641e0c0] Opening '/config/cache/transcodes/9d3dd8baddbc010cb4ae3fe44f482d9b780.ts' for writing
[hls @ 0x59b46641e0c0] Opening '/config/cache/transcodes/9d3dd8baddbc010cb4ae3fe44f482d9b781.ts' for writing
frame=56278 fps=229 q=28.0 size=N/A time=00:39:03.13 bitrate=N/A dup=5 drop=0 speed=9.56x    
[hls @ 0x59b46641e0c0] Opening '/config/cache/transcodes/9d3dd8baddbc010cb4ae3fe44f482d9b782.ts' for writing
[hls @ 0x59b46641e0c0] Opening '/config/cache/transcodes/9d3dd8baddbc010cb4ae3fe44f482d9b783.ts' for writing
frame=56401 fps=230 q=28.0 size=N/A time=00:39:08.26 bitrate=N/A dup=5 drop=0 speed=9.56x    
[hls @ 0x59b46641e0c0] Opening '/config/cache/transcodes/9d3dd8baddbc010cb4ae3fe44f482d9b784.ts' for writing
frame=56529 fps=230 q=28.0 size=N/A time=00:39:13.60 bitrate=N/A dup=5 drop=0 speed=9.56x    
[hls @ 0x59b46641e0c0] Opening '/config/cache/transcodes/9d3dd8baddbc010cb4ae3fe44f482d9b785.ts' for writing
[hls @ 0x59b46641e0c0] Opening '/config/cache/transcodes/9d3dd8baddbc010cb4ae3fe44f482d9b786.ts' for writing
frame=56650 fps=230 q=28.0 size=N/A time=00:39:18.64 bitrate=N/A dup=5 drop=0 speed=9.56x    
[hls @ 0x59b46641e0c0] Opening '/config/cache/transcodes/9d3dd8baddbc010cb4ae3fe44f482d9b787.ts' for writing
[hls @ 0x59b46641e0c0] Opening '/config/cache/transcodes/9d3dd8baddbc010cb4ae3fe44f482d9b788.ts' for writing
frame=56782 fps=230 q=28.0 size=N/A time=00:39:24.15 bitrate=N/A dup=5 drop=0 speed=9.56x    
[hls @ 0x59b46641e0c0] Opening '/config/cache/transcodes/9d3dd8baddbc010cb4ae3fe44f482d9b789.ts' for writing
[hls @ 0x59b46641e0c0] Opening '/config/cache/transcodes/9d3dd8baddbc010cb4ae3fe44f482d9b790.ts' for writing
frame=56907 fps=230 q=28.0 size=N/A time=00:39:29.36 bitrate=N/A dup=5 drop=0 speed=9.56x    
[hls @ 0x59b46641e0c0] Opening '/config/cache/transcodes/9d3dd8baddbc010cb4ae3fe44f482d9b791.ts' for writing
[hls @ 0x59b46641e0c0] Opening '/config/cache/transcodes/9d3dd8baddbc010cb4ae3fe44f482d9b792.ts' for writing
frame=57047 fps=230 q=28.0 size=N/A time=00:39:35.20 bitrate=N/A dup=5 drop=0 speed=9.57x    
[hls @ 0x59b46641e0c0] Opening '/config/cache/transcodes/9d3dd8baddbc010cb4ae3fe44f482d9b793.ts' for writing
frame=57173 fps=230 q=25.0 size=N/A time=00:39:40.46 bitrate=N/A dup=5 drop=0 speed=9.57x    
[hls @ 0x59b46641e0c0] Opening '/config/cache/transcodes/9d3dd8baddbc010cb4ae3fe44f482d9b794.ts' for writing
[hls @ 0x59b46641e0c0] Opening '/config/cache/transcodes/9d3dd8baddbc010cb4ae3fe44f482d9b795.ts' for writing
frame=57301 fps=230 q=28.0 size=N/A time=00:39:45.80 bitrate=N/A dup=5 drop=0 speed=9.57x    
[hls @ 0x59b46641e0c0] Opening '/config/cache/transcodes/9d3dd8baddbc010cb4ae3fe44f482d9b796.ts' for writing
[hls @ 0x59b46641e0c0] Opening '/config/cache/transcodes/9d3dd8baddbc010cb4ae3fe44f482d9b797.ts' for writing
frame=57417 fps=230 q=28.0 size=N/A time=00:39:50.63 bitrate=N/A dup=5 drop=0 speed=9.57x    
[hls @ 0x59b46641e0c0] Opening '/config/cache/transcodes/9d3dd8baddbc010cb4ae3fe44f482d9b798.ts' for writing
[hls @ 0x59b46641e0c0] Opening '/config/cache/transcodes/9d3dd8baddbc010cb4ae3fe44f482d9b799.ts' for writing
frame=57545 fps=230 q=28.0 size=N/A time=00:39:55.97 bitrate=N/A dup=5 drop=0 speed=9.58x    
[hls @ 0x59b46641e0c0] Opening '/config/cache/transcodes/9d3dd8baddbc010cb4ae3fe44f482d9b800.ts' for writing
frame=57682 fps=230 q=28.0 size=N/A time=00:40:01.69 bitrate=N/A dup=5 drop=0 speed=9.58x    
[hls @ 0x59b46641e0c0] Opening '/config/cache/transcodes/9d3dd8baddbc010cb4ae3fe44f482d9b801.ts' for writing
[hls @ 0x59b46641e0c0] Opening '/config/cache/transcodes/9d3dd8baddbc010cb4ae3fe44f482d9b802.ts' for writing
frame=57799 fps=230 q=28.0 size=N/A time=00:40:06.57 bitrate=N/A dup=5 drop=0 speed=9.58x    
[hls @ 0x59b46641e0c0] Opening '/config/cache/transcodes/9d3dd8baddbc010cb4ae3fe44f482d9b803.ts' for writing
[hls @ 0x59b46641e0c0] Opening '/config/cache/transcodes/9d3dd8baddbc010cb4ae3fe44f482d9b804.ts' for writing
frame=57909 fps=230 q=28.0 size=N/A time=00:40:11.15 bitrate=N/A dup=5 drop=0 speed=9.58x    
[hls @ 0x59b46641e0c0] Opening '/config/cache/transcodes/9d3dd8baddbc010cb4ae3fe44f482d9b805.ts' for writing
frame=58012 fps=230 q=28.0 size=N/A time=00:40:15.45 bitrate=N/A dup=5 drop=0 speed=9.58x    
[hls @ 0x59b46641e0c0] Opening '/config/cache/transcodes/9d3dd8baddbc010cb4ae3fe44f482d9b806.ts' for writing
frame=58118 fps=230 q=28.0 size=N/A time=00:40:19.87 bitrate=N/A dup=5 drop=0 speed=9.58x    
[hls @ 0x59b46641e0c0] Opening '/config/cache/transcodes/9d3dd8baddbc010cb4ae3fe44f482d9b807.ts' for writing
[hls @ 0x59b46641e0c0] Opening '/config/cache/transcodes/9d3dd8baddbc010cb4ae3fe44f482d9b808.ts' for writing
frame=58224 fps=230 q=28.0 size=N/A time=00:40:24.29 bitrate=N/A dup=5 drop=0 speed=9.57x    
[hls @ 0x59b46641e0c0] Opening '/config/cache/transcodes/9d3dd8baddbc010cb4ae3fe44f482d9b809.ts' for writing
frame=58323 fps=230 q=28.0 size=N/A time=00:40:28.42 bitrate=N/A dup=5 drop=0 speed=9.57x    
[hls @ 0x59b46641e0c0] Opening '/config/cache/transcodes/9d3dd8baddbc010cb4ae3fe44f482d9b810.ts' for writing
[hls @ 0x59b46641e0c0] Opening '/config/cache/transcodes/9d3dd8baddbc010cb4ae3fe44f482d9b811.ts' for writing
frame=58446 fps=230 q=28.0 size=N/A time=00:40:33.59 bitrate=N/A dup=5 drop=0 speed=9.57x    
[hls @ 0x59b46641e0c0] Opening '/config/cache/transcodes/9d3dd8baddbc010cb4ae3fe44f482d9b812.ts' for writing
[hls @ 0x59b46641e0c0] Opening '/config/cache/transcodes/9d3dd8baddbc010cb4ae3fe44f482d9b813.ts' for writing
frame=58596 fps=230 q=28.0 size=N/A time=00:40:39.81 bitrate=N/A dup=5 drop=0 speed=9.58x    
[hls @ 0x59b46641e0c0] Opening '/config/cache/transcodes/9d3dd8baddbc010cb4ae3fe44f482d9b814.ts' for writing
[hls @ 0x59b46641e0c0] Opening '/config/cache/transcodes/9d3dd8baddbc010cb4ae3fe44f482d9b815.ts' for writing
frame=58722 fps=230 q=28.0 size=N/A time=00:40:45.06 bitrate=N/A dup=5 drop=0 speed=9.58x    
[hls @ 0x59b46641e0c0] Opening '/config/cache/transcodes/9d3dd8baddbc010cb4ae3fe44f482d9b816.ts' for writing
[hls @ 0x59b46641e0c0] Opening '/config/cache/transcodes/9d3dd8baddbc010cb4ae3fe44f482d9b817.ts' for writing
frame=58871 fps=230 q=28.0 size=N/A time=00:40:51.28 bitrate=N/A dup=5 drop=0 speed=9.59x    
[hls @ 0x59b46641e0c0] Opening '/config/cache/transcodes/9d3dd8baddbc010cb4ae3fe44f482d9b818.ts' for writing
[hls @ 0x59b46641e0c0] Opening '/config/cache/transcodes/9d3dd8baddbc010cb4ae3fe44f482d9b819.ts' for writing
frame=59014 fps=230 q=28.0 size=N/A time=00:40:57.28 bitrate=N/A dup=5 drop=0 speed=9.59x    
[hls @ 0x59b46641e0c0] Opening '/config/cache/transcodes/9d3dd8baddbc010cb4ae3fe44f482d9b820.ts' for writing
[hls @ 0x59b46641e0c0] Opening '/config/cache/transcodes/9d3dd8baddbc010cb4ae3fe44f482d9b821.ts' for writing
frame=59138 fps=230 q=28.0 size=N/A time=00:41:02.41 bitrate=N/A dup=5 drop=0 speed=9.59x    
[hls @ 0x59b46641e0c0] Opening '/config/cache/transcodes/9d3dd8baddbc010cb4ae3fe44f482d9b822.ts' for writing
[hls @ 0x59b46641e0c0] Opening '/config/cache/transcodes/9d3dd8baddbc010cb4ae3fe44f482d9b823.ts' for writing
frame=59278 fps=230 q=28.0 size=N/A time=00:41:08.25 bitrate=N/A dup=5 drop=0 speed= 9.6x    
[hls @ 0x59b46641e0c0] Opening '/config/cache/transcodes/9d3dd8baddbc010cb4ae3fe44f482d9b824.ts' for writing
frame=59400 fps=230 q=28.0 size=N/A time=00:41:13.34 bitrate=N/A dup=5 drop=0 speed= 9.6x    
[hls @ 0x59b46641e0c0] Opening '/config/cache/transcodes/9d3dd8baddbc010cb4ae3fe44f482d9b825.ts' for writing
[hls @ 0x59b46641e0c0] Opening '/config/cache/transcodes/9d3dd8baddbc010cb4ae3fe44f482d9b826.ts' for writing
frame=59537 fps=231 q=28.0 size=N/A time=00:41:19.05 bitrate=N/A dup=5 drop=0 speed= 9.6x    
[hls @ 0x59b46641e0c0] Opening '/config/cache/transcodes/9d3dd8baddbc010cb4ae3fe44f482d9b827.ts' for writing
[hls @ 0x59b46641e0c0] Opening '/config/cache/transcodes/9d3dd8baddbc010cb4ae3fe44f482d9b828.ts' for writing
frame=59667 fps=231 q=28.0 size=N/A time=00:41:24.48 bitrate=N/A dup=5 drop=0 speed= 9.6x    
[hls @ 0x59b46641e0c0] Opening '/config/cache/transcodes/9d3dd8baddbc010cb4ae3fe44f482d9b829.ts' for writing
[hls @ 0x59b46641e0c0] Opening '/config/cache/transcodes/9d3dd8baddbc010cb4ae3fe44f482d9b830.ts' for writing
frame=59778 fps=231 q=28.0 size=N/A time=00:41:29.11 bitrate=N/A dup=5 drop=0 speed= 9.6x    
[hls @ 0x59b46641e0c0] Opening '/config/cache/transcodes/9d3dd8baddbc010cb4ae3fe44f482d9b831.ts' for writing
frame=59904 fps=231 q=28.0 size=N/A time=00:41:34.36 bitrate=N/A dup=5 drop=0 speed= 9.6x    
[hls @ 0x59b46641e0c0] Opening '/config/cache/transcodes/9d3dd8baddbc010cb4ae3fe44f482d9b832.ts' for writing
[hls @ 0x59b46641e0c0] Opening '/config/cache/transcodes/9d3dd8baddbc010cb4ae3fe44f482d9b833.ts' for writing
frame=60004 fps=231 q=28.0 size=N/A time=00:41:38.53 bitrate=N/A dup=5 drop=0 speed= 9.6x    
[hls @ 0x59b46641e0c0] Opening '/config/cache/transcodes/9d3dd8baddbc010cb4ae3fe44f482d9b834.ts' for writing
frame=60098 fps=230 q=28.0 size=N/A time=00:41:42.45 bitrate=N/A dup=5 drop=0 speed= 9.6x    
[hls @ 0x59b46641e0c0] Opening '/config/cache/transcodes/9d3dd8baddbc010cb4ae3fe44f482d9b835.ts' for writing
[hls @ 0x59b46641e0c0] Opening '/config/cache/transcodes/9d3dd8baddbc010cb4ae3fe44f482d9b836.ts' for writing
frame=60205 fps=230 q=28.0 size=N/A time=00:41:46.96 bitrate=N/A dup=5 drop=0 speed= 9.6x    
[hls @ 0x59b46641e0c0] Opening '/config/cache/transcodes/9d3dd8baddbc010cb4ae3fe44f482d9b837.ts' for writing
frame=60300 fps=230 q=28.0 size=N/A time=00:41:50.88 bitrate=N/A dup=5 drop=0 speed=9.59x    
[hls @ 0x59b46641e0c0] Opening '/config/cache/transcodes/9d3dd8baddbc010cb4ae3fe44f482d9b838.ts' for writing
frame=60393 fps=230 q=28.0 size=N/A time=00:41:54.76 bitrate=N/A dup=5 drop=0 speed=9.59x    
[hls @ 0x59b46641e0c0] Opening '/config/cache/transcodes/9d3dd8baddbc010cb4ae3fe44f482d9b839.ts' for writing
frame=60490 fps=230 q=28.0 size=N/A time=00:41:58.80 bitrate=N/A dup=5 drop=0 speed=9.59x    
[hls @ 0x59b46641e0c0] Opening '/config/cache/transcodes/9d3dd8baddbc010cb4ae3fe44f482d9b840.ts' for writing
[hls @ 0x59b46641e0c0] Opening '/config/cache/transcodes/9d3dd8baddbc010cb4ae3fe44f482d9b841.ts' for writing
frame=60582 fps=230 q=28.0 size=N/A time=00:42:02.64 bitrate=N/A dup=5 drop=0 speed=9.58x    
[hls @ 0x59b46641e0c0] Opening '/config/cache/transcodes/9d3dd8baddbc010cb4ae3fe44f482d9b842.ts' for writing
frame=60676 fps=230 q=28.0 size=N/A time=00:42:06.56 bitrate=N/A dup=5 drop=0 speed=9.58x    
[hls @ 0x59b46641e0c0] Opening '/config/cache/transcodes/9d3dd8baddbc010cb4ae3fe44f482d9b843.ts' for writing
frame=60775 fps=230 q=28.0 size=N/A time=00:42:10.69 bitrate=N/A dup=5 drop=0 speed=9.58x    
[hls @ 0x59b46641e0c0] Opening '/config/cache/transcodes/9d3dd8baddbc010cb4ae3fe44f482d9b844.ts' for writing
[hls @ 0x59b46641e0c0] Opening '/config/cache/transcodes/9d3dd8baddbc010cb4ae3fe44f482d9b845.ts' for writing
frame=60880 fps=230 q=28.0 size=N/A time=00:42:15.07 bitrate=N/A dup=5 drop=0 speed=9.58x    
[hls @ 0x59b46641e0c0] Opening '/config/cache/transcodes/9d3dd8baddbc010cb4ae3fe44f482d9b846.ts' for writing
frame=60989 fps=230 q=28.0 size=N/A time=00:42:19.62 bitrate=N/A dup=5 drop=0 speed=9.57x    
[hls @ 0x59b46641e0c0] Opening '/config/cache/transcodes/9d3dd8baddbc010cb4ae3fe44f482d9b847.ts' for writing
[hls @ 0x59b46641e0c0] Opening '/config/cache/transcodes/9d3dd8baddbc010cb4ae3fe44f482d9b848.ts' for writing
frame=61100 fps=230 q=28.0 size=N/A time=00:42:24.29 bitrate=N/A dup=5 drop=0 speed=9.57x    
[hls @ 0x59b46641e0c0] Opening '/config/cache/transcodes/9d3dd8baddbc010cb4ae3fe44f482d9b849.ts' for writing
frame=61201 fps=230 q=25.0 size=N/A time=00:42:28.46 bitrate=N/A dup=5 drop=0 speed=9.57x    
[hls @ 0x59b46641e0c0] Opening '/config/cache/transcodes/9d3dd8baddbc010cb4ae3fe44f482d9b850.ts' for writing
[hls @ 0x59b46641e0c0] Opening '/config/cache/transcodes/9d3dd8baddbc010cb4ae3fe44f482d9b851.ts' for writing
frame=61308 fps=230 q=28.0 size=N/A time=00:42:32.92 bitrate=N/A dup=5 drop=0 speed=9.57x    
[hls @ 0x59b46641e0c0] Opening '/config/cache/transcodes/9d3dd8baddbc010cb4ae3fe44f482d9b852.ts' for writing
frame=61407 fps=230 q=28.0 size=N/A time=00:42:37.05 bitrate=N/A dup=5 drop=0 speed=9.57x    
[hls @ 0x59b46641e0c0] Opening '/config/cache/transcodes/9d3dd8baddbc010cb4ae3fe44f482d9b853.ts' for writing
[hls @ 0x59b46641e0c0] Opening '/config/cache/transcodes/9d3dd8baddbc010cb4ae3fe44f482d9b854.ts' for writing
frame=61518 fps=230 q=28.0 size=N/A time=00:42:41.68 bitrate=N/A dup=5 drop=0 speed=9.57x    
[hls @ 0x59b46641e0c0] Opening '/config/cache/transcodes/9d3dd8baddbc010cb4ae3fe44f482d9b855.ts' for writing
frame=61639 fps=230 q=28.0 size=N/A time=00:42:46.73 bitrate=N/A dup=5 drop=0 speed=9.57x    
[hls @ 0x59b46641e0c0] Opening '/config/cache/transcodes/9d3dd8baddbc010cb4ae3fe44f482d9b856.ts' for writing
[hls @ 0x59b46641e0c0] Opening '/config/cache/transcodes/9d3dd8baddbc010cb4ae3fe44f482d9b857.ts' for writing
frame=61772 fps=230 q=28.0 size=N/A time=00:42:52.27 bitrate=N/A dup=5 drop=0 speed=9.57x    
[hls @ 0x59b46641e0c0] Opening '/config/cache/transcodes/9d3dd8baddbc010cb4ae3fe44f482d9b858.ts' for writing
[hls @ 0x59b46641e0c0] Opening '/config/cache/transcodes/9d3dd8baddbc010cb4ae3fe44f482d9b859.ts' for writing
frame=61901 fps=230 q=28.0 size=N/A time=00:42:57.70 bitrate=N/A dup=5 drop=0 speed=9.57x    
[hls @ 0x59b46641e0c0] Opening '/config/cache/transcodes/9d3dd8baddbc010cb4ae3fe44f482d9b860.ts' for writing
[hls @ 0x59b46641e0c0] Opening '/config/cache/transcodes/9d3dd8baddbc010cb4ae3fe44f482d9b861.ts' for writing
frame=62025 fps=230 q=28.0 size=N/A time=00:43:02.83 bitrate=N/A dup=5 drop=0 speed=9.58x    
[hls @ 0x59b46641e0c0] Opening '/config/cache/transcodes/9d3dd8baddbc010cb4ae3fe44f482d9b862.ts' for writing
frame=62134 fps=230 q=28.0 size=N/A time=00:43:07.37 bitrate=N/A dup=5 drop=0 speed=9.57x    
[hls @ 0x59b46641e0c0] Opening '/config/cache/transcodes/9d3dd8baddbc010cb4ae3fe44f482d9b863.ts' for writing
[hls @ 0x59b46641e0c0] Opening '/config/cache/transcodes/9d3dd8baddbc010cb4ae3fe44f482d9b864.ts' for writing
frame=62256 fps=230 q=28.0 size=N/A time=00:43:12.46 bitrate=N/A dup=5 drop=0 speed=9.58x    
[hls @ 0x59b46641e0c0] Opening '/config/cache/transcodes/9d3dd8baddbc010cb4ae3fe44f482d9b865.ts' for writing
[hls @ 0x59b46641e0c0] Opening '/config/cache/transcodes/9d3dd8baddbc010cb4ae3fe44f482d9b866.ts' for writing
frame=62391 fps=230 q=28.0 size=N/A time=00:43:18.09 bitrate=N/A dup=5 drop=0 speed=9.58x    
[hls @ 0x59b46641e0c0] Opening '/config/cache/transcodes/9d3dd8baddbc010cb4ae3fe44f482d9b867.ts' for writing
[hls @ 0x59b46641e0c0] Opening '/config/cache/transcodes/9d3dd8baddbc010cb4ae3fe44f482d9b868.ts' for writing
frame=62512 fps=230 q=28.0 size=N/A time=00:43:23.14 bitrate=N/A dup=5 drop=0 speed=9.58x    
[hls @ 0x59b46641e0c0] Opening '/config/cache/transcodes/9d3dd8baddbc010cb4ae3fe44f482d9b869.ts' for writing
frame=62636 fps=230 q=28.0 size=N/A time=00:43:28.31 bitrate=N/A dup=5 drop=0 speed=9.58x    
[hls @ 0x59b46641e0c0] Opening '/config/cache/transcodes/9d3dd8baddbc010cb4ae3fe44f482d9b870.ts' for writing
[hls @ 0x59b46641e0c0] Opening '/config/cache/transcodes/9d3dd8baddbc010cb4ae3fe44f482d9b871.ts' for writing
frame=62752 fps=230 q=28.0 size=N/A time=00:43:33.15 bitrate=N/A dup=5 drop=0 speed=9.58x    
[hls @ 0x59b46641e0c0] Opening '/config/cache/transcodes/9d3dd8baddbc010cb4ae3fe44f482d9b872.ts' for writing
[hls @ 0x59b46641e0c0] Opening '/config/cache/transcodes/9d3dd8baddbc010cb4ae3fe44f482d9b873.ts' for writing
frame=62877 fps=230 q=28.0 size=N/A time=00:43:38.36 bitrate=N/A dup=5 drop=0 speed=9.58x    
[hls @ 0x59b46641e0c0] Opening '/config/cache/transcodes/9d3dd8baddbc010cb4ae3fe44f482d9b874.ts' for writing
frame=63005 fps=230 q=28.0 size=N/A time=00:43:43.70 bitrate=N/A dup=5 drop=0 speed=9.58x    
[hls @ 0x59b46641e0c0] Opening '/config/cache/transcodes/9d3dd8baddbc010cb4ae3fe44f482d9b875.ts' for writing
[hls @ 0x59b46641e0c0] Opening '/config/cache/transcodes/9d3dd8baddbc010cb4ae3fe44f482d9b876.ts' for writing
frame=63128 fps=230 q=28.0 size=N/A time=00:43:48.83 bitrate=N/A dup=5 drop=0 speed=9.59x    
[hls @ 0x59b46641e0c0] Opening '/config/cache/transcodes/9d3dd8baddbc010cb4ae3fe44f482d9b877.ts' for writing
[hls @ 0x59b46641e0c0] Opening '/config/cache/transcodes/9d3dd8baddbc010cb4ae3fe44f482d9b878.ts' for writing
frame=63231 fps=230 q=28.0 size=N/A time=00:43:53.13 bitrate=N/A dup=5 drop=0 speed=9.58x    
[hls @ 0x59b46641e0c0] Opening '/config/cache/transcodes/9d3dd8baddbc010cb4ae3fe44f482d9b879.ts' for writing
frame=63322 fps=230 q=28.0 size=N/A time=00:43:56.92 bitrate=N/A dup=5 drop=0 speed=9.58x    
[hls @ 0x59b46641e0c0] Opening '/config/cache/transcodes/9d3dd8baddbc010cb4ae3fe44f482d9b880.ts' for writing
frame=63425 fps=230 q=28.0 size=N/A time=00:44:01.22 bitrate=N/A dup=5 drop=0 speed=9.58x    
[hls @ 0x59b46641e0c0] Opening '/config/cache/transcodes/9d3dd8baddbc010cb4ae3fe44f482d9b881.ts' for writing
[hls @ 0x59b46641e0c0] Opening '/config/cache/transcodes/9d3dd8baddbc010cb4ae3fe44f482d9b882.ts' for writing
frame=63574 fps=230 q=28.0 size=N/A time=00:44:07.43 bitrate=N/A dup=5 drop=0 speed=9.58x    
[hls @ 0x59b46641e0c0] Opening '/config/cache/transcodes/9d3dd8baddbc010cb4ae3fe44f482d9b883.ts' for writing
[hls @ 0x59b46641e0c0] Opening '/config/cache/transcodes/9d3dd8baddbc010cb4ae3fe44f482d9b884.ts' for writing
frame=63719 fps=230 q=25.0 size=N/A time=00:44:13.48 bitrate=N/A dup=5 drop=0 speed=9.59x    
[hls @ 0x59b46641e0c0] Opening '/config/cache/transcodes/9d3dd8baddbc010cb4ae3fe44f482d9b885.ts' for writing
[hls @ 0x59b46641e0c0] Opening '/config/cache/transcodes/9d3dd8baddbc010cb4ae3fe44f482d9b886.ts' for writing
frame=63843 fps=230 q=28.0 size=N/A time=00:44:18.65 bitrate=N/A dup=5 drop=0 speed=9.59x    
[hls @ 0x59b46641e0c0] Opening '/config/cache/transcodes/9d3dd8baddbc010cb4ae3fe44f482d9b887.ts' for writing
[hls @ 0x59b46641e0c0] Opening '/config/cache/transcodes/9d3dd8baddbc010cb4ae3fe44f482d9b888.ts' for writing
frame=63983 fps=230 q=28.0 size=N/A time=00:44:24.49 bitrate=N/A dup=5 drop=0 speed=9.59x    
[hls @ 0x59b46641e0c0] Opening '/config/cache/transcodes/9d3dd8baddbc010cb4ae3fe44f482d9b889.ts' for writing
[hls @ 0x59b46641e0c0] Opening '/config/cache/transcodes/9d3dd8baddbc010cb4ae3fe44f482d9b890.ts' for writing
frame=64136 fps=230 q=28.0 size=N/A time=00:44:30.87 bitrate=N/A dup=5 drop=0 speed= 9.6x    
[hls @ 0x59b46641e0c0] Opening '/config/cache/transcodes/9d3dd8baddbc010cb4ae3fe44f482d9b891.ts' for writing
[hls @ 0x59b46641e0c0] Opening '/config/cache/transcodes/9d3dd8baddbc010cb4ae3fe44f482d9b892.ts' for writing
frame=64256 fps=231 q=28.0 size=N/A time=00:44:35.88 bitrate=N/A dup=5 drop=0 speed= 9.6x    
[hls @ 0x59b46641e0c0] Opening '/config/cache/transcodes/9d3dd8baddbc010cb4ae3fe44f482d9b893.ts' for writing
frame=64376 fps=231 q=28.0 size=N/A time=00:44:40.88 bitrate=N/A dup=5 drop=0 speed= 9.6x    
[hls @ 0x59b46641e0c0] Opening '/config/cache/transcodes/9d3dd8baddbc010cb4ae3fe44f482d9b894.ts' for writing
[hls @ 0x59b46641e0c0] Opening '/config/cache/transcodes/9d3dd8baddbc010cb4ae3fe44f482d9b895.ts' for writing
frame=64514 fps=231 q=28.0 size=N/A time=00:44:46.64 bitrate=N/A dup=5 drop=0 speed= 9.6x    
[hls @ 0x59b46641e0c0] Opening '/config/cache/transcodes/9d3dd8baddbc010cb4ae3fe44f482d9b896.ts' for writing
[hls @ 0x59b46641e0c0] Opening '/config/cache/transcodes/9d3dd8baddbc010cb4ae3fe44f482d9b897.ts' for writing
frame=64656 fps=231 q=28.0 size=N/A time=00:44:52.56 bitrate=N/A dup=5 drop=0 speed=9.61x    
[hls @ 0x59b46641e0c0] Opening '/config/cache/transcodes/9d3dd8baddbc010cb4ae3fe44f482d9b898.ts' for writing
[hls @ 0x59b46641e0c0] Opening '/config/cache/transcodes/9d3dd8baddbc010cb4ae3fe44f482d9b899.ts' for writing
frame=64794 fps=231 q=28.0 size=N/A time=00:44:58.32 bitrate=N/A dup=5 drop=0 speed=9.61x    
[hls @ 0x59b46641e0c0] Opening '/config/cache/transcodes/9d3dd8baddbc010cb4ae3fe44f482d9b900.ts' for writing
[hls @ 0x59b46641e0c0] Opening '/config/cache/transcodes/9d3dd8baddbc010cb4ae3fe44f482d9b901.ts' for writing
frame=64930 fps=231 q=28.0 size=N/A time=00:45:03.99 bitrate=N/A dup=5 drop=0 speed=9.61x    
[hls @ 0x59b46641e0c0] Opening '/config/cache/transcodes/9d3dd8baddbc010cb4ae3fe44f482d9b902.ts' for writing
[hls @ 0x59b46641e0c0] Opening '/config/cache/transcodes/9d3dd8baddbc010cb4ae3fe44f482d9b903.ts' for writing
frame=65061 fps=231 q=28.0 size=N/A time=00:45:09.45 bitrate=N/A dup=5 drop=0 speed=9.62x    
[hls @ 0x59b46641e0c0] Opening '/config/cache/transcodes/9d3dd8baddbc010cb4ae3fe44f482d9b904.ts' for writing
[hls @ 0x59b46641e0c0] Opening '/config/cache/transcodes/9d3dd8baddbc010cb4ae3fe44f482d9b905.ts' for writing
frame=65197 fps=231 q=28.0 size=N/A time=00:45:15.12 bitrate=N/A dup=5 drop=0 speed=9.62x    
[hls @ 0x59b46641e0c0] Opening '/config/cache/transcodes/9d3dd8baddbc010cb4ae3fe44f482d9b906.ts' for writing
frame=65305 fps=231 q=28.0 size=N/A time=00:45:19.63 bitrate=N/A dup=5 drop=0 speed=9.62x    
[hls @ 0x59b46641e0c0] Opening '/config/cache/transcodes/9d3dd8baddbc010cb4ae3fe44f482d9b907.ts' for writing
[hls @ 0x59b46641e0c0] Opening '/config/cache/transcodes/9d3dd8baddbc010cb4ae3fe44f482d9b908.ts' for writing
frame=65409 fps=231 q=28.0 size=N/A time=00:45:23.97 bitrate=N/A dup=5 drop=0 speed=9.62x    
[hls @ 0x59b46641e0c0] Opening '/config/cache/transcodes/9d3dd8baddbc010cb4ae3fe44f482d9b909.ts' for writing
frame=65515 fps=231 q=28.0 size=N/A time=00:45:28.39 bitrate=N/A dup=5 drop=0 speed=9.62x    
[hls @ 0x59b46641e0c0] Opening '/config/cache/transcodes/9d3dd8baddbc010cb4ae3fe44f482d9b910.ts' for writing
[hls @ 0x59b46641e0c0] Opening '/config/cache/transcodes/9d3dd8baddbc010cb4ae3fe44f482d9b911.ts' for writing
frame=65625 fps=231 q=28.0 size=N/A time=00:45:32.98 bitrate=N/A dup=5 drop=0 speed=9.61x    
[hls @ 0x59b46641e0c0] Opening '/config/cache/transcodes/9d3dd8baddbc010cb4ae3fe44f482d9b912.ts' for writing
[hls @ 0x59b46641e0c0] Opening '/config/cache/transcodes/9d3dd8baddbc010cb4ae3fe44f482d9b913.ts' for writing
frame=65745 fps=231 q=28.0 size=N/A time=00:45:37.98 bitrate=N/A dup=5 drop=0 speed=9.62x    
[hls @ 0x59b46641e0c0] Opening '/config/cache/transcodes/9d3dd8baddbc010cb4ae3fe44f482d9b914.ts' for writing
frame=65865 fps=231 q=28.0 size=N/A time=00:45:42.99 bitrate=N/A dup=5 drop=0 speed=9.62x    
[hls @ 0x59b46641e0c0] Opening '/config/cache/transcodes/9d3dd8baddbc010cb4ae3fe44f482d9b915.ts' for writing
[hls @ 0x59b46641e0c0] Opening '/config/cache/transcodes/9d3dd8baddbc010cb4ae3fe44f482d9b916.ts' for writing
frame=65983 fps=231 q=28.0 size=N/A time=00:45:47.91 bitrate=N/A dup=5 drop=0 speed=9.62x    
[hls @ 0x59b46641e0c0] Opening '/config/cache/transcodes/9d3dd8baddbc010cb4ae3fe44f482d9b917.ts' for writing
frame=66095 fps=231 q=28.0 size=N/A time=00:45:52.58 bitrate=N/A dup=5 drop=0 speed=9.62x    
[hls @ 0x59b46641e0c0] Opening '/config/cache/transcodes/9d3dd8baddbc010cb4ae3fe44f482d9b918.ts' for writing
[hls @ 0x59b46641e0c0] Opening '/config/cache/transcodes/9d3dd8baddbc010cb4ae3fe44f482d9b919.ts' for writing
frame=66206 fps=231 q=28.0 size=N/A time=00:45:57.21 bitrate=N/A dup=5 drop=0 speed=9.62x    
[hls @ 0x59b46641e0c0] Opening '/config/cache/transcodes/9d3dd8baddbc010cb4ae3fe44f482d9b920.ts' for writing
frame=66318 fps=231 q=28.0 size=N/A time=00:46:01.88 bitrate=N/A dup=5 drop=0 speed=9.61x    
[hls @ 0x59b46641e0c0] Opening '/config/cache/transcodes/9d3dd8baddbc010cb4ae3fe44f482d9b921.ts' for writing
[hls @ 0x59b46641e0c0] Opening '/config/cache/transcodes/9d3dd8baddbc010cb4ae3fe44f482d9b922.ts' for writing
frame=66452 fps=231 q=25.0 size=N/A time=00:46:07.47 bitrate=N/A dup=5 drop=0 speed=9.62x    
[hls @ 0x59b46641e0c0] Opening '/config/cache/transcodes/9d3dd8baddbc010cb4ae3fe44f482d9b923.ts' for writing
[hls @ 0x59b46641e0c0] Opening '/config/cache/transcodes/9d3dd8baddbc010cb4ae3fe44f482d9b924.ts' for writing
frame=66592 fps=231 q=28.0 size=N/A time=00:46:13.31 bitrate=N/A dup=5 drop=0 speed=9.62x    
[hls @ 0x59b46641e0c0] Opening '/config/cache/transcodes/9d3dd8baddbc010cb4ae3fe44f482d9b925.ts' for writing
[hls @ 0x59b46641e0c0] Opening '/config/cache/transcodes/9d3dd8baddbc010cb4ae3fe44f482d9b926.ts' for writing
frame=66704 fps=231 q=28.0 size=N/A time=00:46:17.98 bitrate=N/A dup=5 drop=0 speed=9.62x    
[hls @ 0x59b46641e0c0] Opening '/config/cache/transcodes/9d3dd8baddbc010cb4ae3fe44f482d9b927.ts' for writing
[hls @ 0x59b46641e0c0] Opening '/config/cache/transcodes/9d3dd8baddbc010cb4ae3fe44f482d9b928.ts' for writing
frame=66836 fps=231 q=28.0 size=N/A time=00:46:23.48 bitrate=N/A dup=5 drop=0 speed=9.62x    
[hls @ 0x59b46641e0c0] Opening '/config/cache/transcodes/9d3dd8baddbc010cb4ae3fe44f482d9b929.ts' for writing
frame=66944 fps=231 q=28.0 size=N/A time=00:46:27.99 bitrate=N/A dup=5 drop=0 speed=9.62x    
[hls @ 0x59b46641e0c0] Opening '/config/cache/transcodes/9d3dd8baddbc010cb4ae3fe44f482d9b930.ts' for writing
[hls @ 0x59b46641e0c0] Opening '/config/cache/transcodes/9d3dd8baddbc010cb4ae3fe44f482d9b931.ts' for writing
frame=67038 fps=231 q=28.0 size=N/A time=00:46:31.95 bitrate=N/A dup=5 drop=0 speed=9.62x    
[hls @ 0x59b46641e0c0] Opening '/config/cache/transcodes/9d3dd8baddbc010cb4ae3fe44f482d9b932.ts' for writing
frame=67134 fps=231 q=28.0 size=N/A time=00:46:35.91 bitrate=N/A dup=5 drop=0 speed=9.62x    
[hls @ 0x59b46641e0c0] Opening '/config/cache/transcodes/9d3dd8baddbc010cb4ae3fe44f482d9b933.ts' for writing
frame=67243 fps=231 q=25.0 size=N/A time=00:46:40.46 bitrate=N/A dup=5 drop=0 speed=9.62x    
[hls @ 0x59b46641e0c0] Opening '/config/cache/transcodes/9d3dd8baddbc010cb4ae3fe44f482d9b934.ts' for writing
[hls @ 0x59b46641e0c0] Opening '/config/cache/transcodes/9d3dd8baddbc010cb4ae3fe44f482d9b935.ts' for writing
frame=67347 fps=231 q=28.0 size=N/A time=00:46:44.80 bitrate=N/A dup=5 drop=0 speed=9.61x    
[hls @ 0x59b46641e0c0] Opening '/config/cache/transcodes/9d3dd8baddbc010cb4ae3fe44f482d9b936.ts' for writing
frame=67445 fps=231 q=28.0 size=N/A time=00:46:48.88 bitrate=N/A dup=5 drop=0 speed=9.61x    
[hls @ 0x59b46641e0c0] Opening '/config/cache/transcodes/9d3dd8baddbc010cb4ae3fe44f482d9b937.ts' for writing
[hls @ 0x59b46641e0c0] Opening '/config/cache/transcodes/9d3dd8baddbc010cb4ae3fe44f482d9b938.ts' for writing
frame=67564 fps=231 q=28.0 size=N/A time=00:46:53.89 bitrate=N/A dup=5 drop=0 speed=9.61x    
[hls @ 0x59b46641e0c0] Opening '/config/cache/transcodes/9d3dd8baddbc010cb4ae3fe44f482d9b939.ts' for writing
[hls @ 0x59b46641e0c0] Opening '/config/cache/transcodes/9d3dd8baddbc010cb4ae3fe44f482d9b940.ts' for writing
frame=67692 fps=231 q=28.0 size=N/A time=00:46:59.19 bitrate=N/A dup=5 drop=0 speed=9.61x    
[hls @ 0x59b46641e0c0] Opening '/config/cache/transcodes/9d3dd8baddbc010cb4ae3fe44f482d9b941.ts' for writing
frame=67806 fps=231 q=28.0 size=N/A time=00:47:03.94 bitrate=N/A dup=5 drop=0 speed=9.61x    
[hls @ 0x59b46641e0c0] Opening '/config/cache/transcodes/9d3dd8baddbc010cb4ae3fe44f482d9b942.ts' for writing
[hls @ 0x59b46641e0c0] Opening '/config/cache/transcodes/9d3dd8baddbc010cb4ae3fe44f482d9b943.ts' for writing
frame=67924 fps=231 q=28.0 size=N/A time=00:47:08.86 bitrate=N/A dup=5 drop=0 speed=9.61x    
[hls @ 0x59b46641e0c0] Opening '/config/cache/transcodes/9d3dd8baddbc010cb4ae3fe44f482d9b944.ts' for writing
frame=68043 fps=231 q=28.0 size=N/A time=00:47:13.83 bitrate=N/A dup=5 drop=0 speed=9.61x    
[hls @ 0x59b46641e0c0] Opening '/config/cache/transcodes/9d3dd8baddbc010cb4ae3fe44f482d9b945.ts' for writing
[hls @ 0x59b46641e0c0] Opening '/config/cache/transcodes/9d3dd8baddbc010cb4ae3fe44f482d9b946.ts' for writing
frame=68160 fps=231 q=28.0 size=N/A time=00:47:18.71 bitrate=N/A dup=5 drop=0 speed=9.61x    
[hls @ 0x59b46641e0c0] Opening '/config/cache/transcodes/9d3dd8baddbc010cb4ae3fe44f482d9b947.ts' for writing
[hls @ 0x59b46641e0c0] Opening '/config/cache/transcodes/9d3dd8baddbc010cb4ae3fe44f482d9b948.ts' for writing
frame=68288 fps=231 q=28.0 size=N/A time=00:47:24.04 bitrate=N/A dup=5 drop=0 speed=9.62x    
[hls @ 0x59b46641e0c0] Opening '/config/cache/transcodes/9d3dd8baddbc010cb4ae3fe44f482d9b949.ts' for writing
frame=68392 fps=231 q=28.0 size=N/A time=00:47:28.38 bitrate=N/A dup=5 drop=0 speed=9.61x    
[hls @ 0x59b46641e0c0] Opening '/config/cache/transcodes/9d3dd8baddbc010cb4ae3fe44f482d9b950.ts' for writing
[hls @ 0x59b46641e0c0] Opening '/config/cache/transcodes/9d3dd8baddbc010cb4ae3fe44f482d9b951.ts' for writing
frame=68482 fps=231 q=28.0 size=N/A time=00:47:32.14 bitrate=N/A dup=5 drop=0 speed=9.61x    
[hls @ 0x59b46641e0c0] Opening '/config/cache/transcodes/9d3dd8baddbc010cb4ae3fe44f482d9b952.ts' for writing
frame=68573 fps=231 q=28.0 size=N/A time=00:47:35.93 bitrate=N/A dup=5 drop=0 speed=9.61x    
[hls @ 0x59b46641e0c0] Opening '/config/cache/transcodes/9d3dd8baddbc010cb4ae3fe44f482d9b953.ts' for writing
frame=68678 fps=231 q=28.0 size=N/A time=00:47:40.31 bitrate=N/A dup=5 drop=0 speed=9.61x    
[hls @ 0x59b46641e0c0] Opening '/config/cache/transcodes/9d3dd8baddbc010cb4ae3fe44f482d9b954.ts' for writing
[hls @ 0x59b46641e0c0] Opening '/config/cache/transcodes/9d3dd8baddbc010cb4ae3fe44f482d9b955.ts' for writing
frame=68776 fps=231 q=28.0 size=N/A time=00:47:44.40 bitrate=N/A dup=5 drop=0 speed= 9.6x    
[hls @ 0x59b46641e0c0] Opening '/config/cache/transcodes/9d3dd8baddbc010cb4ae3fe44f482d9b956.ts' for writing
frame=68894 fps=231 q=28.0 size=N/A time=00:47:49.32 bitrate=N/A dup=5 drop=0 speed= 9.6x    
[hls @ 0x59b46641e0c0] Opening '/config/cache/transcodes/9d3dd8baddbc010cb4ae3fe44f482d9b957.ts' for writing
[hls @ 0x59b46641e0c0] Opening '/config/cache/transcodes/9d3dd8baddbc010cb4ae3fe44f482d9b958.ts' for writing
frame=68990 fps=231 q=28.0 size=N/A time=00:47:53.37 bitrate=N/A dup=5 drop=0 speed= 9.6x    
[hls @ 0x59b46641e0c0] Opening '/config/cache/transcodes/9d3dd8baddbc010cb4ae3fe44f482d9b959.ts' for writing
frame=69105 fps=231 q=28.0 size=N/A time=00:47:58.12 bitrate=N/A dup=5 drop=0 speed= 9.6x    
[hls @ 0x59b46641e0c0] Opening '/config/cache/transcodes/9d3dd8baddbc010cb4ae3fe44f482d9b960.ts' for writing
[hls @ 0x59b46641e0c0] Opening '/config/cache/transcodes/9d3dd8baddbc010cb4ae3fe44f482d9b961.ts' for writing
frame=69200 fps=230 q=28.0 size=N/A time=00:48:02.08 bitrate=N/A dup=5 drop=0 speed= 9.6x    
[hls @ 0x59b46641e0c0] Opening '/config/cache/transcodes/9d3dd8baddbc010cb4ae3fe44f482d9b962.ts' for writing
frame=69282 fps=230 q=28.0 size=N/A time=00:48:05.50 bitrate=N/A dup=5 drop=0 speed=9.59x    
[hls @ 0x59b46641e0c0] Opening '/config/cache/transcodes/9d3dd8baddbc010cb4ae3fe44f482d9b963.ts' for writing
frame=69386 fps=230 q=28.0 size=N/A time=00:48:09.84 bitrate=N/A dup=5 drop=0 speed=9.59x    
[hls @ 0x59b46641e0c0] Opening '/config/cache/transcodes/9d3dd8baddbc010cb4ae3fe44f482d9b964.ts' for writing
[hls @ 0x59b46641e0c0] Opening '/config/cache/transcodes/9d3dd8baddbc010cb4ae3fe44f482d9b965.ts' for writing
frame=69489 fps=230 q=28.0 size=N/A time=00:48:14.14 bitrate=N/A dup=5 drop=0 speed=9.59x    
[hls @ 0x59b46641e0c0] Opening '/config/cache/transcodes/9d3dd8baddbc010cb4ae3fe44f482d9b966.ts' for writing
frame=69594 fps=230 q=28.0 size=N/A time=00:48:18.52 bitrate=N/A dup=5 drop=0 speed=9.59x    
[hls @ 0x59b46641e0c0] Opening '/config/cache/transcodes/9d3dd8baddbc010cb4ae3fe44f482d9b967.ts' for writing
frame=69696 fps=230 q=28.0 size=N/A time=00:48:22.77 bitrate=N/A dup=5 drop=0 speed=9.59x    
[hls @ 0x59b46641e0c0] Opening '/config/cache/transcodes/9d3dd8baddbc010cb4ae3fe44f482d9b968.ts' for writing
[hls @ 0x59b46641e0c0] Opening '/config/cache/transcodes/9d3dd8baddbc010cb4ae3fe44f482d9b969.ts' for writing
frame=69799 fps=230 q=28.0 size=N/A time=00:48:27.07 bitrate=N/A dup=5 drop=0 speed=9.59x    
[hls @ 0x59b46641e0c0] Opening '/config/cache/transcodes/9d3dd8baddbc010cb4ae3fe44f482d9b970.ts' for writing
frame=69908 fps=230 q=28.0 size=N/A time=00:48:31.61 bitrate=N/A dup=5 drop=0 speed=9.59x    
[hls @ 0x59b46641e0c0] Opening '/config/cache/transcodes/9d3dd8baddbc010cb4ae3fe44f482d9b971.ts' for writing
[hls @ 0x59b46641e0c0] Opening '/config/cache/transcodes/9d3dd8baddbc010cb4ae3fe44f482d9b972.ts' for writing
frame=70010 fps=230 q=28.0 size=N/A time=00:48:35.87 bitrate=N/A dup=5 drop=0 speed=9.58x    
[hls @ 0x59b46641e0c0] Opening '/config/cache/transcodes/9d3dd8baddbc010cb4ae3fe44f482d9b973.ts' for writing
frame=70115 fps=230 q=28.0 size=N/A time=00:48:40.25 bitrate=N/A dup=5 drop=0 speed=9.58x    
[hls @ 0x59b46641e0c0] Opening '/config/cache/transcodes/9d3dd8baddbc010cb4ae3fe44f482d9b974.ts' for writing
[hls @ 0x59b46641e0c0] Opening '/config/cache/transcodes/9d3dd8baddbc010cb4ae3fe44f482d9b975.ts' for writing
frame=70212 fps=230 q=28.0 size=N/A time=00:48:44.29 bitrate=N/A dup=5 drop=0 speed=9.58x    
[hls @ 0x59b46641e0c0] Opening '/config/cache/transcodes/9d3dd8baddbc010cb4ae3fe44f482d9b976.ts' for writing
frame=70324 fps=230 q=28.0 size=N/A time=00:48:48.96 bitrate=N/A dup=5 drop=0 speed=9.58x    
[hls @ 0x59b46641e0c0] Opening '/config/cache/transcodes/9d3dd8baddbc010cb4ae3fe44f482d9b977.ts' for writing
[hls @ 0x59b46641e0c0] Opening '/config/cache/transcodes/9d3dd8baddbc010cb4ae3fe44f482d9b978.ts' for writing
frame=70441 fps=230 q=28.0 size=N/A time=00:48:53.84 bitrate=N/A dup=5 drop=0 speed=9.58x    
[hls @ 0x59b46641e0c0] Opening '/config/cache/transcodes/9d3dd8baddbc010cb4ae3fe44f482d9b979.ts' for writing
[hls @ 0x59b46641e0c0] Opening '/config/cache/transcodes/9d3dd8baddbc010cb4ae3fe44f482d9b980.ts' for writing
frame=70570 fps=230 q=28.0 size=N/A time=00:48:59.22 bitrate=N/A dup=5 drop=0 speed=9.58x    
[hls @ 0x59b46641e0c0] Opening '/config/cache/transcodes/9d3dd8baddbc010cb4ae3fe44f482d9b981.ts' for writing
frame=70684 fps=230 q=28.0 size=N/A time=00:49:03.98 bitrate=N/A dup=5 drop=0 speed=9.58x    
[hls @ 0x59b46641e0c0] Opening '/config/cache/transcodes/9d3dd8baddbc010cb4ae3fe44f482d9b982.ts' for writing
[hls @ 0x59b46641e0c0] Opening '/config/cache/transcodes/9d3dd8baddbc010cb4ae3fe44f482d9b983.ts' for writing
frame=70804 fps=230 q=28.0 size=N/A time=00:49:08.98 bitrate=N/A dup=5 drop=0 speed=9.58x    
[hls @ 0x59b46641e0c0] Opening '/config/cache/transcodes/9d3dd8baddbc010cb4ae3fe44f482d9b984.ts' for writing
frame=70920 fps=230 q=28.0 size=N/A time=00:49:13.82 bitrate=N/A dup=5 drop=0 speed=9.58x    
[hls @ 0x59b46641e0c0] Opening '/config/cache/transcodes/9d3dd8baddbc010cb4ae3fe44f482d9b985.ts' for writing
[hls @ 0x59b46641e0c0] Opening '/config/cache/transcodes/9d3dd8baddbc010cb4ae3fe44f482d9b986.ts' for writing
frame=71028 fps=230 q=28.0 size=N/A time=00:49:18.33 bitrate=N/A dup=5 drop=0 speed=9.58x    
[hls @ 0x59b46641e0c0] Opening '/config/cache/transcodes/9d3dd8baddbc010cb4ae3fe44f482d9b987.ts' for writing
[hls @ 0x59b46641e0c0] Opening '/config/cache/transcodes/9d3dd8baddbc010cb4ae3fe44f482d9b988.ts' for writing
frame=71149 fps=230 q=28.0 size=N/A time=00:49:23.37 bitrate=N/A dup=5 drop=0 speed=9.58x    
[hls @ 0x59b46641e0c0] Opening '/config/cache/transcodes/9d3dd8baddbc010cb4ae3fe44f482d9b989.ts' for writing
[hls @ 0x59b46641e0c0] Opening '/config/cache/transcodes/9d3dd8baddbc010cb4ae3fe44f482d9b990.ts' for writing
frame=71284 fps=230 q=28.0 size=N/A time=00:49:29.04 bitrate=N/A dup=5 drop=0 speed=9.58x    
[hls @ 0x59b46641e0c0] Opening '/config/cache/transcodes/9d3dd8baddbc010cb4ae3fe44f482d9b991.ts' for writing
frame=71418 fps=230 q=28.0 size=N/A time=00:49:34.59 bitrate=N/A dup=5 drop=0 speed=9.59x    
[hls @ 0x59b46641e0c0] Opening '/config/cache/transcodes/9d3dd8baddbc010cb4ae3fe44f482d9b992.ts' for writing
[hls @ 0x59b46641e0c0] Opening '/config/cache/transcodes/9d3dd8baddbc010cb4ae3fe44f482d9b993.ts' for writing
frame=71535 fps=230 q=28.0 size=N/A time=00:49:39.47 bitrate=N/A dup=5 drop=0 speed=9.59x    
[hls @ 0x59b46641e0c0] Opening '/config/cache/transcodes/9d3dd8baddbc010cb4ae3fe44f482d9b994.ts' for writing
[hls @ 0x59b46641e0c0] Opening '/config/cache/transcodes/9d3dd8baddbc010cb4ae3fe44f482d9b995.ts' for writing
frame=71666 fps=230 q=28.0 size=N/A time=00:49:44.94 bitrate=N/A dup=5 drop=0 speed=9.59x    
[hls @ 0x59b46641e0c0] Opening '/config/cache/transcodes/9d3dd8baddbc010cb4ae3fe44f482d9b996.ts' for writing
frame=71774 fps=230 q=28.0 size=N/A time=00:49:49.44 bitrate=N/A dup=5 drop=0 speed=9.59x    
[hls @ 0x59b46641e0c0] Opening '/config/cache/transcodes/9d3dd8baddbc010cb4ae3fe44f482d9b997.ts' for writing
[hls @ 0x59b46641e0c0] Opening '/config/cache/transcodes/9d3dd8baddbc010cb4ae3fe44f482d9b998.ts' for writing
frame=71905 fps=230 q=28.0 size=N/A time=00:49:54.90 bitrate=N/A dup=5 drop=0 speed=9.59x    
[hls @ 0x59b46641e0c0] Opening '/config/cache/transcodes/9d3dd8baddbc010cb4ae3fe44f482d9b999.ts' for writing
[hls @ 0x59b46641e0c0] Opening '/config/cache/transcodes/9d3dd8baddbc010cb4ae3fe44f482d9b1000.ts' for writing
frame=72014 fps=230 q=28.0 size=N/A time=00:49:59.45 bitrate=N/A dup=5 drop=0 speed=9.59x    
[hls @ 0x59b46641e0c0] Opening '/config/cache/transcodes/9d3dd8baddbc010cb4ae3fe44f482d9b1001.ts' for writing
frame=72123 fps=230 q=28.0 size=N/A time=00:50:04.00 bitrate=N/A dup=5 drop=0 speed=9.59x    
[hls @ 0x59b46641e0c0] Opening '/config/cache/transcodes/9d3dd8baddbc010cb4ae3fe44f482d9b1002.ts' for writing
[hls @ 0x59b46641e0c0] Opening '/config/cache/transcodes/9d3dd8baddbc010cb4ae3fe44f482d9b1003.ts' for writing
frame=72238 fps=230 q=28.0 size=N/A time=00:50:08.79 bitrate=N/A dup=5 drop=0 speed=9.59x    
[hls @ 0x59b46641e0c0] Opening '/config/cache/transcodes/9d3dd8baddbc010cb4ae3fe44f482d9b1004.ts' for writing
[hls @ 0x59b46641e0c0] Opening '/config/cache/transcodes/9d3dd8baddbc010cb4ae3fe44f482d9b1005.ts' for writing
frame=72366 fps=230 q=28.0 size=N/A time=00:50:14.13 bitrate=N/A dup=5 drop=0 speed=9.59x    
[hls @ 0x59b46641e0c0] Opening '/config/cache/transcodes/9d3dd8baddbc010cb4ae3fe44f482d9b1006.ts' for writing
frame=72491 fps=230 q=28.0 size=N/A time=00:50:19.34 bitrate=N/A dup=5 drop=0 speed=9.59x    
[hls @ 0x59b46641e0c0] Opening '/config/cache/transcodes/9d3dd8baddbc010cb4ae3fe44f482d9b1007.ts' for writing
[hls @ 0x59b46641e0c0] Opening '/config/cache/transcodes/9d3dd8baddbc010cb4ae3fe44f482d9b1008.ts' for writing
frame=72628 fps=230 q=28.0 size=N/A time=00:50:25.06 bitrate=N/A dup=5 drop=0 speed= 9.6x    
[hls @ 0x59b46641e0c0] Opening '/config/cache/transcodes/9d3dd8baddbc010cb4ae3fe44f482d9b1009.ts' for writing
[hls @ 0x59b46641e0c0] Opening '/config/cache/transcodes/9d3dd8baddbc010cb4ae3fe44f482d9b1010.ts' for writing
frame=72740 fps=230 q=28.0 size=N/A time=00:50:29.73 bitrate=N/A dup=5 drop=0 speed=9.59x    
[hls @ 0x59b46641e0c0] Opening '/config/cache/transcodes/9d3dd8baddbc010cb4ae3fe44f482d9b1011.ts' for writing
frame=72841 fps=230 q=28.0 size=N/A time=00:50:33.94 bitrate=N/A dup=5 drop=0 speed=9.59x    
[hls @ 0x59b46641e0c0] Opening '/config/cache/transcodes/9d3dd8baddbc010cb4ae3fe44f482d9b1012.ts' for writing
[hls @ 0x59b46641e0c0] Opening '/config/cache/transcodes/9d3dd8baddbc010cb4ae3fe44f482d9b1013.ts' for writing
frame=72941 fps=230 q=28.0 size=N/A time=00:50:38.11 bitrate=N/A dup=5 drop=0 speed=9.59x    
[hls @ 0x59b46641e0c0] Opening '/config/cache/transcodes/9d3dd8baddbc010cb4ae3fe44f482d9b1014.ts' for writing
frame=73043 fps=230 q=28.0 size=N/A time=00:50:42.41 bitrate=N/A dup=5 drop=0 speed=9.59x    
[hls @ 0x59b46641e0c0] Opening '/config/cache/transcodes/9d3dd8baddbc010cb4ae3fe44f482d9b1015.ts' for writing
[hls @ 0x59b46641e0c0] Opening '/config/cache/transcodes/9d3dd8baddbc010cb4ae3fe44f482d9b1016.ts' for writing
frame=73152 fps=230 q=28.0 size=N/A time=00:50:46.96 bitrate=N/A dup=5 drop=0 speed=9.59x    
[hls @ 0x59b46641e0c0] Opening '/config/cache/transcodes/9d3dd8baddbc010cb4ae3fe44f482d9b1017.ts' for writing
frame=73276 fps=230 q=28.0 size=N/A time=00:50:52.09 bitrate=N/A dup=5 drop=0 speed=9.59x    
[hls @ 0x59b46641e0c0] Opening '/config/cache/transcodes/9d3dd8baddbc010cb4ae3fe44f482d9b1018.ts' for writing
[hls @ 0x59b46641e0c0] Opening '/config/cache/transcodes/9d3dd8baddbc010cb4ae3fe44f482d9b1019.ts' for writing
frame=73405 fps=230 q=28.0 size=N/A time=00:50:57.47 bitrate=N/A dup=5 drop=0 speed=9.59x    
[hls @ 0x59b46641e0c0] Opening '/config/cache/transcodes/9d3dd8baddbc010cb4ae3fe44f482d9b1020.ts' for writing
[hls @ 0x59b46641e0c0] Opening '/config/cache/transcodes/9d3dd8baddbc010cb4ae3fe44f482d9b1021.ts' for writing
frame=73529 fps=230 q=28.0 size=N/A time=00:51:02.64 bitrate=N/A dup=5 drop=0 speed=9.59x    
[hls @ 0x59b46641e0c0] Opening '/config/cache/transcodes/9d3dd8baddbc010cb4ae3fe44f482d9b1022.ts' for writing
frame=73645 fps=230 q=25.0 size=N/A time=00:51:07.48 bitrate=N/A dup=5 drop=0 speed=9.59x    
[hls @ 0x59b46641e0c0] Opening '/config/cache/transcodes/9d3dd8baddbc010cb4ae3fe44f482d9b1023.ts' for writing
[hls @ 0x59b46641e0c0] Opening '/config/cache/transcodes/9d3dd8baddbc010cb4ae3fe44f482d9b1024.ts' for writing
frame=73763 fps=230 q=28.0 size=N/A time=00:51:12.40 bitrate=N/A dup=5 drop=0 speed=9.59x    
[hls @ 0x59b46641e0c0] Opening '/config/cache/transcodes/9d3dd8baddbc010cb4ae3fe44f482d9b1025.ts' for writing
[hls @ 0x59b46641e0c0] Opening '/config/cache/transcodes/9d3dd8baddbc010cb4ae3fe44f482d9b1026.ts' for writing
frame=73890 fps=230 q=28.0 size=N/A time=00:51:17.74 bitrate=N/A dup=5 drop=0 speed=9.59x    
[hls @ 0x59b46641e0c0] Opening '/config/cache/transcodes/9d3dd8baddbc010cb4ae3fe44f482d9b1027.ts' for writing
[hls @ 0x59b46641e0c0] Opening '/config/cache/transcodes/9d3dd8baddbc010cb4ae3fe44f482d9b1028.ts' for writing
frame=74020 fps=230 q=28.0 size=N/A time=00:51:23.12 bitrate=N/A dup=5 drop=0 speed= 9.6x    
[hls @ 0x59b46641e0c0] Opening '/config/cache/transcodes/9d3dd8baddbc010cb4ae3fe44f482d9b1029.ts' for writing
frame=74147 fps=230 q=28.0 size=N/A time=00:51:28.41 bitrate=N/A dup=5 drop=0 speed= 9.6x    
[hls @ 0x59b46641e0c0] Opening '/config/cache/transcodes/9d3dd8baddbc010cb4ae3fe44f482d9b1030.ts' for writing
[hls @ 0x59b46641e0c0] Opening '/config/cache/transcodes/9d3dd8baddbc010cb4ae3fe44f482d9b1031.ts' for writing
frame=74279 fps=230 q=28.0 size=N/A time=00:51:33.92 bitrate=N/A dup=5 drop=0 speed= 9.6x    
[hls @ 0x59b46641e0c0] Opening '/config/cache/transcodes/9d3dd8baddbc010cb4ae3fe44f482d9b1032.ts' for writing
[hls @ 0x59b46641e0c0] Opening '/config/cache/transcodes/9d3dd8baddbc010cb4ae3fe44f482d9b1033.ts' for writing
frame=74414 fps=231 q=28.0 size=N/A time=00:51:39.55 bitrate=N/A dup=5 drop=0 speed= 9.6x    
[hls @ 0x59b46641e0c0] Opening '/config/cache/transcodes/9d3dd8baddbc010cb4ae3fe44f482d9b1034.ts' for writing
[hls @ 0x59b46641e0c0] Opening '/config/cache/transcodes/9d3dd8baddbc010cb4ae3fe44f482d9b1035.ts' for writing
frame=74544 fps=231 q=28.0 size=N/A time=00:51:44.97 bitrate=N/A dup=5 drop=0 speed= 9.6x    
[hls @ 0x59b46641e0c0] Opening '/config/cache/transcodes/9d3dd8baddbc010cb4ae3fe44f482d9b1036.ts' for writing
[hls @ 0x59b46641e0c0] Opening '/config/cache/transcodes/9d3dd8baddbc010cb4ae3fe44f482d9b1037.ts' for writing
frame=74667 fps=231 q=28.0 size=N/A time=00:51:50.10 bitrate=N/A dup=5 drop=0 speed=9.61x    
[hls @ 0x59b46641e0c0] Opening '/config/cache/transcodes/9d3dd8baddbc010cb4ae3fe44f482d9b1038.ts' for writing
frame=74795 fps=231 q=28.0 size=N/A time=00:51:55.44 bitrate=N/A dup=5 drop=0 speed=9.61x    
[hls @ 0x59b46641e0c0] Opening '/config/cache/transcodes/9d3dd8baddbc010cb4ae3fe44f482d9b1039.ts' for writing
[hls @ 0x59b46641e0c0] Opening '/config/cache/transcodes/9d3dd8baddbc010cb4ae3fe44f482d9b1040.ts' for writing
frame=74913 fps=231 q=28.0 size=N/A time=00:52:00.36 bitrate=N/A dup=5 drop=0 speed=9.61x    
[hls @ 0x59b46641e0c0] Opening '/config/cache/transcodes/9d3dd8baddbc010cb4ae3fe44f482d9b1041.ts' for writing
[hls @ 0x59b46641e0c0] Opening '/config/cache/transcodes/9d3dd8baddbc010cb4ae3fe44f482d9b1042.ts' for writing
frame=75039 fps=231 q=28.0 size=N/A time=00:52:05.62 bitrate=N/A dup=5 drop=0 speed=9.61x    
[hls @ 0x59b46641e0c0] Opening '/config/cache/transcodes/9d3dd8baddbc010cb4ae3fe44f482d9b1043.ts' for writing
[hls @ 0x59b46641e0c0] Opening '/config/cache/transcodes/9d3dd8baddbc010cb4ae3fe44f482d9b1044.ts' for writing
frame=75167 fps=231 q=28.0 size=N/A time=00:52:10.96 bitrate=N/A dup=5 drop=0 speed=9.61x    
[hls @ 0x59b46641e0c0] Opening '/config/cache/transcodes/9d3dd8baddbc010cb4ae3fe44f482d9b1045.ts' for writing
frame=75292 fps=231 q=28.0 size=N/A time=00:52:16.17 bitrate=N/A dup=5 drop=0 speed=9.61x    
[hls @ 0x59b46641e0c0] Opening '/config/cache/transcodes/9d3dd8baddbc010cb4ae3fe44f482d9b1046.ts' for writing
[hls @ 0x59b46641e0c0] Opening '/config/cache/transcodes/9d3dd8baddbc010cb4ae3fe44f482d9b1047.ts' for writing
frame=75414 fps=231 q=28.0 size=N/A time=00:52:21.26 bitrate=N/A dup=5 drop=0 speed=9.61x    
[hls @ 0x59b46641e0c0] Opening '/config/cache/transcodes/9d3dd8baddbc010cb4ae3fe44f482d9b1048.ts' for writing
frame=75525 fps=231 q=28.0 size=N/A time=00:52:25.89 bitrate=N/A dup=5 drop=0 speed=9.61x    
[hls @ 0x59b46641e0c0] Opening '/config/cache/transcodes/9d3dd8baddbc010cb4ae3fe44f482d9b1049.ts' for writing
[hls @ 0x59b46641e0c0] Opening '/config/cache/transcodes/9d3dd8baddbc010cb4ae3fe44f482d9b1050.ts' for writing
frame=75653 fps=231 q=28.0 size=N/A time=00:52:31.23 bitrate=N/A dup=5 drop=0 speed=9.61x    
[hls @ 0x59b46641e0c0] Opening '/config/cache/transcodes/9d3dd8baddbc010cb4ae3fe44f482d9b1051.ts' for writing
[hls @ 0x59b46641e0c0] Opening '/config/cache/transcodes/9d3dd8baddbc010cb4ae3fe44f482d9b1052.ts' for writing
frame=75791 fps=231 q=28.0 size=N/A time=00:52:36.98 bitrate=N/A dup=5 drop=0 speed=9.62x    
[hls @ 0x59b46641e0c0] Opening '/config/cache/transcodes/9d3dd8baddbc010cb4ae3fe44f482d9b1053.ts' for writing
[hls @ 0x59b46641e0c0] Opening '/config/cache/transcodes/9d3dd8baddbc010cb4ae3fe44f482d9b1054.ts' for writing
frame=75931 fps=231 q=28.0 size=N/A time=00:52:42.82 bitrate=N/A dup=5 drop=0 speed=9.62x    
[hls @ 0x59b46641e0c0] Opening '/config/cache/transcodes/9d3dd8baddbc010cb4ae3fe44f482d9b1055.ts' for writing
[hls @ 0x59b46641e0c0] Opening '/config/cache/transcodes/9d3dd8baddbc010cb4ae3fe44f482d9b1056.ts' for writing
frame=76049 fps=231 q=28.0 size=N/A time=00:52:47.74 bitrate=N/A dup=5 drop=0 speed=9.62x    
[hls @ 0x59b46641e0c0] Opening '/config/cache/transcodes/9d3dd8baddbc010cb4ae3fe44f482d9b1057.ts' for writing
frame=76160 fps=231 q=28.0 size=N/A time=00:52:52.37 bitrate=N/A dup=5 drop=0 speed=9.62x    
[hls @ 0x59b46641e0c0] Opening '/config/cache/transcodes/9d3dd8baddbc010cb4ae3fe44f482d9b1058.ts' for writing
[hls @ 0x59b46641e0c0] Opening '/config/cache/transcodes/9d3dd8baddbc010cb4ae3fe44f482d9b1059.ts' for writing
frame=76276 fps=231 q=28.0 size=N/A time=00:52:57.21 bitrate=N/A dup=5 drop=0 speed=9.62x    
[hls @ 0x59b46641e0c0] Opening '/config/cache/transcodes/9d3dd8baddbc010cb4ae3fe44f482d9b1060.ts' for writing
[hls @ 0x59b46641e0c0] Opening '/config/cache/transcodes/9d3dd8baddbc010cb4ae3fe44f482d9b1061.ts' for writing
frame=76405 fps=231 q=28.0 size=N/A time=00:53:02.63 bitrate=N/A dup=6 drop=0 speed=9.62x    
[hls @ 0x59b46641e0c0] Opening '/config/cache/transcodes/9d3dd8baddbc010cb4ae3fe44f482d9b1062.ts' for writing
frame=76524 fps=231 q=28.0 size=N/A time=00:53:07.55 bitrate=N/A dup=6 drop=0 speed=9.62x    
[hls @ 0x59b46641e0c0] Opening '/config/cache/transcodes/9d3dd8baddbc010cb4ae3fe44f482d9b1063.ts' for writing
[hls @ 0x59b46641e0c0] Opening '/config/cache/transcodes/9d3dd8baddbc010cb4ae3fe44f482d9b1064.ts' for writing
frame=76638 fps=231 q=28.0 size=N/A time=00:53:12.31 bitrate=N/A dup=6 drop=0 speed=9.62x    
[hls @ 0x59b46641e0c0] Opening '/config/cache/transcodes/9d3dd8baddbc010cb4ae3fe44f482d9b1065.ts' for writing
[hls @ 0x59b46641e0c0] Opening '/config/cache/transcodes/9d3dd8baddbc010cb4ae3fe44f482d9b1066.ts' for writing
frame=76750 fps=231 q=28.0 size=N/A time=00:53:16.98 bitrate=N/A dup=6 drop=0 speed=9.62x    
[hls @ 0x59b46641e0c0] Opening '/config/cache/transcodes/9d3dd8baddbc010cb4ae3fe44f482d9b1067.ts' for writing
frame=76874 fps=231 q=28.0 size=N/A time=00:53:22.19 bitrate=N/A dup=6 drop=0 speed=9.62x    
[hls @ 0x59b46641e0c0] Opening '/config/cache/transcodes/9d3dd8baddbc010cb4ae3fe44f482d9b1068.ts' for writing
[hls @ 0x59b46641e0c0] Opening '/config/cache/transcodes/9d3dd8baddbc010cb4ae3fe44f482d9b1069.ts' for writing
frame=77017 fps=231 q=28.0 size=N/A time=00:53:28.12 bitrate=N/A dup=6 drop=0 speed=9.63x    
[hls @ 0x59b46641e0c0] Opening '/config/cache/transcodes/9d3dd8baddbc010cb4ae3fe44f482d9b1070.ts' for writing
[hls @ 0x59b46641e0c0] Opening '/config/cache/transcodes/9d3dd8baddbc010cb4ae3fe44f482d9b1071.ts' for writing
frame=77133 fps=231 q=28.0 size=N/A time=00:53:32.95 bitrate=N/A dup=6 drop=0 speed=9.63x    
[hls @ 0x59b46641e0c0] Opening '/config/cache/transcodes/9d3dd8baddbc010cb4ae3fe44f482d9b1072.ts' for writing
[hls @ 0x59b46641e0c0] Opening '/config/cache/transcodes/9d3dd8baddbc010cb4ae3fe44f482d9b1073.ts' for writing
frame=77255 fps=231 q=28.0 size=N/A time=00:53:38.04 bitrate=N/A dup=6 drop=0 speed=9.63x    
[hls @ 0x59b46641e0c0] Opening '/config/cache/transcodes/9d3dd8baddbc010cb4ae3fe44f482d9b1074.ts' for writing
frame=77369 fps=231 q=28.0 size=N/A time=00:53:42.80 bitrate=N/A dup=6 drop=0 speed=9.63x    
[hls @ 0x59b46641e0c0] Opening '/config/cache/transcodes/9d3dd8baddbc010cb4ae3fe44f482d9b1075.ts' for writing
[hls @ 0x59b46641e0c0] Opening '/config/cache/transcodes/9d3dd8baddbc010cb4ae3fe44f482d9b1076.ts' for writing
frame=77512 fps=231 q=28.0 size=N/A time=00:53:48.76 bitrate=N/A dup=6 drop=0 speed=9.63x    
[hls @ 0x59b46641e0c0] Opening '/config/cache/transcodes/9d3dd8baddbc010cb4ae3fe44f482d9b1077.ts' for writing
[hls @ 0x59b46641e0c0] Opening '/config/cache/transcodes/9d3dd8baddbc010cb4ae3fe44f482d9b1078.ts' for writing
frame=77643 fps=231 q=28.0 size=N/A time=00:53:54.23 bitrate=N/A dup=6 drop=0 speed=9.63x    
[hls @ 0x59b46641e0c0] Opening '/config/cache/transcodes/9d3dd8baddbc010cb4ae3fe44f482d9b1079.ts' for writing
[hls @ 0x59b46641e0c0] Opening '/config/cache/transcodes/9d3dd8baddbc010cb4ae3fe44f482d9b1080.ts' for writing
frame=77765 fps=231 q=28.0 size=N/A time=00:53:59.31 bitrate=N/A dup=6 drop=0 speed=9.63x    
[hls @ 0x59b46641e0c0] Opening '/config/cache/transcodes/9d3dd8baddbc010cb4ae3fe44f482d9b1081.ts' for writing
frame=77863 fps=231 q=28.0 size=N/A time=00:54:03.40 bitrate=N/A dup=6 drop=0 speed=9.63x    
[hls @ 0x59b46641e0c0] Opening '/config/cache/transcodes/9d3dd8baddbc010cb4ae3fe44f482d9b1082.ts' for writing
frame=77952 fps=231 q=28.0 size=N/A time=00:54:07.11 bitrate=N/A dup=6 drop=0 speed=9.63x    
[hls @ 0x59b46641e0c0] Opening '/config/cache/transcodes/9d3dd8baddbc010cb4ae3fe44f482d9b1083.ts' for writing
frame=78039 fps=231 q=28.0 size=N/A time=00:54:10.74 bitrate=N/A dup=6 drop=0 speed=9.62x    
[hls @ 0x59b46641e0c0] Opening '/config/cache/transcodes/9d3dd8baddbc010cb4ae3fe44f482d9b1084.ts' for writing
[hls @ 0x59b46641e0c0] Opening '/config/cache/transcodes/9d3dd8baddbc010cb4ae3fe44f482d9b1085.ts' for writing
frame=78132 fps=231 q=28.0 size=N/A time=00:54:14.62 bitrate=N/A dup=6 drop=0 speed=9.62x    
[hls @ 0x59b46641e0c0] Opening '/config/cache/transcodes/9d3dd8baddbc010cb4ae3fe44f482d9b1086.ts' for writing
frame=78219 fps=231 q=28.0 size=N/A time=00:54:18.25 bitrate=N/A dup=6 drop=0 speed=9.62x    
[hls @ 0x59b46641e0c0] Opening '/config/cache/transcodes/9d3dd8baddbc010cb4ae3fe44f482d9b1087.ts' for writing
frame=78309 fps=231 q=28.0 size=N/A time=00:54:22.00 bitrate=N/A dup=6 drop=0 speed=9.61x    
[hls @ 0x59b46641e0c0] Opening '/config/cache/transcodes/9d3dd8baddbc010cb4ae3fe44f482d9b1088.ts' for writing
[hls @ 0x59b46641e0c0] Opening '/config/cache/transcodes/9d3dd8baddbc010cb4ae3fe44f482d9b1089.ts' for writing
frame=78407 fps=231 q=28.0 size=N/A time=00:54:26.13 bitrate=N/A dup=6 drop=0 speed=9.61x    
[hls @ 0x59b46641e0c0] Opening '/config/cache/transcodes/9d3dd8baddbc010cb4ae3fe44f482d9b1090.ts' for writing
[hls @ 0x59b46641e0c0] Opening '/config/cache/transcodes/9d3dd8baddbc010cb4ae3fe44f482d9b1091.ts' for writing
frame=78560 fps=231 q=28.0 size=N/A time=00:54:32.47 bitrate=N/A dup=6 drop=0 speed=9.62x    
[hls @ 0x59b46641e0c0] Opening '/config/cache/transcodes/9d3dd8baddbc010cb4ae3fe44f482d9b1092.ts' for writing
[hls @ 0x59b46641e0c0] Opening '/config/cache/transcodes/9d3dd8baddbc010cb4ae3fe44f482d9b1093.ts' for writing
frame=78703 fps=231 q=28.0 size=N/A time=00:54:38.48 bitrate=N/A dup=6 drop=0 speed=9.62x    
[hls @ 0x59b46641e0c0] Opening '/config/cache/transcodes/9d3dd8baddbc010cb4ae3fe44f482d9b1094.ts' for writing
frame=78808 fps=231 q=28.0 size=N/A time=00:54:42.82 bitrate=N/A dup=6 drop=0 speed=9.62x    
[hls @ 0x59b46641e0c0] Opening '/config/cache/transcodes/9d3dd8baddbc010cb4ae3fe44f482d9b1095.ts' for writing
[hls @ 0x59b46641e0c0] Opening '/config/cache/transcodes/9d3dd8baddbc010cb4ae3fe44f482d9b1096.ts' for writing
frame=78932 fps=231 q=28.0 size=N/A time=00:54:48.03 bitrate=N/A dup=6 drop=0 speed=9.62x    
[hls @ 0x59b46641e0c0] Opening '/config/cache/transcodes/9d3dd8baddbc010cb4ae3fe44f482d9b1097.ts' for writing
[hls @ 0x59b46641e0c0] Opening '/config/cache/transcodes/9d3dd8baddbc010cb4ae3fe44f482d9b1098.ts' for writing
frame=79076 fps=231 q=28.0 size=N/A time=00:54:53.99 bitrate=N/A dup=6 drop=0 speed=9.62x    
[hls @ 0x59b46641e0c0] Opening '/config/cache/transcodes/9d3dd8baddbc010cb4ae3fe44f482d9b1099.ts' for writing
[hls @ 0x59b46641e0c0] Opening '/config/cache/transcodes/9d3dd8baddbc010cb4ae3fe44f482d9b1100.ts' for writing
frame=79207 fps=231 q=28.0 size=N/A time=00:54:59.46 bitrate=N/A dup=6 drop=0 speed=9.63x    
[hls @ 0x59b46641e0c0] Opening '/config/cache/transcodes/9d3dd8baddbc010cb4ae3fe44f482d9b1101.ts' for writing
frame=79326 fps=231 q=28.0 size=N/A time=00:55:04.42 bitrate=N/A dup=6 drop=0 speed=9.63x    
[hls @ 0x59b46641e0c0] Opening '/config/cache/transcodes/9d3dd8baddbc010cb4ae3fe44f482d9b1102.ts' for writing
[hls @ 0x59b46641e0c0] Opening '/config/cache/transcodes/9d3dd8baddbc010cb4ae3fe44f482d9b1103.ts' for writing
frame=79455 fps=231 q=28.0 size=N/A time=00:55:09.80 bitrate=N/A dup=6 drop=0 speed=9.63x    
[hls @ 0x59b46641e0c0] Opening '/config/cache/transcodes/9d3dd8baddbc010cb4ae3fe44f482d9b1104.ts' for writing
[hls @ 0x59b46641e0c0] Opening '/config/cache/transcodes/9d3dd8baddbc010cb4ae3fe44f482d9b1105.ts' for writing
frame=79569 fps=231 q=28.0 size=N/A time=00:55:14.56 bitrate=N/A dup=6 drop=0 speed=9.63x    
[hls @ 0x59b46641e0c0] Opening '/config/cache/transcodes/9d3dd8baddbc010cb4ae3fe44f482d9b1106.ts' for writing
frame=79676 fps=231 q=28.0 size=N/A time=00:55:19.02 bitrate=N/A dup=6 drop=0 speed=9.63x    
[hls @ 0x59b46641e0c0] Opening '/config/cache/transcodes/9d3dd8baddbc010cb4ae3fe44f482d9b1107.ts' for writing
[hls @ 0x59b46641e0c0] Opening '/config/cache/transcodes/9d3dd8baddbc010cb4ae3fe44f482d9b1108.ts' for writing
frame=79787 fps=231 q=28.0 size=N/A time=00:55:23.65 bitrate=N/A dup=6 drop=0 speed=9.63x    
[hls @ 0x59b46641e0c0] Opening '/config/cache/transcodes/9d3dd8baddbc010cb4ae3fe44f482d9b1109.ts' for writing
frame=79884 fps=231 q=28.0 size=N/A time=00:55:27.69 bitrate=N/A dup=6 drop=0 speed=9.62x    
[hls @ 0x59b46641e0c0] Opening '/config/cache/transcodes/9d3dd8baddbc010cb4ae3fe44f482d9b1110.ts' for writing
frame=79984 fps=231 q=28.0 size=N/A time=00:55:31.87 bitrate=N/A dup=6 drop=0 speed=9.62x    
[hls @ 0x59b46641e0c0] Opening '/config/cache/transcodes/9d3dd8baddbc010cb4ae3fe44f482d9b1111.ts' for writing
[hls @ 0x59b46641e0c0] Opening '/config/cache/transcodes/9d3dd8baddbc010cb4ae3fe44f482d9b1112.ts' for writing
frame=80091 fps=231 q=28.0 size=N/A time=00:55:36.37 bitrate=N/A dup=6 drop=0 speed=9.62x    
[hls @ 0x59b46641e0c0] Opening '/config/cache/transcodes/9d3dd8baddbc010cb4ae3fe44f482d9b1113.ts' for writing
[hls @ 0x59b46641e0c0] Opening '/config/cache/transcodes/9d3dd8baddbc010cb4ae3fe44f482d9b1114.ts' for writing
frame=80202 fps=231 q=28.0 size=N/A time=00:55:40.96 bitrate=N/A dup=6 drop=0 speed=9.62x    
[hls @ 0x59b46641e0c0] Opening '/config/cache/transcodes/9d3dd8baddbc010cb4ae3fe44f482d9b1115.ts' for writing
frame=80303 fps=231 q=28.0 size=N/A time=00:55:45.25 bitrate=N/A dup=6 drop=0 speed=9.62x    
[hls @ 0x59b46641e0c0] Opening '/config/cache/transcodes/9d3dd8baddbc010cb4ae3fe44f482d9b1116.ts' for writing
frame=80413 fps=231 q=28.0 size=N/A time=00:55:49.76 bitrate=N/A dup=6 drop=0 speed=9.62x    
[hls @ 0x59b46641e0c0] Opening '/config/cache/transcodes/9d3dd8baddbc010cb4ae3fe44f482d9b1117.ts' for writing
[hls @ 0x59b46641e0c0] Opening '/config/cache/transcodes/9d3dd8baddbc010cb4ae3fe44f482d9b1118.ts' for writing
frame=80542 fps=231 q=28.0 size=N/A time=00:55:55.14 bitrate=N/A dup=6 drop=0 speed=9.62x    
[hls @ 0x59b46641e0c0] Opening '/config/cache/transcodes/9d3dd8baddbc010cb4ae3fe44f482d9b1119.ts' for writing
[hls @ 0x59b46641e0c0] Opening '/config/cache/transcodes/9d3dd8baddbc010cb4ae3fe44f482d9b1120.ts' for writing
frame=80672 fps=231 q=28.0 size=N/A time=00:56:00.56 bitrate=N/A dup=6 drop=0 speed=9.62x    
[hls @ 0x59b46641e0c0] Opening '/config/cache/transcodes/9d3dd8baddbc010cb4ae3fe44f482d9b1121.ts' for writing
[hls @ 0x59b46641e0c0] Opening '/config/cache/transcodes/9d3dd8baddbc010cb4ae3fe44f482d9b1122.ts' for writing
frame=80806 fps=231 q=28.0 size=N/A time=00:56:06.19 bitrate=N/A dup=6 drop=0 speed=9.62x    
[hls @ 0x59b46641e0c0] Opening '/config/cache/transcodes/9d3dd8baddbc010cb4ae3fe44f482d9b1123.ts' for writing
[hls @ 0x59b46641e0c0] Opening '/config/cache/transcodes/9d3dd8baddbc010cb4ae3fe44f482d9b1124.ts' for writing
frame=80942 fps=231 q=28.0 size=N/A time=00:56:11.82 bitrate=N/A dup=6 drop=0 speed=9.63x    
[hls @ 0x59b46641e0c0] Opening '/config/cache/transcodes/9d3dd8baddbc010cb4ae3fe44f482d9b1125.ts' for writing
[hls @ 0x59b46641e0c0] Opening '/config/cache/transcodes/9d3dd8baddbc010cb4ae3fe44f482d9b1126.ts' for writing
frame=81097 fps=231 q=28.0 size=N/A time=00:56:18.29 bitrate=N/A dup=6 drop=0 speed=9.63x    
[hls @ 0x59b46641e0c0] Opening '/config/cache/transcodes/9d3dd8baddbc010cb4ae3fe44f482d9b1127.ts' for writing
[hls @ 0x59b46641e0c0] Opening '/config/cache/transcodes/9d3dd8baddbc010cb4ae3fe44f482d9b1128.ts' for writing
frame=81257 fps=231 q=28.0 size=N/A time=00:56:24.96 bitrate=N/A dup=6 drop=0 speed=9.64x    
[hls @ 0x59b46641e0c0] Opening '/config/cache/transcodes/9d3dd8baddbc010cb4ae3fe44f482d9b1129.ts' for writing
[hls @ 0x59b46641e0c0] Opening '/config/cache/transcodes/9d3dd8baddbc010cb4ae3fe44f482d9b1130.ts' for writing
frame=81419 fps=231 q=28.0 size=N/A time=00:56:31.72 bitrate=N/A dup=6 drop=0 speed=9.64x    
[hls @ 0x59b46641e0c0] Opening '/config/cache/transcodes/9d3dd8baddbc010cb4ae3fe44f482d9b1131.ts' for writing
[hls @ 0x59b46641e0c0] Opening '/config/cache/transcodes/9d3dd8baddbc010cb4ae3fe44f482d9b1132.ts' for writing
[hls @ 0x59b46641e0c0] Opening '/config/cache/transcodes/9d3dd8baddbc010cb4ae3fe44f482d9b1133.ts' for writing
frame=81580 fps=232 q=28.0 size=N/A time=00:56:38.43 bitrate=N/A dup=6 drop=0 speed=9.65x    
[hls @ 0x59b46641e0c0] Opening '/config/cache/transcodes/9d3dd8baddbc010cb4ae3fe44f482d9b1134.ts' for writing
[hls @ 0x59b46641e0c0] Opening '/config/cache/transcodes/9d3dd8baddbc010cb4ae3fe44f482d9b1135.ts' for writing
frame=81742 fps=232 q=28.0 size=N/A time=00:56:45.23 bitrate=N/A dup=6 drop=0 speed=9.65x    
[hls @ 0x59b46641e0c0] Opening '/config/cache/transcodes/9d3dd8baddbc010cb4ae3fe44f482d9b1136.ts' for writing
[hls @ 0x59b46641e0c0] Opening '/config/cache/transcodes/9d3dd8baddbc010cb4ae3fe44f482d9b1137.ts' for writing
frame=81908 fps=232 q=28.0 size=N/A time=00:56:52.11 bitrate=N/A dup=6 drop=0 speed=9.66x    
[hls @ 0x59b46641e0c0] Opening '/config/cache/transcodes/9d3dd8baddbc010cb4ae3fe44f482d9b1138.ts' for writing
[hls @ 0x59b46641e0c0] Opening '/config/cache/transcodes/9d3dd8baddbc010cb4ae3fe44f482d9b1139.ts' for writing
frame=82070 fps=232 q=28.0 size=N/A time=00:56:58.95 bitrate=N/A dup=6 drop=0 speed=9.66x    
[hls @ 0x59b46641e0c0] Opening '/config/cache/transcodes/9d3dd8baddbc010cb4ae3fe44f482d9b1140.ts' for writing
[hls @ 0x59b46641e0c0] Opening '/config/cache/transcodes/9d3dd8baddbc010cb4ae3fe44f482d9b1141.ts' for writing
[hls @ 0x59b46641e0c0] Opening '/config/cache/transcodes/9d3dd8baddbc010cb4ae3fe44f482d9b1142.ts' for writing
frame=82231 fps=232 q=28.0 size=N/A time=00:57:05.63 bitrate=N/A dup=6 drop=0 speed=9.67x    
[hls @ 0x59b46641e0c0] Opening '/config/cache/transcodes/9d3dd8baddbc010cb4ae3fe44f482d9b1143.ts' for writing
[hls @ 0x59b46641e0c0] Opening '/config/cache/transcodes/9d3dd8baddbc010cb4ae3fe44f482d9b1144.ts' for writing
frame=82388 fps=232 q=28.0 size=N/A time=00:57:12.13 bitrate=N/A dup=6 drop=0 speed=9.67x    
[hls @ 0x59b46641e0c0] Opening '/config/cache/transcodes/9d3dd8baddbc010cb4ae3fe44f482d9b1145.ts' for writing
[hls @ 0x59b46641e0c0] Opening '/config/cache/transcodes/9d3dd8baddbc010cb4ae3fe44f482d9b1146.ts' for writing
frame=82544 fps=232 q=28.0 size=N/A time=00:57:18.64 bitrate=N/A dup=6 drop=0 speed=9.68x    
[hls @ 0x59b46641e0c0] Opening '/config/cache/transcodes/9d3dd8baddbc010cb4ae3fe44f482d9b1147.ts' for writing
[hls @ 0x59b46641e0c0] Opening '/config/cache/transcodes/9d3dd8baddbc010cb4ae3fe44f482d9b1148.ts' for writing
frame=82704 fps=232 q=28.0 size=N/A time=00:57:25.31 bitrate=N/A dup=6 drop=0 speed=9.68x    
[hls @ 0x59b46641e0c0] Opening '/config/cache/transcodes/9d3dd8baddbc010cb4ae3fe44f482d9b1149.ts' for writing
[hls @ 0x59b46641e0c0] Opening '/config/cache/transcodes/9d3dd8baddbc010cb4ae3fe44f482d9b1150.ts' for writing
[hls @ 0x59b46641e0c0] Opening '/config/cache/transcodes/9d3dd8baddbc010cb4ae3fe44f482d9b1151.ts' for writing
frame=82863 fps=233 q=28.0 size=N/A time=00:57:31.99 bitrate=N/A dup=6 drop=0 speed=9.69x    
[hls @ 0x59b46641e0c0] Opening '/config/cache/transcodes/9d3dd8baddbc010cb4ae3fe44f482d9b1152.ts' for writing
[hls @ 0x59b46641e0c0] Opening '/config/cache/transcodes/9d3dd8baddbc010cb4ae3fe44f482d9b1153.ts' for writing
frame=83026 fps=233 q=28.0 size=N/A time=00:57:38.74 bitrate=N/A dup=6 drop=0 speed=9.69x    
[hls @ 0x59b46641e0c0] Opening '/config/cache/transcodes/9d3dd8baddbc010cb4ae3fe44f482d9b1154.ts' for writing
[hls @ 0x59b46641e0c0] Opening '/config/cache/transcodes/9d3dd8baddbc010cb4ae3fe44f482d9b1155.ts' for writing
frame=83187 fps=233 q=28.0 size=N/A time=00:57:45.46 bitrate=N/A dup=6 drop=0 speed= 9.7x    
[hls @ 0x59b46641e0c0] Opening '/config/cache/transcodes/9d3dd8baddbc010cb4ae3fe44f482d9b1156.ts' for writing
[hls @ 0x59b46641e0c0] Opening '/config/cache/transcodes/9d3dd8baddbc010cb4ae3fe44f482d9b1157.ts' for writing
[hls @ 0x59b46641e0c0] Opening '/config/cache/transcodes/9d3dd8baddbc010cb4ae3fe44f482d9b1158.ts' for writing
[out#0/hls @ 0x59b4663fd840] video:673174KiB audio:271585KiB subtitle:0KiB other streams:0KiB global headers:0KiB muxing overhead: unknown
frame=83347 fps=233 q=-1.0 Lsize=N/A time=00:57:52.13 bitrate=N/A dup=6 drop=0 speed=9.71x    
[libx264 @ 0x59b4663fbec0] frame I:1159  Avg QP:14.77  size: 53874
[libx264 @ 0x59b4663fbec0] frame P:24081 Avg QP:17.91  size: 15505
[libx264 @ 0x59b4663fbec0] frame B:58107 Avg QP:19.58  size:  4363
[libx264 @ 0x59b4663fbec0] consecutive B-frames:  2.8% 11.3%  4.6% 81.4%
[libx264 @ 0x59b4663fbec0] mb I  I16..4: 34.9% 48.3% 16.7%
[libx264 @ 0x59b4663fbec0] mb P  I16..4: 14.8% 16.9%  0.7%  P16..4: 19.2%  5.6%  1.8%  0.0%  0.0%    skip:41.0%
[libx264 @ 0x59b4663fbec0] mb B  I16..4:  2.3%  1.8%  0.0%  B16..8: 10.7%  2.1%  0.1%  direct: 8.7%  skip:74.3%  L0:45.0% L1:50.5% BI: 4.5%
[libx264 @ 0x59b4663fbec0] 8x8 transform intra:49.9% inter:40.2%
[libx264 @ 0x59b4663fbec0] coded y,uvDC,uvAC intra: 22.7% 36.9% 3.1% inter: 1.6% 13.3% 0.0%
[libx264 @ 0x59b4663fbec0] i16 v,h,dc,p: 56% 21% 12% 10%
[libx264 @ 0x59b4663fbec0] i8 v,h,dc,ddl,ddr,vr,hd,vl,hu: 20% 17% 25%  7%  6%  6%  6%  6%  6%
[libx264 @ 0x59b4663fbec0] i4 v,h,dc,ddl,ddr,vr,hd,vl,hu: 28% 21% 16%  7%  6%  5%  5%  5%  6%
[libx264 @ 0x59b4663fbec0] i8c dc,h,v,p: 51% 21% 22%  5%
[libx264 @ 0x59b4663fbec0] Weighted P-Frames: Y:4.3% UV:2.3%
[libx264 @ 0x59b4663fbec0] kb/s:1586.37