[2025-08-31 00:00:00.020 -03:00] [INF] [97] Jellyfin.Plugin.PlaybackReporting.TaskCleanDb: Playback Reporting Data Trim
[2025-08-31 00:00:00.020 -03:00] [INF] [165] IntroSkipper.ScheduledTasks.DetectSegmentsTask: Scheduled Task is starting
[2025-08-31 00:00:00.029 -03:00] [INF] [97] Jellyfin.Plugin.PlaybackReporting.TaskCleanDb: MaxDataAge : 3
[2025-08-31 00:00:00.033 -03:00] [INF] [97] Jellyfin.Plugin.PlaybackReporting.Data.ActivityRepository: DeleteOldData : "delete from PlaybackActivity where DateCreated < '2025-05-31 00:00:00.0298962'"
[2025-08-31 00:00:00.044 -03:00] [INF] [97] Emby.Server.Implementations.ScheduledTasks.TaskManager: "Playback Reporting Trim Db" Completed after 0 minute(s) and 0 seconds
[2025-08-31 00:00:03.629 -03:00] [INF] [97] Emby.Server.Implementations.ScheduledTasks.TaskManager: Daily trigger for "Detect and Analyze Media Segments" set to fire at 2025-09-01 00:00:00.000 -03:00, which is 23:59:56.3715299 from now.
[2025-08-31 00:00:03.629 -03:00] [INF] [102] Emby.Server.Implementations.ScheduledTasks.TaskManager: Daily trigger for "Playback Reporting Trim Db" set to fire at 2025-09-01 00:00:00.000 -03:00, which is 23:59:56.3715009 from now.
[2025-08-31 00:00:03.669 -03:00] [INF] [165] IntroSkipper.Manager.QueueManager: Running enqueue of items in library "Séries"
[2025-08-31 00:00:03.683 -03:00] [INF] [165] IntroSkipper.Manager.QueueManager: Running enqueue of items in library "Filmes"
[2025-08-31 00:00:03.732 -03:00] [INF] [102] Emby.Server.Implementations.ScheduledTasks.TaskManager: "Detect and Analyze Media Segments" Completed after 0 minute(s) and 3 seconds
[2025-08-31 02:00:00.205 -03:00] [INF] [91] Emby.Server.Implementations.ScheduledTasks.TaskManager: "Extrair imagens dos capítulos" Completed after 0 minute(s) and 0 seconds
[2025-08-31 02:00:03.239 -03:00] [INF] [91] Emby.Server.Implementations.ScheduledTasks.TaskManager: Daily trigger for "Extrair imagens dos capítulos" set to fire at 2025-09-01 02:00:00.000 -03:00, which is 23:59:56.7616132 from now.
[2025-08-31 03:00:00.212 -03:00] [INF] [116] Emby.Server.Implementations.ScheduledTasks.TaskManager: "Playback Reporting Run Backup" Completed after 0 minute(s) and 0 seconds
[2025-08-31 03:00:00.893 -03:00] [INF] [170] Emby.Server.Implementations.ScheduledTasks.TaskManager: "Gerar imagens Trickplay" Completed after 0 minute(s) and 0 seconds
[2025-08-31 03:00:01.010 -03:00] [INF] [170] Emby.Server.Implementations.ScheduledTasks.TaskManager: Daily trigger for "Gerar imagens Trickplay" set to fire at 2025-09-01 03:00:00.000 -03:00, which is 23:59:58.9914999 from now.
[2025-08-31 10:50:59.637 -03:00] [INF] [129] Emby.Server.Implementations.IO.LibraryMonitor: Stopping directory watching for path "/data/filme"
[2025-08-31 10:50:59.650 -03:00] [INF] [129] Emby.Server.Implementations.IO.LibraryMonitor: Stopping directory watching for path "/data/serie"
[2025-08-31 10:50:59.657 -03:00] [INF] [129] Emby.Server.Implementations.Library.LibraryManager: Validating media library
[2025-08-31 10:50:59.826 -03:00] [WRN] [129] MediaBrowser.Controller.Entities.BaseItem: Library folder "/config/data/data/playlists" is inaccessible or empty, skipping
[2025-08-31 10:50:59.910 -03:00] [INF] [129] Jellyfin.Drawing.ImageProcessor: Creating image collage and saving to "/tmp/jellyfin/1ba20691fcb64447bc0b2175907d52e2.png"
[2025-08-31 10:50:59.996 -03:00] [INF] [167] Emby.Server.Implementations.ScheduledTasks.TaskManager: "Varredura do segmento de mídia" Completed after 0 minute(s) and 0 seconds
[2025-08-31 10:51:03.079 -03:00] [INF] [129] Jellyfin.Drawing.ImageProcessor: Completed creation of image collage and saved to "/tmp/jellyfin/1ba20691fcb64447bc0b2175907d52e2.png"
[2025-08-31 10:51:03.144 -03:00] [WRN] [85] MediaBrowser.Controller.Entities.BaseItem: Library folder "/config/data/data/playlists" is inaccessible or empty, skipping
[2025-08-31 10:51:05.983 -03:00] [INF] [129] Emby.Server.Implementations.ScheduledTasks.TaskManager: "Escanear a Biblioteca de Mídia" Completed after 0 minute(s) and 6 seconds
[2025-08-31 10:51:06.283 -03:00] [INF] [18] Emby.Server.Implementations.IO.LibraryMonitor: Watching directory "/data/filme"
[2025-08-31 10:51:06.984 -03:00] [INF] [118] Emby.Server.Implementations.IO.LibraryMonitor: Watching directory "/data/serie"
[2025-08-31 10:52:05.987 -03:00] [INF] [43] IntroSkipper.Services.Entrypoint: Initiating automatic analysis task
[2025-08-31 10:52:06.133 -03:00] [INF] [43] IntroSkipper.Manager.QueueManager: Running enqueue of items in library "Séries"
[2025-08-31 10:52:06.137 -03:00] [INF] [43] IntroSkipper.Manager.QueueManager: Running enqueue of items in library "Filmes"
[2025-08-31 11:29:51.155 -03:00] [INF] [114] Emby.Server.Implementations.HttpServer.WebSocketManager: WS "192.168.1.2" request
[2025-08-31 11:29:56.939 -03:00] [INF] [21] Jellyfin.Api.Helpers.MediaInfoHelper: User policy for "luiz". EnablePlaybackRemuxing: True EnableVideoPlaybackTranscoding: True EnableAudioPlaybackTranscoding: True
[2025-08-31 11:29:57.080 -03:00] [INF] [44] Jellyfin.Plugin.PlaybackReporting.EventMonitorEntryPoint: Adding playback tracker : e28afc93d871e52abe50cba6ea9c415a191ec208-66ef7bd1c406421895b8c43a8ff9f32c-c5b05048fd6b0ea99b7f6ed979ea40e4
[2025-08-31 11:29:57.081 -03:00] [INF] [44] Jellyfin.Plugin.PlaybackReporting.Data.PlaybackTracker: PlaybackTracker : Adding Start Event : 08/31/2025 11:29:57
[2025-08-31 11:29:57.081 -03:00] [INF] [44] Jellyfin.Plugin.PlaybackReporting.EventMonitorEntryPoint: Creating StartPlaybackTimer Task
[2025-08-31 11:29:57.082 -03:00] [INF] [122] Jellyfin.Plugin.PlaybackReporting.EventMonitorEntryPoint: StartPlaybackTimer : Entered
[2025-08-31 11:29:57.539 -03:00] [INF] [51] MediaBrowser.MediaEncoding.Attachments.AttachmentExtractor: "/usr/lib/jellyfin-ffmpeg/ffmpeg" "-dump_attachment:t \"\" -y  -i file:\"/data/serie/Invasion.S01e09.720p.WEB-DL. DUAL/Invasion.S01e09.720p.WEB-DL. DUAL.mkv\" -t 0 -f null null"
[2025-08-31 11:29:57.691 -03:00] [INF] [44] MediaBrowser.MediaEncoding.Attachments.AttachmentExtractor: ffmpeg attachment extraction completed for "file:\"/data/serie/Invasion.S01e09.720p.WEB-DL. DUAL/Invasion.S01e09.720p.WEB-DL. DUAL.mkv\"" to "/config/cache/attachments/c5b05048fd6b0ea99b7f6ed979ea40e4"
[2025-08-31 11:29:57.691 -03:00] [INF] [44] MediaBrowser.MediaEncoding.Transcoding.TranscodeManager: "/usr/lib/jellyfin-ffmpeg/ffmpeg" "-analyzeduration 200M -probesize 1G  -i file:\"/data/serie/Invasion.S01e09.720p.WEB-DL. DUAL/Invasion.S01e09.720p.WEB-DL. DUAL.mkv\" -map_metadata -1 -map_chapters -1 -threads 0 -map 0:0 -map 0:1 -codec:v:0 libx264 -preset veryfast -crf 23 -maxrate 5341032 -bufsize 10682064 -profile:v:0 high -level 41 -x264opts:0 subme=0:me_range=16:rc_lookahead=10:me=hex:open_gop=0 -force_key_frames:0 \"expr:gte(t,n_forced*3)\" -sc_threshold:v:0 0 -vf \"setparams=color_primaries=bt709:color_trc=bt709:colorspace=bt709,scale=trunc(min(max(iw\,ih*a)\,min(3840\,2160*a))/2)*2:trunc(min(max(iw/a\,ih)\,min(3840/a\,2160))/2)*2,format=yuv420p,subtitles=f='/config/data/data/subtitles/4/47266a87-3ee8-ba39-e41f-d3242fd279f3.ass':fontsdir='/config/cache/attachments/c5b05048fd6b0ea99b7f6ed979ea40e4'\" -start_at_zero -codec:a:0 copy -copyts -avoid_negative_ts disabled -max_muxing_queue_size 2048 -f hls -max_delay 5000000 -hls_time 3 -hls_segment_type mpegts -start_number 0 -hls_segment_filename \"/config/cache/transcodes/9f0401874ac55a4e52ee749f4934d5c2%d.ts\" -hls_playlist_type vod -hls_list_size 0 -y \"/config/cache/transcodes/9f0401874ac55a4e52ee749f4934d5c2.m3u8\""
[2025-08-31 11:29:58.067 -03:00] [INF] [44] Jellyfin.Plugin.PlaybackReporting.EventMonitorEntryPoint: Processing playback tracker : "e28afc93d871e52abe50cba6ea9c415a191ec208-66ef7bd1c406421895b8c43a8ff9f32c-c5b05048fd6b0ea99b7f6ed979ea40e4"
[2025-08-31 11:29:58.624 -03:00] [INF] [51] MediaBrowser.Controller.MediaEncoding.TranscodingJob: Stopping ffmpeg process with q command for "/config/cache/transcodes/9f0401874ac55a4e52ee749f4934d5c2.m3u8"
[2025-08-31 11:29:58.828 -03:00] [INF] [51] MediaBrowser.MediaEncoding.Transcoding.TranscodeManager: FFmpeg exited with code 0
[2025-08-31 11:29:58.830 -03:00] [INF] [51] MediaBrowser.MediaEncoding.Transcoding.TranscodeManager: "/usr/lib/jellyfin-ffmpeg/ffmpeg" "-analyzeduration 200M -probesize 1G -ss 00:05:06.000  -i file:\"/data/serie/Invasion.S01e09.720p.WEB-DL. DUAL/Invasion.S01e09.720p.WEB-DL. DUAL.mkv\" -map_metadata -1 -map_chapters -1 -threads 0 -map 0:0 -map 0:1 -codec:v:0 libx264 -preset veryfast -crf 23 -maxrate 5341032 -bufsize 10682064 -profile:v:0 high -level 41 -x264opts:0 subme=0:me_range=16:rc_lookahead=10:me=hex:open_gop=0 -force_key_frames:0 \"expr:gte(t,n_forced*3)\" -sc_threshold:v:0 0 -vf \"setparams=color_primaries=bt709:color_trc=bt709:colorspace=bt709,scale=trunc(min(max(iw\,ih*a)\,min(3840\,2160*a))/2)*2:trunc(min(max(iw/a\,ih)\,min(3840/a\,2160))/2)*2,format=yuv420p,subtitles=f='/config/data/data/subtitles/4/47266a87-3ee8-ba39-e41f-d3242fd279f3.ass':fontsdir='/config/cache/attachments/c5b05048fd6b0ea99b7f6ed979ea40e4'\" -start_at_zero -codec:a:0 copy -copyts -avoid_negative_ts disabled -max_muxing_queue_size 2048 -f hls -max_delay 5000000 -hls_time 3 -hls_segment_type mpegts -start_number 102 -hls_segment_filename \"/config/cache/transcodes/9f0401874ac55a4e52ee749f4934d5c2%d.ts\" -hls_playlist_type vod -hls_list_size 0 -y \"/config/cache/transcodes/9f0401874ac55a4e52ee749f4934d5c2.m3u8\""
[2025-08-31 11:30:17.085 -03:00] [INF] [21] Jellyfin.Plugin.PlaybackReporting.EventMonitorEntryPoint: session.RemoteEndPoint : "192.168.1.2"
[2025-08-31 11:30:17.085 -03:00] [INF] [21] Jellyfin.Plugin.PlaybackReporting.EventMonitorEntryPoint: StartPlaybackTimer : event_playing_id     = "c5b05048fd6b0ea99b7f6ed979ea40e4"
[2025-08-31 11:30:17.085 -03:00] [INF] [21] Jellyfin.Plugin.PlaybackReporting.EventMonitorEntryPoint: StartPlaybackTimer : event_user_id        = "66ef7bd1c406421895b8c43a8ff9f32c"
[2025-08-31 11:30:17.085 -03:00] [INF] [21] Jellyfin.Plugin.PlaybackReporting.EventMonitorEntryPoint: StartPlaybackTimer : event_user_id_int    = 1
[2025-08-31 11:30:17.086 -03:00] [INF] [21] Jellyfin.Plugin.PlaybackReporting.EventMonitorEntryPoint: StartPlaybackTimer : session_playing_id   = "c5b05048fd6b0ea99b7f6ed979ea40e4"
[2025-08-31 11:30:17.086 -03:00] [INF] [21] Jellyfin.Plugin.PlaybackReporting.EventMonitorEntryPoint: StartPlaybackTimer : session_user_id      = "66ef7bd1c406421895b8c43a8ff9f32c"
[2025-08-31 11:30:17.086 -03:00] [INF] [21] Jellyfin.Plugin.PlaybackReporting.EventMonitorEntryPoint: StartPlaybackTimer : play_method          = "Transcode (v:h264 a:direct)"
[2025-08-31 11:30:17.086 -03:00] [INF] [21] Jellyfin.Plugin.PlaybackReporting.EventMonitorEntryPoint: StartPlaybackTimer : e.ClientName         = "Android TV"
[2025-08-31 11:30:17.086 -03:00] [INF] [21] Jellyfin.Plugin.PlaybackReporting.EventMonitorEntryPoint: StartPlaybackTimer : e.DeviceName         = "Tv TCL"
[2025-08-31 11:30:17.086 -03:00] [INF] [21] Jellyfin.Plugin.PlaybackReporting.EventMonitorEntryPoint: StartPlaybackTimer : ItemName             = "Invasão - s01e09 - Cheio de estrelas"
[2025-08-31 11:30:17.086 -03:00] [INF] [21] Jellyfin.Plugin.PlaybackReporting.EventMonitorEntryPoint: StartPlaybackTimer : ItemId               = "c5b05048fd6b0ea99b7f6ed979ea40e4"
[2025-08-31 11:30:17.086 -03:00] [INF] [21] Jellyfin.Plugin.PlaybackReporting.EventMonitorEntryPoint: StartPlaybackTimer : ItemType             = "Episode"
[2025-08-31 11:30:17.086 -03:00] [INF] [21] Jellyfin.Plugin.PlaybackReporting.EventMonitorEntryPoint: StartPlaybackTimer : All matches, playback registered
[2025-08-31 11:30:17.086 -03:00] [INF] [21] Jellyfin.Plugin.PlaybackReporting.EventMonitorEntryPoint: Playback tracker found, adding playback info : "e28afc93d871e52abe50cba6ea9c415a191ec208-66ef7bd1c406421895b8c43a8ff9f32c-c5b05048fd6b0ea99b7f6ed979ea40e4"
[2025-08-31 11:30:17.086 -03:00] [INF] [21] Jellyfin.Plugin.PlaybackReporting.EventMonitorEntryPoint: Saving playback tracking activity in DB
[2025-08-31 11:30:17.095 -03:00] [INF] [21] Jellyfin.Plugin.PlaybackReporting.EventMonitorEntryPoint: StartPlaybackTimer : Exited
[2025-08-31 11:30:18.571 -03:00] [INF] [21] Jellyfin.Plugin.PlaybackReporting.EventMonitorEntryPoint: Processing playback tracker : "e28afc93d871e52abe50cba6ea9c415a191ec208-66ef7bd1c406421895b8c43a8ff9f32c-c5b05048fd6b0ea99b7f6ed979ea40e4"
[2025-08-31 11:30:38.596 -03:00] [INF] [51] Jellyfin.Plugin.PlaybackReporting.EventMonitorEntryPoint: Processing playback tracker : "e28afc93d871e52abe50cba6ea9c415a191ec208-66ef7bd1c406421895b8c43a8ff9f32c-c5b05048fd6b0ea99b7f6ed979ea40e4"
[2025-08-31 11:30:58.617 -03:00] [INF] [122] Jellyfin.Plugin.PlaybackReporting.EventMonitorEntryPoint: Processing playback tracker : "e28afc93d871e52abe50cba6ea9c415a191ec208-66ef7bd1c406421895b8c43a8ff9f32c-c5b05048fd6b0ea99b7f6ed979ea40e4"
[2025-08-31 11:31:18.651 -03:00] [INF] [44] Jellyfin.Plugin.PlaybackReporting.EventMonitorEntryPoint: Processing playback tracker : "e28afc93d871e52abe50cba6ea9c415a191ec208-66ef7bd1c406421895b8c43a8ff9f32c-c5b05048fd6b0ea99b7f6ed979ea40e4"
[2025-08-31 11:31:39.255 -03:00] [INF] [51] Jellyfin.Plugin.PlaybackReporting.EventMonitorEntryPoint: Processing playback tracker : "e28afc93d871e52abe50cba6ea9c415a191ec208-66ef7bd1c406421895b8c43a8ff9f32c-c5b05048fd6b0ea99b7f6ed979ea40e4"
[2025-08-31 11:31:59.322 -03:00] [INF] [170] Jellyfin.Plugin.PlaybackReporting.EventMonitorEntryPoint: Processing playback tracker : "e28afc93d871e52abe50cba6ea9c415a191ec208-66ef7bd1c406421895b8c43a8ff9f32c-c5b05048fd6b0ea99b7f6ed979ea40e4"
[2025-08-31 11:32:19.391 -03:00] [INF] [44] Jellyfin.Plugin.PlaybackReporting.EventMonitorEntryPoint: Processing playback tracker : "e28afc93d871e52abe50cba6ea9c415a191ec208-66ef7bd1c406421895b8c43a8ff9f32c-c5b05048fd6b0ea99b7f6ed979ea40e4"
[2025-08-31 11:32:35.512 -03:00] [INF] [21] MediaBrowser.MediaEncoding.Transcoding.TranscodeManager: FFmpeg exited with code 0
[2025-08-31 11:32:39.420 -03:00] [INF] [43] Jellyfin.Plugin.PlaybackReporting.EventMonitorEntryPoint: Processing playback tracker : "e28afc93d871e52abe50cba6ea9c415a191ec208-66ef7bd1c406421895b8c43a8ff9f32c-c5b05048fd6b0ea99b7f6ed979ea40e4"
[2025-08-31 11:32:59.450 -03:00] [INF] [21] Jellyfin.Plugin.PlaybackReporting.EventMonitorEntryPoint: Processing playback tracker : "e28afc93d871e52abe50cba6ea9c415a191ec208-66ef7bd1c406421895b8c43a8ff9f32c-c5b05048fd6b0ea99b7f6ed979ea40e4"
[2025-08-31 11:33:19.478 -03:00] [INF] [84] Jellyfin.Plugin.PlaybackReporting.EventMonitorEntryPoint: Processing playback tracker : "e28afc93d871e52abe50cba6ea9c415a191ec208-66ef7bd1c406421895b8c43a8ff9f32c-c5b05048fd6b0ea99b7f6ed979ea40e4"
[2025-08-31 11:33:39.503 -03:00] [INF] [170] Jellyfin.Plugin.PlaybackReporting.EventMonitorEntryPoint: Processing playback tracker : "e28afc93d871e52abe50cba6ea9c415a191ec208-66ef7bd1c406421895b8c43a8ff9f32c-c5b05048fd6b0ea99b7f6ed979ea40e4"
[2025-08-31 11:33:59.531 -03:00] [INF] [122] Jellyfin.Plugin.PlaybackReporting.EventMonitorEntryPoint: Processing playback tracker : "e28afc93d871e52abe50cba6ea9c415a191ec208-66ef7bd1c406421895b8c43a8ff9f32c-c5b05048fd6b0ea99b7f6ed979ea40e4"
[2025-08-31 11:34:19.556 -03:00] [INF] [84] Jellyfin.Plugin.PlaybackReporting.EventMonitorEntryPoint: Processing playback tracker : "e28afc93d871e52abe50cba6ea9c415a191ec208-66ef7bd1c406421895b8c43a8ff9f32c-c5b05048fd6b0ea99b7f6ed979ea40e4"
[2025-08-31 11:34:39.584 -03:00] [INF] [122] Jellyfin.Plugin.PlaybackReporting.EventMonitorEntryPoint: Processing playback tracker : "e28afc93d871e52abe50cba6ea9c415a191ec208-66ef7bd1c406421895b8c43a8ff9f32c-c5b05048fd6b0ea99b7f6ed979ea40e4"
[2025-08-31 11:34:59.617 -03:00] [INF] [10] Jellyfin.Plugin.PlaybackReporting.EventMonitorEntryPoint: Processing playback tracker : "e28afc93d871e52abe50cba6ea9c415a191ec208-66ef7bd1c406421895b8c43a8ff9f32c-c5b05048fd6b0ea99b7f6ed979ea40e4"
[2025-08-31 11:35:19.641 -03:00] [INF] [153] Jellyfin.Plugin.PlaybackReporting.EventMonitorEntryPoint: Processing playback tracker : "e28afc93d871e52abe50cba6ea9c415a191ec208-66ef7bd1c406421895b8c43a8ff9f32c-c5b05048fd6b0ea99b7f6ed979ea40e4"
[2025-08-31 11:35:39.668 -03:00] [INF] [142] Jellyfin.Plugin.PlaybackReporting.EventMonitorEntryPoint: Processing playback tracker : "e28afc93d871e52abe50cba6ea9c415a191ec208-66ef7bd1c406421895b8c43a8ff9f32c-c5b05048fd6b0ea99b7f6ed979ea40e4"
[2025-08-31 11:35:59.699 -03:00] [INF] [153] Jellyfin.Plugin.PlaybackReporting.EventMonitorEntryPoint: Processing playback tracker : "e28afc93d871e52abe50cba6ea9c415a191ec208-66ef7bd1c406421895b8c43a8ff9f32c-c5b05048fd6b0ea99b7f6ed979ea40e4"
[2025-08-31 11:36:19.720 -03:00] [INF] [142] Jellyfin.Plugin.PlaybackReporting.EventMonitorEntryPoint: Processing playback tracker : "e28afc93d871e52abe50cba6ea9c415a191ec208-66ef7bd1c406421895b8c43a8ff9f32c-c5b05048fd6b0ea99b7f6ed979ea40e4"
[2025-08-31 11:36:39.760 -03:00] [INF] [10] Jellyfin.Plugin.PlaybackReporting.EventMonitorEntryPoint: Processing playback tracker : "e28afc93d871e52abe50cba6ea9c415a191ec208-66ef7bd1c406421895b8c43a8ff9f32c-c5b05048fd6b0ea99b7f6ed979ea40e4"
[2025-08-31 11:36:59.790 -03:00] [INF] [122] Jellyfin.Plugin.PlaybackReporting.EventMonitorEntryPoint: Processing playback tracker : "e28afc93d871e52abe50cba6ea9c415a191ec208-66ef7bd1c406421895b8c43a8ff9f32c-c5b05048fd6b0ea99b7f6ed979ea40e4"
[2025-08-31 11:37:19.814 -03:00] [INF] [142] Jellyfin.Plugin.PlaybackReporting.EventMonitorEntryPoint: Processing playback tracker : "e28afc93d871e52abe50cba6ea9c415a191ec208-66ef7bd1c406421895b8c43a8ff9f32c-c5b05048fd6b0ea99b7f6ed979ea40e4"
[2025-08-31 11:37:39.837 -03:00] [INF] [122] Jellyfin.Plugin.PlaybackReporting.EventMonitorEntryPoint: Processing playback tracker : "e28afc93d871e52abe50cba6ea9c415a191ec208-66ef7bd1c406421895b8c43a8ff9f32c-c5b05048fd6b0ea99b7f6ed979ea40e4"
[2025-08-31 11:37:59.872 -03:00] [INF] [43] Jellyfin.Plugin.PlaybackReporting.EventMonitorEntryPoint: Processing playback tracker : "e28afc93d871e52abe50cba6ea9c415a191ec208-66ef7bd1c406421895b8c43a8ff9f32c-c5b05048fd6b0ea99b7f6ed979ea40e4"
[2025-08-31 11:38:19.889 -03:00] [INF] [43] Jellyfin.Plugin.PlaybackReporting.EventMonitorEntryPoint: Processing playback tracker : "e28afc93d871e52abe50cba6ea9c415a191ec208-66ef7bd1c406421895b8c43a8ff9f32c-c5b05048fd6b0ea99b7f6ed979ea40e4"
[2025-08-31 11:38:39.917 -03:00] [INF] [122] Jellyfin.Plugin.PlaybackReporting.EventMonitorEntryPoint: Processing playback tracker : "e28afc93d871e52abe50cba6ea9c415a191ec208-66ef7bd1c406421895b8c43a8ff9f32c-c5b05048fd6b0ea99b7f6ed979ea40e4"
[2025-08-31 11:38:59.949 -03:00] [INF] [153] Jellyfin.Plugin.PlaybackReporting.EventMonitorEntryPoint: Processing playback tracker : "e28afc93d871e52abe50cba6ea9c415a191ec208-66ef7bd1c406421895b8c43a8ff9f32c-c5b05048fd6b0ea99b7f6ed979ea40e4"
[2025-08-31 11:39:19.975 -03:00] [INF] [142] Jellyfin.Plugin.PlaybackReporting.EventMonitorEntryPoint: Processing playback tracker : "e28afc93d871e52abe50cba6ea9c415a191ec208-66ef7bd1c406421895b8c43a8ff9f32c-c5b05048fd6b0ea99b7f6ed979ea40e4"
[2025-08-31 11:39:40.024 -03:00] [INF] [56] Jellyfin.Plugin.PlaybackReporting.EventMonitorEntryPoint: Processing playback tracker : "e28afc93d871e52abe50cba6ea9c415a191ec208-66ef7bd1c406421895b8c43a8ff9f32c-c5b05048fd6b0ea99b7f6ed979ea40e4"
[2025-08-31 11:40:00.077 -03:00] [INF] [56] Jellyfin.Plugin.PlaybackReporting.EventMonitorEntryPoint: Processing playback tracker : "e28afc93d871e52abe50cba6ea9c415a191ec208-66ef7bd1c406421895b8c43a8ff9f32c-c5b05048fd6b0ea99b7f6ed979ea40e4"
[2025-08-31 11:40:20.128 -03:00] [INF] [153] Jellyfin.Plugin.PlaybackReporting.EventMonitorEntryPoint: Processing playback tracker : "e28afc93d871e52abe50cba6ea9c415a191ec208-66ef7bd1c406421895b8c43a8ff9f32c-c5b05048fd6b0ea99b7f6ed979ea40e4"
[2025-08-31 11:40:40.173 -03:00] [INF] [23] Jellyfin.Plugin.PlaybackReporting.EventMonitorEntryPoint: Processing playback tracker : "e28afc93d871e52abe50cba6ea9c415a191ec208-66ef7bd1c406421895b8c43a8ff9f32c-c5b05048fd6b0ea99b7f6ed979ea40e4"
[2025-08-31 11:41:00.225 -03:00] [INF] [158] Jellyfin.Plugin.PlaybackReporting.EventMonitorEntryPoint: Processing playback tracker : "e28afc93d871e52abe50cba6ea9c415a191ec208-66ef7bd1c406421895b8c43a8ff9f32c-c5b05048fd6b0ea99b7f6ed979ea40e4"
[2025-08-31 11:41:20.278 -03:00] [INF] [153] Jellyfin.Plugin.PlaybackReporting.EventMonitorEntryPoint: Processing playback tracker : "e28afc93d871e52abe50cba6ea9c415a191ec208-66ef7bd1c406421895b8c43a8ff9f32c-c5b05048fd6b0ea99b7f6ed979ea40e4"
[2025-08-31 11:41:40.329 -03:00] [INF] [122] Jellyfin.Plugin.PlaybackReporting.EventMonitorEntryPoint: Processing playback tracker : "e28afc93d871e52abe50cba6ea9c415a191ec208-66ef7bd1c406421895b8c43a8ff9f32c-c5b05048fd6b0ea99b7f6ed979ea40e4"
[2025-08-31 11:42:00.382 -03:00] [INF] [158] Jellyfin.Plugin.PlaybackReporting.EventMonitorEntryPoint: Processing playback tracker : "e28afc93d871e52abe50cba6ea9c415a191ec208-66ef7bd1c406421895b8c43a8ff9f32c-c5b05048fd6b0ea99b7f6ed979ea40e4"
[2025-08-31 11:42:20.424 -03:00] [INF] [122] Jellyfin.Plugin.PlaybackReporting.EventMonitorEntryPoint: Processing playback tracker : "e28afc93d871e52abe50cba6ea9c415a191ec208-66ef7bd1c406421895b8c43a8ff9f32c-c5b05048fd6b0ea99b7f6ed979ea40e4"
[2025-08-31 11:42:40.470 -03:00] [INF] [122] Jellyfin.Plugin.PlaybackReporting.EventMonitorEntryPoint: Processing playback tracker : "e28afc93d871e52abe50cba6ea9c415a191ec208-66ef7bd1c406421895b8c43a8ff9f32c-c5b05048fd6b0ea99b7f6ed979ea40e4"
[2025-08-31 11:43:00.531 -03:00] [INF] [122] Jellyfin.Plugin.PlaybackReporting.EventMonitorEntryPoint: Processing playback tracker : "e28afc93d871e52abe50cba6ea9c415a191ec208-66ef7bd1c406421895b8c43a8ff9f32c-c5b05048fd6b0ea99b7f6ed979ea40e4"
[2025-08-31 11:43:20.577 -03:00] [INF] [142] Jellyfin.Plugin.PlaybackReporting.EventMonitorEntryPoint: Processing playback tracker : "e28afc93d871e52abe50cba6ea9c415a191ec208-66ef7bd1c406421895b8c43a8ff9f32c-c5b05048fd6b0ea99b7f6ed979ea40e4"
[2025-08-31 11:43:40.635 -03:00] [INF] [165] Jellyfin.Plugin.PlaybackReporting.EventMonitorEntryPoint: Processing playback tracker : "e28afc93d871e52abe50cba6ea9c415a191ec208-66ef7bd1c406421895b8c43a8ff9f32c-c5b05048fd6b0ea99b7f6ed979ea40e4"
[2025-08-31 11:44:00.686 -03:00] [INF] [158] Jellyfin.Plugin.PlaybackReporting.EventMonitorEntryPoint: Processing playback tracker : "e28afc93d871e52abe50cba6ea9c415a191ec208-66ef7bd1c406421895b8c43a8ff9f32c-c5b05048fd6b0ea99b7f6ed979ea40e4"
[2025-08-31 11:44:20.727 -03:00] [INF] [142] Jellyfin.Plugin.PlaybackReporting.EventMonitorEntryPoint: Processing playback tracker : "e28afc93d871e52abe50cba6ea9c415a191ec208-66ef7bd1c406421895b8c43a8ff9f32c-c5b05048fd6b0ea99b7f6ed979ea40e4"
[2025-08-31 11:44:42.486 -03:00] [INF] [165] Jellyfin.Plugin.PlaybackReporting.EventMonitorEntryPoint: Processing playback tracker : "e28afc93d871e52abe50cba6ea9c415a191ec208-66ef7bd1c406421895b8c43a8ff9f32c-c5b05048fd6b0ea99b7f6ed979ea40e4"
[2025-08-31 11:45:12.509 -03:00] [INF] [71] Jellyfin.Plugin.PlaybackReporting.EventMonitorEntryPoint: Processing playback tracker : "e28afc93d871e52abe50cba6ea9c415a191ec208-66ef7bd1c406421895b8c43a8ff9f32c-c5b05048fd6b0ea99b7f6ed979ea40e4"
[2025-08-31 11:45:42.505 -03:00] [INF] [165] Jellyfin.Plugin.PlaybackReporting.EventMonitorEntryPoint: Processing playback tracker : "e28afc93d871e52abe50cba6ea9c415a191ec208-66ef7bd1c406421895b8c43a8ff9f32c-c5b05048fd6b0ea99b7f6ed979ea40e4"
[2025-08-31 11:46:11.184 -03:00] [INF] [71] Jellyfin.Plugin.PlaybackReporting.EventMonitorEntryPoint: Processing playback tracker : "e28afc93d871e52abe50cba6ea9c415a191ec208-66ef7bd1c406421895b8c43a8ff9f32c-c5b05048fd6b0ea99b7f6ed979ea40e4"
[2025-08-31 11:46:31.199 -03:00] [INF] [97] Jellyfin.Plugin.PlaybackReporting.EventMonitorEntryPoint: Processing playback tracker : "e28afc93d871e52abe50cba6ea9c415a191ec208-66ef7bd1c406421895b8c43a8ff9f32c-c5b05048fd6b0ea99b7f6ed979ea40e4"
[2025-08-31 11:46:51.229 -03:00] [INF] [101] Jellyfin.Plugin.PlaybackReporting.EventMonitorEntryPoint: Processing playback tracker : "e28afc93d871e52abe50cba6ea9c415a191ec208-66ef7bd1c406421895b8c43a8ff9f32c-c5b05048fd6b0ea99b7f6ed979ea40e4"
[2025-08-31 11:47:16.827 -03:00] [INF] [101] Jellyfin.Plugin.PlaybackReporting.EventMonitorEntryPoint: Processing playback tracker : "e28afc93d871e52abe50cba6ea9c415a191ec208-66ef7bd1c406421895b8c43a8ff9f32c-c5b05048fd6b0ea99b7f6ed979ea40e4"
[2025-08-31 11:47:46.846 -03:00] [INF] [101] Jellyfin.Plugin.PlaybackReporting.EventMonitorEntryPoint: Processing playback tracker : "e28afc93d871e52abe50cba6ea9c415a191ec208-66ef7bd1c406421895b8c43a8ff9f32c-c5b05048fd6b0ea99b7f6ed979ea40e4"
[2025-08-31 11:48:16.873 -03:00] [INF] [97] Jellyfin.Plugin.PlaybackReporting.EventMonitorEntryPoint: Processing playback tracker : "e28afc93d871e52abe50cba6ea9c415a191ec208-66ef7bd1c406421895b8c43a8ff9f32c-c5b05048fd6b0ea99b7f6ed979ea40e4"
[2025-08-31 11:48:46.873 -03:00] [INF] [97] Jellyfin.Plugin.PlaybackReporting.EventMonitorEntryPoint: Processing playback tracker : "e28afc93d871e52abe50cba6ea9c415a191ec208-66ef7bd1c406421895b8c43a8ff9f32c-c5b05048fd6b0ea99b7f6ed979ea40e4"
[2025-08-31 11:49:16.891 -03:00] [INF] [71] Jellyfin.Plugin.PlaybackReporting.EventMonitorEntryPoint: Processing playback tracker : "e28afc93d871e52abe50cba6ea9c415a191ec208-66ef7bd1c406421895b8c43a8ff9f32c-c5b05048fd6b0ea99b7f6ed979ea40e4"
[2025-08-31 11:49:46.885 -03:00] [INF] [97] Jellyfin.Plugin.PlaybackReporting.EventMonitorEntryPoint: Processing playback tracker : "e28afc93d871e52abe50cba6ea9c415a191ec208-66ef7bd1c406421895b8c43a8ff9f32c-c5b05048fd6b0ea99b7f6ed979ea40e4"
[2025-08-31 11:50:16.895 -03:00] [INF] [102] Jellyfin.Plugin.PlaybackReporting.EventMonitorEntryPoint: Processing playback tracker : "e28afc93d871e52abe50cba6ea9c415a191ec208-66ef7bd1c406421895b8c43a8ff9f32c-c5b05048fd6b0ea99b7f6ed979ea40e4"
[2025-08-31 11:50:46.902 -03:00] [INF] [71] Jellyfin.Plugin.PlaybackReporting.EventMonitorEntryPoint: Processing playback tracker : "e28afc93d871e52abe50cba6ea9c415a191ec208-66ef7bd1c406421895b8c43a8ff9f32c-c5b05048fd6b0ea99b7f6ed979ea40e4"
[2025-08-31 11:51:16.912 -03:00] [INF] [101] Jellyfin.Plugin.PlaybackReporting.EventMonitorEntryPoint: Processing playback tracker : "e28afc93d871e52abe50cba6ea9c415a191ec208-66ef7bd1c406421895b8c43a8ff9f32c-c5b05048fd6b0ea99b7f6ed979ea40e4"
[2025-08-31 11:51:46.924 -03:00] [INF] [102] Jellyfin.Plugin.PlaybackReporting.EventMonitorEntryPoint: Processing playback tracker : "e28afc93d871e52abe50cba6ea9c415a191ec208-66ef7bd1c406421895b8c43a8ff9f32c-c5b05048fd6b0ea99b7f6ed979ea40e4"
[2025-08-31 11:52:16.933 -03:00] [INF] [71] Jellyfin.Plugin.PlaybackReporting.EventMonitorEntryPoint: Processing playback tracker : "e28afc93d871e52abe50cba6ea9c415a191ec208-66ef7bd1c406421895b8c43a8ff9f32c-c5b05048fd6b0ea99b7f6ed979ea40e4"
[2025-08-31 11:52:46.942 -03:00] [INF] [71] Jellyfin.Plugin.PlaybackReporting.EventMonitorEntryPoint: Processing playback tracker : "e28afc93d871e52abe50cba6ea9c415a191ec208-66ef7bd1c406421895b8c43a8ff9f32c-c5b05048fd6b0ea99b7f6ed979ea40e4"
[2025-08-31 11:53:16.949 -03:00] [INF] [82] Jellyfin.Plugin.PlaybackReporting.EventMonitorEntryPoint: Processing playback tracker : "e28afc93d871e52abe50cba6ea9c415a191ec208-66ef7bd1c406421895b8c43a8ff9f32c-c5b05048fd6b0ea99b7f6ed979ea40e4"
[2025-08-31 11:53:46.959 -03:00] [INF] [82] Jellyfin.Plugin.PlaybackReporting.EventMonitorEntryPoint: Processing playback tracker : "e28afc93d871e52abe50cba6ea9c415a191ec208-66ef7bd1c406421895b8c43a8ff9f32c-c5b05048fd6b0ea99b7f6ed979ea40e4"
[2025-08-31 11:54:16.973 -03:00] [INF] [101] Jellyfin.Plugin.PlaybackReporting.EventMonitorEntryPoint: Processing playback tracker : "e28afc93d871e52abe50cba6ea9c415a191ec208-66ef7bd1c406421895b8c43a8ff9f32c-c5b05048fd6b0ea99b7f6ed979ea40e4"
[2025-08-31 11:54:46.980 -03:00] [INF] [82] Jellyfin.Plugin.PlaybackReporting.EventMonitorEntryPoint: Processing playback tracker : "e28afc93d871e52abe50cba6ea9c415a191ec208-66ef7bd1c406421895b8c43a8ff9f32c-c5b05048fd6b0ea99b7f6ed979ea40e4"
[2025-08-31 11:55:16.988 -03:00] [INF] [165] Jellyfin.Plugin.PlaybackReporting.EventMonitorEntryPoint: Processing playback tracker : "e28afc93d871e52abe50cba6ea9c415a191ec208-66ef7bd1c406421895b8c43a8ff9f32c-c5b05048fd6b0ea99b7f6ed979ea40e4"
[2025-08-31 11:55:46.997 -03:00] [INF] [82] Jellyfin.Plugin.PlaybackReporting.EventMonitorEntryPoint: Processing playback tracker : "e28afc93d871e52abe50cba6ea9c415a191ec208-66ef7bd1c406421895b8c43a8ff9f32c-c5b05048fd6b0ea99b7f6ed979ea40e4"
[2025-08-31 11:56:17.009 -03:00] [INF] [101] Jellyfin.Plugin.PlaybackReporting.EventMonitorEntryPoint: Processing playback tracker : "e28afc93d871e52abe50cba6ea9c415a191ec208-66ef7bd1c406421895b8c43a8ff9f32c-c5b05048fd6b0ea99b7f6ed979ea40e4"
[2025-08-31 11:56:41.748 -03:00] [INF] [82] MediaBrowser.MediaEncoding.Transcoding.TranscodeManager: Deleting partial stream file(s) "/config/cache/transcodes/9f0401874ac55a4e52ee749f4934d5c2.m3u8"
[2025-08-31 11:56:43.348 -03:00] [INF] [101] Emby.Server.Implementations.Session.SessionManager: Playback stopped reported by app "Android TV" "0.18.11" playing "Cheio de estrelas". Stopped at "1223929" ms
[2025-08-31 11:56:43.358 -03:00] [INF] [82] Jellyfin.Plugin.PlaybackReporting.EventMonitorEntryPoint: Playback stop tracker found, processing stop : "e28afc93d871e52abe50cba6ea9c415a191ec208-66ef7bd1c406421895b8c43a8ff9f32c-c5b05048fd6b0ea99b7f6ed979ea40e4"
[2025-08-31 11:56:43.358 -03:00] [INF] [82] Jellyfin.Plugin.PlaybackReporting.Data.PlaybackTracker: PlaybackTracker : Adding Stop Event : 08/31/2025 11:56:43
[2025-08-31 11:56:43.358 -03:00] [INF] [82] Jellyfin.Plugin.PlaybackReporting.EventMonitorEntryPoint: Saving playback tracking activity in DB
[2025-08-31 11:56:55.010 -03:00] [INF] [158] Jellyfin.Api.Helpers.MediaInfoHelper: User policy for "luiz". EnablePlaybackRemuxing: True EnableVideoPlaybackTranscoding: True EnableAudioPlaybackTranscoding: True
[2025-08-31 11:56:55.095 -03:00] [INF] [102] Jellyfin.Plugin.PlaybackReporting.EventMonitorEntryPoint: Adding playback tracker : e28afc93d871e52abe50cba6ea9c415a191ec208-66ef7bd1c406421895b8c43a8ff9f32c-f426883aac9d1608a4bca20678e1e817
[2025-08-31 11:56:55.095 -03:00] [INF] [102] Jellyfin.Plugin.PlaybackReporting.Data.PlaybackTracker: PlaybackTracker : Adding Start Event : 08/31/2025 11:56:55
[2025-08-31 11:56:55.095 -03:00] [INF] [102] Jellyfin.Plugin.PlaybackReporting.EventMonitorEntryPoint: Creating StartPlaybackTimer Task
[2025-08-31 11:56:55.095 -03:00] [INF] [102] Jellyfin.Plugin.PlaybackReporting.EventMonitorEntryPoint: StartPlaybackTimer : Entered
[2025-08-31 11:56:56.092 -03:00] [INF] [23] Jellyfin.Plugin.PlaybackReporting.EventMonitorEntryPoint: Processing playback tracker : "e28afc93d871e52abe50cba6ea9c415a191ec208-66ef7bd1c406421895b8c43a8ff9f32c-f426883aac9d1608a4bca20678e1e817"
[2025-08-31 11:57:15.096 -03:00] [INF] [102] Jellyfin.Plugin.PlaybackReporting.EventMonitorEntryPoint: session.RemoteEndPoint : "192.168.1.2"
[2025-08-31 11:57:15.096 -03:00] [INF] [102] Jellyfin.Plugin.PlaybackReporting.EventMonitorEntryPoint: StartPlaybackTimer : event_playing_id     = "f426883aac9d1608a4bca20678e1e817"
[2025-08-31 11:57:15.096 -03:00] [INF] [102] Jellyfin.Plugin.PlaybackReporting.EventMonitorEntryPoint: StartPlaybackTimer : event_user_id        = "66ef7bd1c406421895b8c43a8ff9f32c"
[2025-08-31 11:57:15.096 -03:00] [INF] [102] Jellyfin.Plugin.PlaybackReporting.EventMonitorEntryPoint: StartPlaybackTimer : event_user_id_int    = 1
[2025-08-31 11:57:15.096 -03:00] [INF] [102] Jellyfin.Plugin.PlaybackReporting.EventMonitorEntryPoint: StartPlaybackTimer : session_playing_id   = "f426883aac9d1608a4bca20678e1e817"
[2025-08-31 11:57:15.096 -03:00] [INF] [102] Jellyfin.Plugin.PlaybackReporting.EventMonitorEntryPoint: StartPlaybackTimer : session_user_id      = "66ef7bd1c406421895b8c43a8ff9f32c"
[2025-08-31 11:57:15.096 -03:00] [INF] [102] Jellyfin.Plugin.PlaybackReporting.EventMonitorEntryPoint: StartPlaybackTimer : play_method          = "DirectPlay"
[2025-08-31 11:57:15.096 -03:00] [INF] [102] Jellyfin.Plugin.PlaybackReporting.EventMonitorEntryPoint: StartPlaybackTimer : e.ClientName         = "Android TV"
[2025-08-31 11:57:15.096 -03:00] [INF] [102] Jellyfin.Plugin.PlaybackReporting.EventMonitorEntryPoint: StartPlaybackTimer : e.DeviceName         = "Tv TCL"
[2025-08-31 11:57:15.096 -03:00] [INF] [102] Jellyfin.Plugin.PlaybackReporting.EventMonitorEntryPoint: StartPlaybackTimer : ItemName             = "Guerreiras do K-Pop"
[2025-08-31 11:57:15.096 -03:00] [INF] [102] Jellyfin.Plugin.PlaybackReporting.EventMonitorEntryPoint: StartPlaybackTimer : ItemId               = "f426883aac9d1608a4bca20678e1e817"
[2025-08-31 11:57:15.096 -03:00] [INF] [102] Jellyfin.Plugin.PlaybackReporting.EventMonitorEntryPoint: StartPlaybackTimer : ItemType             = "Movie"
[2025-08-31 11:57:15.096 -03:00] [INF] [102] Jellyfin.Plugin.PlaybackReporting.EventMonitorEntryPoint: StartPlaybackTimer : All matches, playback registered
[2025-08-31 11:57:15.096 -03:00] [INF] [102] Jellyfin.Plugin.PlaybackReporting.EventMonitorEntryPoint: Playback tracker found, adding playback info : "e28afc93d871e52abe50cba6ea9c415a191ec208-66ef7bd1c406421895b8c43a8ff9f32c-f426883aac9d1608a4bca20678e1e817"
[2025-08-31 11:57:15.096 -03:00] [INF] [102] Jellyfin.Plugin.PlaybackReporting.EventMonitorEntryPoint: Saving playback tracking activity in DB
[2025-08-31 11:57:15.103 -03:00] [INF] [102] Jellyfin.Plugin.PlaybackReporting.EventMonitorEntryPoint: StartPlaybackTimer : Exited
[2025-08-31 11:57:16.823 -03:00] [INF] [158] Jellyfin.Plugin.PlaybackReporting.EventMonitorEntryPoint: Processing playback tracker : "e28afc93d871e52abe50cba6ea9c415a191ec208-66ef7bd1c406421895b8c43a8ff9f32c-f426883aac9d1608a4bca20678e1e817"
[2025-08-31 11:57:45.205 -03:00] [INF] [82] Jellyfin.Plugin.PlaybackReporting.EventMonitorEntryPoint: Processing playback tracker : "e28afc93d871e52abe50cba6ea9c415a191ec208-66ef7bd1c406421895b8c43a8ff9f32c-f426883aac9d1608a4bca20678e1e817"
[2025-08-31 11:58:15.222 -03:00] [INF] [165] Jellyfin.Plugin.PlaybackReporting.EventMonitorEntryPoint: Processing playback tracker : "e28afc93d871e52abe50cba6ea9c415a191ec208-66ef7bd1c406421895b8c43a8ff9f32c-f426883aac9d1608a4bca20678e1e817"
[2025-08-31 11:58:45.237 -03:00] [INF] [165] Jellyfin.Plugin.PlaybackReporting.EventMonitorEntryPoint: Processing playback tracker : "e28afc93d871e52abe50cba6ea9c415a191ec208-66ef7bd1c406421895b8c43a8ff9f32c-f426883aac9d1608a4bca20678e1e817"
[2025-08-31 11:59:15.236 -03:00] [INF] [165] Jellyfin.Plugin.PlaybackReporting.EventMonitorEntryPoint: Processing playback tracker : "e28afc93d871e52abe50cba6ea9c415a191ec208-66ef7bd1c406421895b8c43a8ff9f32c-f426883aac9d1608a4bca20678e1e817"
[2025-08-31 11:59:45.241 -03:00] [INF] [165] Jellyfin.Plugin.PlaybackReporting.EventMonitorEntryPoint: Processing playback tracker : "e28afc93d871e52abe50cba6ea9c415a191ec208-66ef7bd1c406421895b8c43a8ff9f32c-f426883aac9d1608a4bca20678e1e817"
[2025-08-31 12:00:15.259 -03:00] [INF] [165] Jellyfin.Plugin.PlaybackReporting.EventMonitorEntryPoint: Processing playback tracker : "e28afc93d871e52abe50cba6ea9c415a191ec208-66ef7bd1c406421895b8c43a8ff9f32c-f426883aac9d1608a4bca20678e1e817"
[2025-08-31 12:00:45.261 -03:00] [INF] [97] Jellyfin.Plugin.PlaybackReporting.EventMonitorEntryPoint: Processing playback tracker : "e28afc93d871e52abe50cba6ea9c415a191ec208-66ef7bd1c406421895b8c43a8ff9f32c-f426883aac9d1608a4bca20678e1e817"
[2025-08-31 12:01:15.287 -03:00] [INF] [97] Jellyfin.Plugin.PlaybackReporting.EventMonitorEntryPoint: Processing playback tracker : "e28afc93d871e52abe50cba6ea9c415a191ec208-66ef7bd1c406421895b8c43a8ff9f32c-f426883aac9d1608a4bca20678e1e817"
[2025-08-31 12:01:45.277 -03:00] [INF] [165] Jellyfin.Plugin.PlaybackReporting.EventMonitorEntryPoint: Processing playback tracker : "e28afc93d871e52abe50cba6ea9c415a191ec208-66ef7bd1c406421895b8c43a8ff9f32c-f426883aac9d1608a4bca20678e1e817"
[2025-08-31 12:02:15.304 -03:00] [INF] [97] Jellyfin.Plugin.PlaybackReporting.EventMonitorEntryPoint: Processing playback tracker : "e28afc93d871e52abe50cba6ea9c415a191ec208-66ef7bd1c406421895b8c43a8ff9f32c-f426883aac9d1608a4bca20678e1e817"
[2025-08-31 12:02:45.297 -03:00] [INF] [158] Jellyfin.Plugin.PlaybackReporting.EventMonitorEntryPoint: Processing playback tracker : "e28afc93d871e52abe50cba6ea9c415a191ec208-66ef7bd1c406421895b8c43a8ff9f32c-f426883aac9d1608a4bca20678e1e817"
[2025-08-31 12:03:15.317 -03:00] [INF] [165] Jellyfin.Plugin.PlaybackReporting.EventMonitorEntryPoint: Processing playback tracker : "e28afc93d871e52abe50cba6ea9c415a191ec208-66ef7bd1c406421895b8c43a8ff9f32c-f426883aac9d1608a4bca20678e1e817"
[2025-08-31 12:03:45.314 -03:00] [INF] [165] Jellyfin.Plugin.PlaybackReporting.EventMonitorEntryPoint: Processing playback tracker : "e28afc93d871e52abe50cba6ea9c415a191ec208-66ef7bd1c406421895b8c43a8ff9f32c-f426883aac9d1608a4bca20678e1e817"
[2025-08-31 12:04:15.333 -03:00] [INF] [56] Jellyfin.Plugin.PlaybackReporting.EventMonitorEntryPoint: Processing playback tracker : "e28afc93d871e52abe50cba6ea9c415a191ec208-66ef7bd1c406421895b8c43a8ff9f32c-f426883aac9d1608a4bca20678e1e817"
[2025-08-31 12:04:45.333 -03:00] [INF] [56] Jellyfin.Plugin.PlaybackReporting.EventMonitorEntryPoint: Processing playback tracker : "e28afc93d871e52abe50cba6ea9c415a191ec208-66ef7bd1c406421895b8c43a8ff9f32c-f426883aac9d1608a4bca20678e1e817"
[2025-08-31 12:05:15.360 -03:00] [INF] [97] Jellyfin.Plugin.PlaybackReporting.EventMonitorEntryPoint: Processing playback tracker : "e28afc93d871e52abe50cba6ea9c415a191ec208-66ef7bd1c406421895b8c43a8ff9f32c-f426883aac9d1608a4bca20678e1e817"
[2025-08-31 12:05:45.368 -03:00] [INF] [97] Jellyfin.Plugin.PlaybackReporting.EventMonitorEntryPoint: Processing playback tracker : "e28afc93d871e52abe50cba6ea9c415a191ec208-66ef7bd1c406421895b8c43a8ff9f32c-f426883aac9d1608a4bca20678e1e817"
[2025-08-31 12:06:15.375 -03:00] [INF] [97] Jellyfin.Plugin.PlaybackReporting.EventMonitorEntryPoint: Processing playback tracker : "e28afc93d871e52abe50cba6ea9c415a191ec208-66ef7bd1c406421895b8c43a8ff9f32c-f426883aac9d1608a4bca20678e1e817"
[2025-08-31 12:06:45.374 -03:00] [INF] [165] Jellyfin.Plugin.PlaybackReporting.EventMonitorEntryPoint: Processing playback tracker : "e28afc93d871e52abe50cba6ea9c415a191ec208-66ef7bd1c406421895b8c43a8ff9f32c-f426883aac9d1608a4bca20678e1e817"
[2025-08-31 12:07:15.391 -03:00] [INF] [165] Jellyfin.Plugin.PlaybackReporting.EventMonitorEntryPoint: Processing playback tracker : "e28afc93d871e52abe50cba6ea9c415a191ec208-66ef7bd1c406421895b8c43a8ff9f32c-f426883aac9d1608a4bca20678e1e817"
[2025-08-31 12:07:45.394 -03:00] [INF] [158] Jellyfin.Plugin.PlaybackReporting.EventMonitorEntryPoint: Processing playback tracker : "e28afc93d871e52abe50cba6ea9c415a191ec208-66ef7bd1c406421895b8c43a8ff9f32c-f426883aac9d1608a4bca20678e1e817"
[2025-08-31 12:08:15.415 -03:00] [INF] [158] Jellyfin.Plugin.PlaybackReporting.EventMonitorEntryPoint: Processing playback tracker : "e28afc93d871e52abe50cba6ea9c415a191ec208-66ef7bd1c406421895b8c43a8ff9f32c-f426883aac9d1608a4bca20678e1e817"
[2025-08-31 12:08:45.415 -03:00] [INF] [158] Jellyfin.Plugin.PlaybackReporting.EventMonitorEntryPoint: Processing playback tracker : "e28afc93d871e52abe50cba6ea9c415a191ec208-66ef7bd1c406421895b8c43a8ff9f32c-f426883aac9d1608a4bca20678e1e817"
[2025-08-31 12:09:15.449 -03:00] [INF] [165] Jellyfin.Plugin.PlaybackReporting.EventMonitorEntryPoint: Processing playback tracker : "e28afc93d871e52abe50cba6ea9c415a191ec208-66ef7bd1c406421895b8c43a8ff9f32c-f426883aac9d1608a4bca20678e1e817"
[2025-08-31 12:09:45.436 -03:00] [INF] [153] Jellyfin.Plugin.PlaybackReporting.EventMonitorEntryPoint: Processing playback tracker : "e28afc93d871e52abe50cba6ea9c415a191ec208-66ef7bd1c406421895b8c43a8ff9f32c-f426883aac9d1608a4bca20678e1e817"
[2025-08-31 12:10:15.459 -03:00] [INF] [43] Jellyfin.Plugin.PlaybackReporting.EventMonitorEntryPoint: Processing playback tracker : "e28afc93d871e52abe50cba6ea9c415a191ec208-66ef7bd1c406421895b8c43a8ff9f32c-f426883aac9d1608a4bca20678e1e817"
[2025-08-31 12:10:45.456 -03:00] [INF] [43] Jellyfin.Plugin.PlaybackReporting.EventMonitorEntryPoint: Processing playback tracker : "e28afc93d871e52abe50cba6ea9c415a191ec208-66ef7bd1c406421895b8c43a8ff9f32c-f426883aac9d1608a4bca20678e1e817"
[2025-08-31 12:11:15.470 -03:00] [INF] [153] Jellyfin.Plugin.PlaybackReporting.EventMonitorEntryPoint: Processing playback tracker : "e28afc93d871e52abe50cba6ea9c415a191ec208-66ef7bd1c406421895b8c43a8ff9f32c-f426883aac9d1608a4bca20678e1e817"
[2025-08-31 12:11:45.470 -03:00] [INF] [43] Jellyfin.Plugin.PlaybackReporting.EventMonitorEntryPoint: Processing playback tracker : "e28afc93d871e52abe50cba6ea9c415a191ec208-66ef7bd1c406421895b8c43a8ff9f32c-f426883aac9d1608a4bca20678e1e817"
[2025-08-31 12:12:15.492 -03:00] [INF] [43] Jellyfin.Plugin.PlaybackReporting.EventMonitorEntryPoint: Processing playback tracker : "e28afc93d871e52abe50cba6ea9c415a191ec208-66ef7bd1c406421895b8c43a8ff9f32c-f426883aac9d1608a4bca20678e1e817"
[2025-08-31 12:12:45.496 -03:00] [INF] [165] Jellyfin.Plugin.PlaybackReporting.EventMonitorEntryPoint: Processing playback tracker : "e28afc93d871e52abe50cba6ea9c415a191ec208-66ef7bd1c406421895b8c43a8ff9f32c-f426883aac9d1608a4bca20678e1e817"
[2025-08-31 12:13:15.508 -03:00] [INF] [165] Jellyfin.Plugin.PlaybackReporting.EventMonitorEntryPoint: Processing playback tracker : "e28afc93d871e52abe50cba6ea9c415a191ec208-66ef7bd1c406421895b8c43a8ff9f32c-f426883aac9d1608a4bca20678e1e817"
[2025-08-31 12:13:45.512 -03:00] [INF] [153] Jellyfin.Plugin.PlaybackReporting.EventMonitorEntryPoint: Processing playback tracker : "e28afc93d871e52abe50cba6ea9c415a191ec208-66ef7bd1c406421895b8c43a8ff9f32c-f426883aac9d1608a4bca20678e1e817"
[2025-08-31 12:14:15.528 -03:00] [INF] [165] Jellyfin.Plugin.PlaybackReporting.EventMonitorEntryPoint: Processing playback tracker : "e28afc93d871e52abe50cba6ea9c415a191ec208-66ef7bd1c406421895b8c43a8ff9f32c-f426883aac9d1608a4bca20678e1e817"
[2025-08-31 12:14:45.532 -03:00] [INF] [165] Jellyfin.Plugin.PlaybackReporting.EventMonitorEntryPoint: Processing playback tracker : "e28afc93d871e52abe50cba6ea9c415a191ec208-66ef7bd1c406421895b8c43a8ff9f32c-f426883aac9d1608a4bca20678e1e817"
[2025-08-31 12:15:15.547 -03:00] [INF] [165] Jellyfin.Plugin.PlaybackReporting.EventMonitorEntryPoint: Processing playback tracker : "e28afc93d871e52abe50cba6ea9c415a191ec208-66ef7bd1c406421895b8c43a8ff9f32c-f426883aac9d1608a4bca20678e1e817"
[2025-08-31 12:15:45.586 -03:00] [INF] [43] Jellyfin.Plugin.PlaybackReporting.EventMonitorEntryPoint: Processing playback tracker : "e28afc93d871e52abe50cba6ea9c415a191ec208-66ef7bd1c406421895b8c43a8ff9f32c-f426883aac9d1608a4bca20678e1e817"
[2025-08-31 12:16:15.567 -03:00] [INF] [165] Jellyfin.Plugin.PlaybackReporting.EventMonitorEntryPoint: Processing playback tracker : "e28afc93d871e52abe50cba6ea9c415a191ec208-66ef7bd1c406421895b8c43a8ff9f32c-f426883aac9d1608a4bca20678e1e817"
[2025-08-31 12:16:45.569 -03:00] [INF] [165] Jellyfin.Plugin.PlaybackReporting.EventMonitorEntryPoint: Processing playback tracker : "e28afc93d871e52abe50cba6ea9c415a191ec208-66ef7bd1c406421895b8c43a8ff9f32c-f426883aac9d1608a4bca20678e1e817"
[2025-08-31 12:17:15.588 -03:00] [INF] [43] Jellyfin.Plugin.PlaybackReporting.EventMonitorEntryPoint: Processing playback tracker : "e28afc93d871e52abe50cba6ea9c415a191ec208-66ef7bd1c406421895b8c43a8ff9f32c-f426883aac9d1608a4bca20678e1e817"
[2025-08-31 12:17:45.587 -03:00] [INF] [10] Jellyfin.Plugin.PlaybackReporting.EventMonitorEntryPoint: Processing playback tracker : "e28afc93d871e52abe50cba6ea9c415a191ec208-66ef7bd1c406421895b8c43a8ff9f32c-f426883aac9d1608a4bca20678e1e817"
[2025-08-31 12:18:15.605 -03:00] [INF] [158] Jellyfin.Plugin.PlaybackReporting.EventMonitorEntryPoint: Processing playback tracker : "e28afc93d871e52abe50cba6ea9c415a191ec208-66ef7bd1c406421895b8c43a8ff9f32c-f426883aac9d1608a4bca20678e1e817"
[2025-08-31 12:18:45.609 -03:00] [INF] [10] Jellyfin.Plugin.PlaybackReporting.EventMonitorEntryPoint: Processing playback tracker : "e28afc93d871e52abe50cba6ea9c415a191ec208-66ef7bd1c406421895b8c43a8ff9f32c-f426883aac9d1608a4bca20678e1e817"
[2025-08-31 12:19:15.629 -03:00] [INF] [10] Jellyfin.Plugin.PlaybackReporting.EventMonitorEntryPoint: Processing playback tracker : "e28afc93d871e52abe50cba6ea9c415a191ec208-66ef7bd1c406421895b8c43a8ff9f32c-f426883aac9d1608a4bca20678e1e817"
[2025-08-31 12:19:45.622 -03:00] [INF] [56] Jellyfin.Plugin.PlaybackReporting.EventMonitorEntryPoint: Processing playback tracker : "e28afc93d871e52abe50cba6ea9c415a191ec208-66ef7bd1c406421895b8c43a8ff9f32c-f426883aac9d1608a4bca20678e1e817"
[2025-08-31 12:20:15.638 -03:00] [INF] [43] Jellyfin.Plugin.PlaybackReporting.EventMonitorEntryPoint: Processing playback tracker : "e28afc93d871e52abe50cba6ea9c415a191ec208-66ef7bd1c406421895b8c43a8ff9f32c-f426883aac9d1608a4bca20678e1e817"
[2025-08-31 12:20:45.638 -03:00] [INF] [10] Jellyfin.Plugin.PlaybackReporting.EventMonitorEntryPoint: Processing playback tracker : "e28afc93d871e52abe50cba6ea9c415a191ec208-66ef7bd1c406421895b8c43a8ff9f32c-f426883aac9d1608a4bca20678e1e817"
[2025-08-31 12:21:15.654 -03:00] [INF] [56] Jellyfin.Plugin.PlaybackReporting.EventMonitorEntryPoint: Processing playback tracker : "e28afc93d871e52abe50cba6ea9c415a191ec208-66ef7bd1c406421895b8c43a8ff9f32c-f426883aac9d1608a4bca20678e1e817"
[2025-08-31 12:21:45.664 -03:00] [INF] [56] Jellyfin.Plugin.PlaybackReporting.EventMonitorEntryPoint: Processing playback tracker : "e28afc93d871e52abe50cba6ea9c415a191ec208-66ef7bd1c406421895b8c43a8ff9f32c-f426883aac9d1608a4bca20678e1e817"
[2025-08-31 12:22:15.680 -03:00] [INF] [10] Jellyfin.Plugin.PlaybackReporting.EventMonitorEntryPoint: Processing playback tracker : "e28afc93d871e52abe50cba6ea9c415a191ec208-66ef7bd1c406421895b8c43a8ff9f32c-f426883aac9d1608a4bca20678e1e817"
[2025-08-31 12:22:45.689 -03:00] [INF] [170] Jellyfin.Plugin.PlaybackReporting.EventMonitorEntryPoint: Processing playback tracker : "e28afc93d871e52abe50cba6ea9c415a191ec208-66ef7bd1c406421895b8c43a8ff9f32c-f426883aac9d1608a4bca20678e1e817"
[2025-08-31 12:23:15.693 -03:00] [INF] [170] Jellyfin.Plugin.PlaybackReporting.EventMonitorEntryPoint: Processing playback tracker : "e28afc93d871e52abe50cba6ea9c415a191ec208-66ef7bd1c406421895b8c43a8ff9f32c-f426883aac9d1608a4bca20678e1e817"
[2025-08-31 12:23:45.698 -03:00] [INF] [142] Jellyfin.Plugin.PlaybackReporting.EventMonitorEntryPoint: Processing playback tracker : "e28afc93d871e52abe50cba6ea9c415a191ec208-66ef7bd1c406421895b8c43a8ff9f32c-f426883aac9d1608a4bca20678e1e817"
[2025-08-31 12:24:15.712 -03:00] [INF] [142] Jellyfin.Plugin.PlaybackReporting.EventMonitorEntryPoint: Processing playback tracker : "e28afc93d871e52abe50cba6ea9c415a191ec208-66ef7bd1c406421895b8c43a8ff9f32c-f426883aac9d1608a4bca20678e1e817"
[2025-08-31 12:24:45.714 -03:00] [INF] [153] Jellyfin.Plugin.PlaybackReporting.EventMonitorEntryPoint: Processing playback tracker : "e28afc93d871e52abe50cba6ea9c415a191ec208-66ef7bd1c406421895b8c43a8ff9f32c-f426883aac9d1608a4bca20678e1e817"
[2025-08-31 12:25:15.730 -03:00] [INF] [10] Jellyfin.Plugin.PlaybackReporting.EventMonitorEntryPoint: Processing playback tracker : "e28afc93d871e52abe50cba6ea9c415a191ec208-66ef7bd1c406421895b8c43a8ff9f32c-f426883aac9d1608a4bca20678e1e817"
[2025-08-31 12:25:45.735 -03:00] [INF] [10] Jellyfin.Plugin.PlaybackReporting.EventMonitorEntryPoint: Processing playback tracker : "e28afc93d871e52abe50cba6ea9c415a191ec208-66ef7bd1c406421895b8c43a8ff9f32c-f426883aac9d1608a4bca20678e1e817"
[2025-08-31 12:26:15.759 -03:00] [INF] [153] Jellyfin.Plugin.PlaybackReporting.EventMonitorEntryPoint: Processing playback tracker : "e28afc93d871e52abe50cba6ea9c415a191ec208-66ef7bd1c406421895b8c43a8ff9f32c-f426883aac9d1608a4bca20678e1e817"
[2025-08-31 12:26:45.755 -03:00] [INF] [10] Jellyfin.Plugin.PlaybackReporting.EventMonitorEntryPoint: Processing playback tracker : "e28afc93d871e52abe50cba6ea9c415a191ec208-66ef7bd1c406421895b8c43a8ff9f32c-f426883aac9d1608a4bca20678e1e817"
[2025-08-31 12:27:15.767 -03:00] [INF] [10] Jellyfin.Plugin.PlaybackReporting.EventMonitorEntryPoint: Processing playback tracker : "e28afc93d871e52abe50cba6ea9c415a191ec208-66ef7bd1c406421895b8c43a8ff9f32c-f426883aac9d1608a4bca20678e1e817"
[2025-08-31 12:27:45.774 -03:00] [INF] [142] Jellyfin.Plugin.PlaybackReporting.EventMonitorEntryPoint: Processing playback tracker : "e28afc93d871e52abe50cba6ea9c415a191ec208-66ef7bd1c406421895b8c43a8ff9f32c-f426883aac9d1608a4bca20678e1e817"
[2025-08-31 12:28:15.788 -03:00] [INF] [10] Jellyfin.Plugin.PlaybackReporting.EventMonitorEntryPoint: Processing playback tracker : "e28afc93d871e52abe50cba6ea9c415a191ec208-66ef7bd1c406421895b8c43a8ff9f32c-f426883aac9d1608a4bca20678e1e817"
[2025-08-31 12:28:45.793 -03:00] [INF] [170] Jellyfin.Plugin.PlaybackReporting.EventMonitorEntryPoint: Processing playback tracker : "e28afc93d871e52abe50cba6ea9c415a191ec208-66ef7bd1c406421895b8c43a8ff9f32c-f426883aac9d1608a4bca20678e1e817"
[2025-08-31 12:29:15.819 -03:00] [INF] [142] Jellyfin.Plugin.PlaybackReporting.EventMonitorEntryPoint: Processing playback tracker : "e28afc93d871e52abe50cba6ea9c415a191ec208-66ef7bd1c406421895b8c43a8ff9f32c-f426883aac9d1608a4bca20678e1e817"
[2025-08-31 12:29:45.812 -03:00] [INF] [142] Jellyfin.Plugin.PlaybackReporting.EventMonitorEntryPoint: Processing playback tracker : "e28afc93d871e52abe50cba6ea9c415a191ec208-66ef7bd1c406421895b8c43a8ff9f32c-f426883aac9d1608a4bca20678e1e817"
[2025-08-31 12:30:15.837 -03:00] [INF] [170] Jellyfin.Plugin.PlaybackReporting.EventMonitorEntryPoint: Processing playback tracker : "e28afc93d871e52abe50cba6ea9c415a191ec208-66ef7bd1c406421895b8c43a8ff9f32c-f426883aac9d1608a4bca20678e1e817"
[2025-08-31 12:30:45.827 -03:00] [INF] [142] Jellyfin.Plugin.PlaybackReporting.EventMonitorEntryPoint: Processing playback tracker : "e28afc93d871e52abe50cba6ea9c415a191ec208-66ef7bd1c406421895b8c43a8ff9f32c-f426883aac9d1608a4bca20678e1e817"
[2025-08-31 12:31:15.850 -03:00] [INF] [170] Jellyfin.Plugin.PlaybackReporting.EventMonitorEntryPoint: Processing playback tracker : "e28afc93d871e52abe50cba6ea9c415a191ec208-66ef7bd1c406421895b8c43a8ff9f32c-f426883aac9d1608a4bca20678e1e817"
[2025-08-31 12:31:45.846 -03:00] [INF] [170] Jellyfin.Plugin.PlaybackReporting.EventMonitorEntryPoint: Processing playback tracker : "e28afc93d871e52abe50cba6ea9c415a191ec208-66ef7bd1c406421895b8c43a8ff9f32c-f426883aac9d1608a4bca20678e1e817"
[2025-08-31 12:32:15.864 -03:00] [INF] [170] Jellyfin.Plugin.PlaybackReporting.EventMonitorEntryPoint: Processing playback tracker : "e28afc93d871e52abe50cba6ea9c415a191ec208-66ef7bd1c406421895b8c43a8ff9f32c-f426883aac9d1608a4bca20678e1e817"
[2025-08-31 12:32:45.873 -03:00] [INF] [170] Jellyfin.Plugin.PlaybackReporting.EventMonitorEntryPoint: Processing playback tracker : "e28afc93d871e52abe50cba6ea9c415a191ec208-66ef7bd1c406421895b8c43a8ff9f32c-f426883aac9d1608a4bca20678e1e817"
[2025-08-31 12:33:15.890 -03:00] [INF] [142] Jellyfin.Plugin.PlaybackReporting.EventMonitorEntryPoint: Processing playback tracker : "e28afc93d871e52abe50cba6ea9c415a191ec208-66ef7bd1c406421895b8c43a8ff9f32c-f426883aac9d1608a4bca20678e1e817"
[2025-08-31 12:33:45.889 -03:00] [INF] [142] Jellyfin.Plugin.PlaybackReporting.EventMonitorEntryPoint: Processing playback tracker : "e28afc93d871e52abe50cba6ea9c415a191ec208-66ef7bd1c406421895b8c43a8ff9f32c-f426883aac9d1608a4bca20678e1e817"
[2025-08-31 12:34:15.909 -03:00] [INF] [56] Jellyfin.Plugin.PlaybackReporting.EventMonitorEntryPoint: Processing playback tracker : "e28afc93d871e52abe50cba6ea9c415a191ec208-66ef7bd1c406421895b8c43a8ff9f32c-f426883aac9d1608a4bca20678e1e817"
[2025-08-31 12:34:45.903 -03:00] [INF] [142] Jellyfin.Plugin.PlaybackReporting.EventMonitorEntryPoint: Processing playback tracker : "e28afc93d871e52abe50cba6ea9c415a191ec208-66ef7bd1c406421895b8c43a8ff9f32c-f426883aac9d1608a4bca20678e1e817"
[2025-08-31 12:35:15.926 -03:00] [INF] [56] Jellyfin.Plugin.PlaybackReporting.EventMonitorEntryPoint: Processing playback tracker : "e28afc93d871e52abe50cba6ea9c415a191ec208-66ef7bd1c406421895b8c43a8ff9f32c-f426883aac9d1608a4bca20678e1e817"
[2025-08-31 12:35:45.926 -03:00] [INF] [142] Jellyfin.Plugin.PlaybackReporting.EventMonitorEntryPoint: Processing playback tracker : "e28afc93d871e52abe50cba6ea9c415a191ec208-66ef7bd1c406421895b8c43a8ff9f32c-f426883aac9d1608a4bca20678e1e817"
[2025-08-31 12:36:15.943 -03:00] [INF] [56] Jellyfin.Plugin.PlaybackReporting.EventMonitorEntryPoint: Processing playback tracker : "e28afc93d871e52abe50cba6ea9c415a191ec208-66ef7bd1c406421895b8c43a8ff9f32c-f426883aac9d1608a4bca20678e1e817"
[2025-08-31 12:36:45.955 -03:00] [INF] [170] Jellyfin.Plugin.PlaybackReporting.EventMonitorEntryPoint: Processing playback tracker : "e28afc93d871e52abe50cba6ea9c415a191ec208-66ef7bd1c406421895b8c43a8ff9f32c-f426883aac9d1608a4bca20678e1e817"
[2025-08-31 12:37:15.966 -03:00] [INF] [170] Jellyfin.Plugin.PlaybackReporting.EventMonitorEntryPoint: Processing playback tracker : "e28afc93d871e52abe50cba6ea9c415a191ec208-66ef7bd1c406421895b8c43a8ff9f32c-f426883aac9d1608a4bca20678e1e817"
[2025-08-31 12:37:45.965 -03:00] [INF] [170] Jellyfin.Plugin.PlaybackReporting.EventMonitorEntryPoint: Processing playback tracker : "e28afc93d871e52abe50cba6ea9c415a191ec208-66ef7bd1c406421895b8c43a8ff9f32c-f426883aac9d1608a4bca20678e1e817"
[2025-08-31 12:38:15.987 -03:00] [INF] [97] Jellyfin.Plugin.PlaybackReporting.EventMonitorEntryPoint: Processing playback tracker : "e28afc93d871e52abe50cba6ea9c415a191ec208-66ef7bd1c406421895b8c43a8ff9f32c-f426883aac9d1608a4bca20678e1e817"
[2025-08-31 12:38:45.992 -03:00] [INF] [170] Jellyfin.Plugin.PlaybackReporting.EventMonitorEntryPoint: Processing playback tracker : "e28afc93d871e52abe50cba6ea9c415a191ec208-66ef7bd1c406421895b8c43a8ff9f32c-f426883aac9d1608a4bca20678e1e817"
[2025-08-31 12:39:16.015 -03:00] [INF] [170] Jellyfin.Plugin.PlaybackReporting.EventMonitorEntryPoint: Processing playback tracker : "e28afc93d871e52abe50cba6ea9c415a191ec208-66ef7bd1c406421895b8c43a8ff9f32c-f426883aac9d1608a4bca20678e1e817"
[2025-08-31 12:39:46.008 -03:00] [INF] [97] Jellyfin.Plugin.PlaybackReporting.EventMonitorEntryPoint: Processing playback tracker : "e28afc93d871e52abe50cba6ea9c415a191ec208-66ef7bd1c406421895b8c43a8ff9f32c-f426883aac9d1608a4bca20678e1e817"
[2025-08-31 12:40:16.019 -03:00] [INF] [56] Jellyfin.Plugin.PlaybackReporting.EventMonitorEntryPoint: Processing playback tracker : "e28afc93d871e52abe50cba6ea9c415a191ec208-66ef7bd1c406421895b8c43a8ff9f32c-f426883aac9d1608a4bca20678e1e817"
[2025-08-31 12:40:46.021 -03:00] [INF] [170] Jellyfin.Plugin.PlaybackReporting.EventMonitorEntryPoint: Processing playback tracker : "e28afc93d871e52abe50cba6ea9c415a191ec208-66ef7bd1c406421895b8c43a8ff9f32c-f426883aac9d1608a4bca20678e1e817"
[2025-08-31 12:41:16.042 -03:00] [INF] [56] Jellyfin.Plugin.PlaybackReporting.EventMonitorEntryPoint: Processing playback tracker : "e28afc93d871e52abe50cba6ea9c415a191ec208-66ef7bd1c406421895b8c43a8ff9f32c-f426883aac9d1608a4bca20678e1e817"
[2025-08-31 12:41:46.036 -03:00] [INF] [97] Jellyfin.Plugin.PlaybackReporting.EventMonitorEntryPoint: Processing playback tracker : "e28afc93d871e52abe50cba6ea9c415a191ec208-66ef7bd1c406421895b8c43a8ff9f32c-f426883aac9d1608a4bca20678e1e817"
[2025-08-31 12:42:16.076 -03:00] [INF] [56] Jellyfin.Plugin.PlaybackReporting.EventMonitorEntryPoint: Processing playback tracker : "e28afc93d871e52abe50cba6ea9c415a191ec208-66ef7bd1c406421895b8c43a8ff9f32c-f426883aac9d1608a4bca20678e1e817"
[2025-08-31 12:42:46.052 -03:00] [INF] [158] Jellyfin.Plugin.PlaybackReporting.EventMonitorEntryPoint: Processing playback tracker : "e28afc93d871e52abe50cba6ea9c415a191ec208-66ef7bd1c406421895b8c43a8ff9f32c-f426883aac9d1608a4bca20678e1e817"
[2025-08-31 12:43:16.060 -03:00] [INF] [158] Jellyfin.Plugin.PlaybackReporting.EventMonitorEntryPoint: Processing playback tracker : "e28afc93d871e52abe50cba6ea9c415a191ec208-66ef7bd1c406421895b8c43a8ff9f32c-f426883aac9d1608a4bca20678e1e817"
[2025-08-31 12:43:46.072 -03:00] [INF] [97] Jellyfin.Plugin.PlaybackReporting.EventMonitorEntryPoint: Processing playback tracker : "e28afc93d871e52abe50cba6ea9c415a191ec208-66ef7bd1c406421895b8c43a8ff9f32c-f426883aac9d1608a4bca20678e1e817"
[2025-08-31 12:44:16.083 -03:00] [INF] [158] Jellyfin.Plugin.PlaybackReporting.EventMonitorEntryPoint: Processing playback tracker : "e28afc93d871e52abe50cba6ea9c415a191ec208-66ef7bd1c406421895b8c43a8ff9f32c-f426883aac9d1608a4bca20678e1e817"
[2025-08-31 12:44:46.095 -03:00] [INF] [170] Jellyfin.Plugin.PlaybackReporting.EventMonitorEntryPoint: Processing playback tracker : "e28afc93d871e52abe50cba6ea9c415a191ec208-66ef7bd1c406421895b8c43a8ff9f32c-f426883aac9d1608a4bca20678e1e817"
[2025-08-31 12:45:16.104 -03:00] [INF] [170] Jellyfin.Plugin.PlaybackReporting.EventMonitorEntryPoint: Processing playback tracker : "e28afc93d871e52abe50cba6ea9c415a191ec208-66ef7bd1c406421895b8c43a8ff9f32c-f426883aac9d1608a4bca20678e1e817"
[2025-08-31 12:45:46.114 -03:00] [INF] [142] Jellyfin.Plugin.PlaybackReporting.EventMonitorEntryPoint: Processing playback tracker : "e28afc93d871e52abe50cba6ea9c415a191ec208-66ef7bd1c406421895b8c43a8ff9f32c-f426883aac9d1608a4bca20678e1e817"
[2025-08-31 12:46:16.124 -03:00] [INF] [56] Jellyfin.Plugin.PlaybackReporting.EventMonitorEntryPoint: Processing playback tracker : "e28afc93d871e52abe50cba6ea9c415a191ec208-66ef7bd1c406421895b8c43a8ff9f32c-f426883aac9d1608a4bca20678e1e817"
[2025-08-31 12:46:46.129 -03:00] [INF] [142] Jellyfin.Plugin.PlaybackReporting.EventMonitorEntryPoint: Processing playback tracker : "e28afc93d871e52abe50cba6ea9c415a191ec208-66ef7bd1c406421895b8c43a8ff9f32c-f426883aac9d1608a4bca20678e1e817"
[2025-08-31 12:47:16.144 -03:00] [INF] [56] Jellyfin.Plugin.PlaybackReporting.EventMonitorEntryPoint: Processing playback tracker : "e28afc93d871e52abe50cba6ea9c415a191ec208-66ef7bd1c406421895b8c43a8ff9f32c-f426883aac9d1608a4bca20678e1e817"
[2025-08-31 12:47:46.154 -03:00] [INF] [158] Jellyfin.Plugin.PlaybackReporting.EventMonitorEntryPoint: Processing playback tracker : "e28afc93d871e52abe50cba6ea9c415a191ec208-66ef7bd1c406421895b8c43a8ff9f32c-f426883aac9d1608a4bca20678e1e817"
[2025-08-31 12:48:16.171 -03:00] [INF] [158] Jellyfin.Plugin.PlaybackReporting.EventMonitorEntryPoint: Processing playback tracker : "e28afc93d871e52abe50cba6ea9c415a191ec208-66ef7bd1c406421895b8c43a8ff9f32c-f426883aac9d1608a4bca20678e1e817"
[2025-08-31 12:48:46.177 -03:00] [INF] [170] Jellyfin.Plugin.PlaybackReporting.EventMonitorEntryPoint: Processing playback tracker : "e28afc93d871e52abe50cba6ea9c415a191ec208-66ef7bd1c406421895b8c43a8ff9f32c-f426883aac9d1608a4bca20678e1e817"
[2025-08-31 12:49:16.183 -03:00] [INF] [56] Jellyfin.Plugin.PlaybackReporting.EventMonitorEntryPoint: Processing playback tracker : "e28afc93d871e52abe50cba6ea9c415a191ec208-66ef7bd1c406421895b8c43a8ff9f32c-f426883aac9d1608a4bca20678e1e817"
[2025-08-31 12:49:46.199 -03:00] [INF] [56] Jellyfin.Plugin.PlaybackReporting.EventMonitorEntryPoint: Processing playback tracker : "e28afc93d871e52abe50cba6ea9c415a191ec208-66ef7bd1c406421895b8c43a8ff9f32c-f426883aac9d1608a4bca20678e1e817"
[2025-08-31 12:50:16.209 -03:00] [INF] [158] Jellyfin.Plugin.PlaybackReporting.EventMonitorEntryPoint: Processing playback tracker : "e28afc93d871e52abe50cba6ea9c415a191ec208-66ef7bd1c406421895b8c43a8ff9f32c-f426883aac9d1608a4bca20678e1e817"
[2025-08-31 12:50:46.215 -03:00] [INF] [158] Jellyfin.Plugin.PlaybackReporting.EventMonitorEntryPoint: Processing playback tracker : "e28afc93d871e52abe50cba6ea9c415a191ec208-66ef7bd1c406421895b8c43a8ff9f32c-f426883aac9d1608a4bca20678e1e817"
[2025-08-31 12:51:16.227 -03:00] [INF] [158] Jellyfin.Plugin.PlaybackReporting.EventMonitorEntryPoint: Processing playback tracker : "e28afc93d871e52abe50cba6ea9c415a191ec208-66ef7bd1c406421895b8c43a8ff9f32c-f426883aac9d1608a4bca20678e1e817"
[2025-08-31 12:51:46.232 -03:00] [INF] [97] Jellyfin.Plugin.PlaybackReporting.EventMonitorEntryPoint: Processing playback tracker : "e28afc93d871e52abe50cba6ea9c415a191ec208-66ef7bd1c406421895b8c43a8ff9f32c-f426883aac9d1608a4bca20678e1e817"
[2025-08-31 12:52:16.241 -03:00] [INF] [56] Jellyfin.Plugin.PlaybackReporting.EventMonitorEntryPoint: Processing playback tracker : "e28afc93d871e52abe50cba6ea9c415a191ec208-66ef7bd1c406421895b8c43a8ff9f32c-f426883aac9d1608a4bca20678e1e817"
[2025-08-31 12:52:46.251 -03:00] [INF] [43] Jellyfin.Plugin.PlaybackReporting.EventMonitorEntryPoint: Processing playback tracker : "e28afc93d871e52abe50cba6ea9c415a191ec208-66ef7bd1c406421895b8c43a8ff9f32c-f426883aac9d1608a4bca20678e1e817"
[2025-08-31 12:53:16.260 -03:00] [INF] [43] Jellyfin.Plugin.PlaybackReporting.EventMonitorEntryPoint: Processing playback tracker : "e28afc93d871e52abe50cba6ea9c415a191ec208-66ef7bd1c406421895b8c43a8ff9f32c-f426883aac9d1608a4bca20678e1e817"
[2025-08-31 12:53:46.268 -03:00] [INF] [158] Jellyfin.Plugin.PlaybackReporting.EventMonitorEntryPoint: Processing playback tracker : "e28afc93d871e52abe50cba6ea9c415a191ec208-66ef7bd1c406421895b8c43a8ff9f32c-f426883aac9d1608a4bca20678e1e817"
[2025-08-31 12:54:16.286 -03:00] [INF] [158] Jellyfin.Plugin.PlaybackReporting.EventMonitorEntryPoint: Processing playback tracker : "e28afc93d871e52abe50cba6ea9c415a191ec208-66ef7bd1c406421895b8c43a8ff9f32c-f426883aac9d1608a4bca20678e1e817"
[2025-08-31 12:54:46.290 -03:00] [INF] [142] Jellyfin.Plugin.PlaybackReporting.EventMonitorEntryPoint: Processing playback tracker : "e28afc93d871e52abe50cba6ea9c415a191ec208-66ef7bd1c406421895b8c43a8ff9f32c-f426883aac9d1608a4bca20678e1e817"
[2025-08-31 12:55:16.300 -03:00] [INF] [43] Jellyfin.Plugin.PlaybackReporting.EventMonitorEntryPoint: Processing playback tracker : "e28afc93d871e52abe50cba6ea9c415a191ec208-66ef7bd1c406421895b8c43a8ff9f32c-f426883aac9d1608a4bca20678e1e817"
[2025-08-31 12:55:46.310 -03:00] [INF] [142] Jellyfin.Plugin.PlaybackReporting.EventMonitorEntryPoint: Processing playback tracker : "e28afc93d871e52abe50cba6ea9c415a191ec208-66ef7bd1c406421895b8c43a8ff9f32c-f426883aac9d1608a4bca20678e1e817"
[2025-08-31 12:56:16.320 -03:00] [INF] [158] Jellyfin.Plugin.PlaybackReporting.EventMonitorEntryPoint: Processing playback tracker : "e28afc93d871e52abe50cba6ea9c415a191ec208-66ef7bd1c406421895b8c43a8ff9f32c-f426883aac9d1608a4bca20678e1e817"
[2025-08-31 12:56:46.331 -03:00] [INF] [158] Jellyfin.Plugin.PlaybackReporting.EventMonitorEntryPoint: Processing playback tracker : "e28afc93d871e52abe50cba6ea9c415a191ec208-66ef7bd1c406421895b8c43a8ff9f32c-f426883aac9d1608a4bca20678e1e817"
[2025-08-31 12:57:16.349 -03:00] [INF] [142] Jellyfin.Plugin.PlaybackReporting.EventMonitorEntryPoint: Processing playback tracker : "e28afc93d871e52abe50cba6ea9c415a191ec208-66ef7bd1c406421895b8c43a8ff9f32c-f426883aac9d1608a4bca20678e1e817"
[2025-08-31 12:57:46.355 -03:00] [INF] [56] Jellyfin.Plugin.PlaybackReporting.EventMonitorEntryPoint: Processing playback tracker : "e28afc93d871e52abe50cba6ea9c415a191ec208-66ef7bd1c406421895b8c43a8ff9f32c-f426883aac9d1608a4bca20678e1e817"
[2025-08-31 12:58:16.362 -03:00] [INF] [56] Jellyfin.Plugin.PlaybackReporting.EventMonitorEntryPoint: Processing playback tracker : "e28afc93d871e52abe50cba6ea9c415a191ec208-66ef7bd1c406421895b8c43a8ff9f32c-f426883aac9d1608a4bca20678e1e817"
[2025-08-31 12:58:46.375 -03:00] [INF] [43] Jellyfin.Plugin.PlaybackReporting.EventMonitorEntryPoint: Processing playback tracker : "e28afc93d871e52abe50cba6ea9c415a191ec208-66ef7bd1c406421895b8c43a8ff9f32c-f426883aac9d1608a4bca20678e1e817"
[2025-08-31 12:59:16.385 -03:00] [INF] [10] Jellyfin.Plugin.PlaybackReporting.EventMonitorEntryPoint: Processing playback tracker : "e28afc93d871e52abe50cba6ea9c415a191ec208-66ef7bd1c406421895b8c43a8ff9f32c-f426883aac9d1608a4bca20678e1e817"
[2025-08-31 12:59:46.392 -03:00] [INF] [142] Jellyfin.Plugin.PlaybackReporting.EventMonitorEntryPoint: Processing playback tracker : "e28afc93d871e52abe50cba6ea9c415a191ec208-66ef7bd1c406421895b8c43a8ff9f32c-f426883aac9d1608a4bca20678e1e817"
[2025-08-31 13:00:16.411 -03:00] [INF] [10] Jellyfin.Plugin.PlaybackReporting.EventMonitorEntryPoint: Processing playback tracker : "e28afc93d871e52abe50cba6ea9c415a191ec208-66ef7bd1c406421895b8c43a8ff9f32c-f426883aac9d1608a4bca20678e1e817"
[2025-08-31 13:00:46.419 -03:00] [INF] [10] Jellyfin.Plugin.PlaybackReporting.EventMonitorEntryPoint: Processing playback tracker : "e28afc93d871e52abe50cba6ea9c415a191ec208-66ef7bd1c406421895b8c43a8ff9f32c-f426883aac9d1608a4bca20678e1e817"
[2025-08-31 13:01:16.450 -03:00] [INF] [43] Jellyfin.Plugin.PlaybackReporting.EventMonitorEntryPoint: Processing playback tracker : "e28afc93d871e52abe50cba6ea9c415a191ec208-66ef7bd1c406421895b8c43a8ff9f32c-f426883aac9d1608a4bca20678e1e817"
[2025-08-31 13:01:46.442 -03:00] [INF] [43] Jellyfin.Plugin.PlaybackReporting.EventMonitorEntryPoint: Processing playback tracker : "e28afc93d871e52abe50cba6ea9c415a191ec208-66ef7bd1c406421895b8c43a8ff9f32c-f426883aac9d1608a4bca20678e1e817"
[2025-08-31 13:02:16.451 -03:00] [INF] [142] Jellyfin.Plugin.PlaybackReporting.EventMonitorEntryPoint: Processing playback tracker : "e28afc93d871e52abe50cba6ea9c415a191ec208-66ef7bd1c406421895b8c43a8ff9f32c-f426883aac9d1608a4bca20678e1e817"
[2025-08-31 13:02:46.463 -03:00] [INF] [10] Jellyfin.Plugin.PlaybackReporting.EventMonitorEntryPoint: Processing playback tracker : "e28afc93d871e52abe50cba6ea9c415a191ec208-66ef7bd1c406421895b8c43a8ff9f32c-f426883aac9d1608a4bca20678e1e817"
[2025-08-31 13:03:16.482 -03:00] [INF] [23] Jellyfin.Plugin.PlaybackReporting.EventMonitorEntryPoint: Processing playback tracker : "e28afc93d871e52abe50cba6ea9c415a191ec208-66ef7bd1c406421895b8c43a8ff9f32c-f426883aac9d1608a4bca20678e1e817"
[2025-08-31 13:03:46.492 -03:00] [INF] [23] Jellyfin.Plugin.PlaybackReporting.EventMonitorEntryPoint: Processing playback tracker : "e28afc93d871e52abe50cba6ea9c415a191ec208-66ef7bd1c406421895b8c43a8ff9f32c-f426883aac9d1608a4bca20678e1e817"
[2025-08-31 13:04:16.502 -03:00] [INF] [71] Jellyfin.Plugin.PlaybackReporting.EventMonitorEntryPoint: Processing playback tracker : "e28afc93d871e52abe50cba6ea9c415a191ec208-66ef7bd1c406421895b8c43a8ff9f32c-f426883aac9d1608a4bca20678e1e817"
[2025-08-31 13:04:46.511 -03:00] [INF] [23] Jellyfin.Plugin.PlaybackReporting.EventMonitorEntryPoint: Processing playback tracker : "e28afc93d871e52abe50cba6ea9c415a191ec208-66ef7bd1c406421895b8c43a8ff9f32c-f426883aac9d1608a4bca20678e1e817"
[2025-08-31 13:05:16.521 -03:00] [INF] [23] Jellyfin.Plugin.PlaybackReporting.EventMonitorEntryPoint: Processing playback tracker : "e28afc93d871e52abe50cba6ea9c415a191ec208-66ef7bd1c406421895b8c43a8ff9f32c-f426883aac9d1608a4bca20678e1e817"
[2025-08-31 13:05:46.531 -03:00] [INF] [43] Jellyfin.Plugin.PlaybackReporting.EventMonitorEntryPoint: Processing playback tracker : "e28afc93d871e52abe50cba6ea9c415a191ec208-66ef7bd1c406421895b8c43a8ff9f32c-f426883aac9d1608a4bca20678e1e817"
[2025-08-31 13:06:16.546 -03:00] [INF] [23] Jellyfin.Plugin.PlaybackReporting.EventMonitorEntryPoint: Processing playback tracker : "e28afc93d871e52abe50cba6ea9c415a191ec208-66ef7bd1c406421895b8c43a8ff9f32c-f426883aac9d1608a4bca20678e1e817"
[2025-08-31 13:06:46.553 -03:00] [INF] [43] Jellyfin.Plugin.PlaybackReporting.EventMonitorEntryPoint: Processing playback tracker : "e28afc93d871e52abe50cba6ea9c415a191ec208-66ef7bd1c406421895b8c43a8ff9f32c-f426883aac9d1608a4bca20678e1e817"
[2025-08-31 13:07:16.580 -03:00] [INF] [23] Jellyfin.Plugin.PlaybackReporting.EventMonitorEntryPoint: Processing playback tracker : "e28afc93d871e52abe50cba6ea9c415a191ec208-66ef7bd1c406421895b8c43a8ff9f32c-f426883aac9d1608a4bca20678e1e817"
[2025-08-31 13:07:46.577 -03:00] [INF] [23] Jellyfin.Plugin.PlaybackReporting.EventMonitorEntryPoint: Processing playback tracker : "e28afc93d871e52abe50cba6ea9c415a191ec208-66ef7bd1c406421895b8c43a8ff9f32c-f426883aac9d1608a4bca20678e1e817"
[2025-08-31 13:08:16.589 -03:00] [INF] [10] Jellyfin.Plugin.PlaybackReporting.EventMonitorEntryPoint: Processing playback tracker : "e28afc93d871e52abe50cba6ea9c415a191ec208-66ef7bd1c406421895b8c43a8ff9f32c-f426883aac9d1608a4bca20678e1e817"
[2025-08-31 13:08:46.602 -03:00] [INF] [23] Jellyfin.Plugin.PlaybackReporting.EventMonitorEntryPoint: Processing playback tracker : "e28afc93d871e52abe50cba6ea9c415a191ec208-66ef7bd1c406421895b8c43a8ff9f32c-f426883aac9d1608a4bca20678e1e817"
[2025-08-31 13:09:16.611 -03:00] [INF] [71] Jellyfin.Plugin.PlaybackReporting.EventMonitorEntryPoint: Processing playback tracker : "e28afc93d871e52abe50cba6ea9c415a191ec208-66ef7bd1c406421895b8c43a8ff9f32c-f426883aac9d1608a4bca20678e1e817"
[2025-08-31 13:09:46.617 -03:00] [INF] [23] Jellyfin.Plugin.PlaybackReporting.EventMonitorEntryPoint: Processing playback tracker : "e28afc93d871e52abe50cba6ea9c415a191ec208-66ef7bd1c406421895b8c43a8ff9f32c-f426883aac9d1608a4bca20678e1e817"
[2025-08-31 13:10:16.631 -03:00] [INF] [71] Jellyfin.Plugin.PlaybackReporting.EventMonitorEntryPoint: Processing playback tracker : "e28afc93d871e52abe50cba6ea9c415a191ec208-66ef7bd1c406421895b8c43a8ff9f32c-f426883aac9d1608a4bca20678e1e817"
[2025-08-31 13:10:46.639 -03:00] [INF] [10] Jellyfin.Plugin.PlaybackReporting.EventMonitorEntryPoint: Processing playback tracker : "e28afc93d871e52abe50cba6ea9c415a191ec208-66ef7bd1c406421895b8c43a8ff9f32c-f426883aac9d1608a4bca20678e1e817"
[2025-08-31 13:11:16.652 -03:00] [INF] [23] Jellyfin.Plugin.PlaybackReporting.EventMonitorEntryPoint: Processing playback tracker : "e28afc93d871e52abe50cba6ea9c415a191ec208-66ef7bd1c406421895b8c43a8ff9f32c-f426883aac9d1608a4bca20678e1e817"
[2025-08-31 13:11:46.659 -03:00] [INF] [23] Jellyfin.Plugin.PlaybackReporting.EventMonitorEntryPoint: Processing playback tracker : "e28afc93d871e52abe50cba6ea9c415a191ec208-66ef7bd1c406421895b8c43a8ff9f32c-f426883aac9d1608a4bca20678e1e817"
[2025-08-31 13:12:16.682 -03:00] [INF] [71] Jellyfin.Plugin.PlaybackReporting.EventMonitorEntryPoint: Processing playback tracker : "e28afc93d871e52abe50cba6ea9c415a191ec208-66ef7bd1c406421895b8c43a8ff9f32c-f426883aac9d1608a4bca20678e1e817"
[2025-08-31 13:12:46.690 -03:00] [INF] [142] Jellyfin.Plugin.PlaybackReporting.EventMonitorEntryPoint: Processing playback tracker : "e28afc93d871e52abe50cba6ea9c415a191ec208-66ef7bd1c406421895b8c43a8ff9f32c-f426883aac9d1608a4bca20678e1e817"
[2025-08-31 13:13:16.701 -03:00] [INF] [10] Jellyfin.Plugin.PlaybackReporting.EventMonitorEntryPoint: Processing playback tracker : "e28afc93d871e52abe50cba6ea9c415a191ec208-66ef7bd1c406421895b8c43a8ff9f32c-f426883aac9d1608a4bca20678e1e817"
[2025-08-31 13:13:46.708 -03:00] [INF] [142] Jellyfin.Plugin.PlaybackReporting.EventMonitorEntryPoint: Processing playback tracker : "e28afc93d871e52abe50cba6ea9c415a191ec208-66ef7bd1c406421895b8c43a8ff9f32c-f426883aac9d1608a4bca20678e1e817"
[2025-08-31 13:14:16.719 -03:00] [INF] [142] Jellyfin.Plugin.PlaybackReporting.EventMonitorEntryPoint: Processing playback tracker : "e28afc93d871e52abe50cba6ea9c415a191ec208-66ef7bd1c406421895b8c43a8ff9f32c-f426883aac9d1608a4bca20678e1e817"
[2025-08-31 13:14:46.748 -03:00] [INF] [10] Jellyfin.Plugin.PlaybackReporting.EventMonitorEntryPoint: Processing playback tracker : "e28afc93d871e52abe50cba6ea9c415a191ec208-66ef7bd1c406421895b8c43a8ff9f32c-f426883aac9d1608a4bca20678e1e817"
[2025-08-31 13:15:16.739 -03:00] [INF] [23] Jellyfin.Plugin.PlaybackReporting.EventMonitorEntryPoint: Processing playback tracker : "e28afc93d871e52abe50cba6ea9c415a191ec208-66ef7bd1c406421895b8c43a8ff9f32c-f426883aac9d1608a4bca20678e1e817"
[2025-08-31 13:15:46.748 -03:00] [INF] [10] Jellyfin.Plugin.PlaybackReporting.EventMonitorEntryPoint: Processing playback tracker : "e28afc93d871e52abe50cba6ea9c415a191ec208-66ef7bd1c406421895b8c43a8ff9f32c-f426883aac9d1608a4bca20678e1e817"
[2025-08-31 13:16:16.753 -03:00] [INF] [153] Jellyfin.Plugin.PlaybackReporting.EventMonitorEntryPoint: Processing playback tracker : "e28afc93d871e52abe50cba6ea9c415a191ec208-66ef7bd1c406421895b8c43a8ff9f32c-f426883aac9d1608a4bca20678e1e817"
[2025-08-31 13:16:46.764 -03:00] [INF] [23] Jellyfin.Plugin.PlaybackReporting.EventMonitorEntryPoint: Processing playback tracker : "e28afc93d871e52abe50cba6ea9c415a191ec208-66ef7bd1c406421895b8c43a8ff9f32c-f426883aac9d1608a4bca20678e1e817"
[2025-08-31 13:17:16.780 -03:00] [INF] [153] Jellyfin.Plugin.PlaybackReporting.EventMonitorEntryPoint: Processing playback tracker : "e28afc93d871e52abe50cba6ea9c415a191ec208-66ef7bd1c406421895b8c43a8ff9f32c-f426883aac9d1608a4bca20678e1e817"
[2025-08-31 13:17:46.805 -03:00] [INF] [56] Jellyfin.Plugin.PlaybackReporting.EventMonitorEntryPoint: Processing playback tracker : "e28afc93d871e52abe50cba6ea9c415a191ec208-66ef7bd1c406421895b8c43a8ff9f32c-f426883aac9d1608a4bca20678e1e817"
[2025-08-31 13:18:16.804 -03:00] [INF] [23] Jellyfin.Plugin.PlaybackReporting.EventMonitorEntryPoint: Processing playback tracker : "e28afc93d871e52abe50cba6ea9c415a191ec208-66ef7bd1c406421895b8c43a8ff9f32c-f426883aac9d1608a4bca20678e1e817"
[2025-08-31 13:18:46.839 -03:00] [INF] [153] Jellyfin.Plugin.PlaybackReporting.EventMonitorEntryPoint: Processing playback tracker : "e28afc93d871e52abe50cba6ea9c415a191ec208-66ef7bd1c406421895b8c43a8ff9f32c-f426883aac9d1608a4bca20678e1e817"
[2025-08-31 13:19:16.823 -03:00] [INF] [153] Jellyfin.Plugin.PlaybackReporting.EventMonitorEntryPoint: Processing playback tracker : "e28afc93d871e52abe50cba6ea9c415a191ec208-66ef7bd1c406421895b8c43a8ff9f32c-f426883aac9d1608a4bca20678e1e817"
[2025-08-31 13:19:46.838 -03:00] [INF] [153] Jellyfin.Plugin.PlaybackReporting.EventMonitorEntryPoint: Processing playback tracker : "e28afc93d871e52abe50cba6ea9c415a191ec208-66ef7bd1c406421895b8c43a8ff9f32c-f426883aac9d1608a4bca20678e1e817"
[2025-08-31 13:20:16.843 -03:00] [INF] [153] Jellyfin.Plugin.PlaybackReporting.EventMonitorEntryPoint: Processing playback tracker : "e28afc93d871e52abe50cba6ea9c415a191ec208-66ef7bd1c406421895b8c43a8ff9f32c-f426883aac9d1608a4bca20678e1e817"
[2025-08-31 13:20:46.854 -03:00] [INF] [153] Jellyfin.Plugin.PlaybackReporting.EventMonitorEntryPoint: Processing playback tracker : "e28afc93d871e52abe50cba6ea9c415a191ec208-66ef7bd1c406421895b8c43a8ff9f32c-f426883aac9d1608a4bca20678e1e817"
[2025-08-31 13:21:16.867 -03:00] [INF] [153] Jellyfin.Plugin.PlaybackReporting.EventMonitorEntryPoint: Processing playback tracker : "e28afc93d871e52abe50cba6ea9c415a191ec208-66ef7bd1c406421895b8c43a8ff9f32c-f426883aac9d1608a4bca20678e1e817"
[2025-08-31 13:21:46.869 -03:00] [INF] [23] Jellyfin.Plugin.PlaybackReporting.EventMonitorEntryPoint: Processing playback tracker : "e28afc93d871e52abe50cba6ea9c415a191ec208-66ef7bd1c406421895b8c43a8ff9f32c-f426883aac9d1608a4bca20678e1e817"
[2025-08-31 13:22:16.885 -03:00] [INF] [71] Jellyfin.Plugin.PlaybackReporting.EventMonitorEntryPoint: Processing playback tracker : "e28afc93d871e52abe50cba6ea9c415a191ec208-66ef7bd1c406421895b8c43a8ff9f32c-f426883aac9d1608a4bca20678e1e817"
[2025-08-31 13:22:46.899 -03:00] [INF] [43] Jellyfin.Plugin.PlaybackReporting.EventMonitorEntryPoint: Processing playback tracker : "e28afc93d871e52abe50cba6ea9c415a191ec208-66ef7bd1c406421895b8c43a8ff9f32c-f426883aac9d1608a4bca20678e1e817"
[2025-08-31 13:23:16.908 -03:00] [INF] [56] Jellyfin.Plugin.PlaybackReporting.EventMonitorEntryPoint: Processing playback tracker : "e28afc93d871e52abe50cba6ea9c415a191ec208-66ef7bd1c406421895b8c43a8ff9f32c-f426883aac9d1608a4bca20678e1e817"
[2025-08-31 13:23:46.915 -03:00] [INF] [43] Jellyfin.Plugin.PlaybackReporting.EventMonitorEntryPoint: Processing playback tracker : "e28afc93d871e52abe50cba6ea9c415a191ec208-66ef7bd1c406421895b8c43a8ff9f32c-f426883aac9d1608a4bca20678e1e817"
[2025-08-31 13:24:16.929 -03:00] [INF] [56] Jellyfin.Plugin.PlaybackReporting.EventMonitorEntryPoint: Processing playback tracker : "e28afc93d871e52abe50cba6ea9c415a191ec208-66ef7bd1c406421895b8c43a8ff9f32c-f426883aac9d1608a4bca20678e1e817"
[2025-08-31 13:24:46.947 -03:00] [INF] [43] Jellyfin.Plugin.PlaybackReporting.EventMonitorEntryPoint: Processing playback tracker : "e28afc93d871e52abe50cba6ea9c415a191ec208-66ef7bd1c406421895b8c43a8ff9f32c-f426883aac9d1608a4bca20678e1e817"
[2025-08-31 13:25:16.940 -03:00] [INF] [43] Jellyfin.Plugin.PlaybackReporting.EventMonitorEntryPoint: Processing playback tracker : "e28afc93d871e52abe50cba6ea9c415a191ec208-66ef7bd1c406421895b8c43a8ff9f32c-f426883aac9d1608a4bca20678e1e817"
[2025-08-31 13:25:46.952 -03:00] [INF] [43] Jellyfin.Plugin.PlaybackReporting.EventMonitorEntryPoint: Processing playback tracker : "e28afc93d871e52abe50cba6ea9c415a191ec208-66ef7bd1c406421895b8c43a8ff9f32c-f426883aac9d1608a4bca20678e1e817"
[2025-08-31 13:26:16.963 -03:00] [INF] [43] Jellyfin.Plugin.PlaybackReporting.EventMonitorEntryPoint: Processing playback tracker : "e28afc93d871e52abe50cba6ea9c415a191ec208-66ef7bd1c406421895b8c43a8ff9f32c-f426883aac9d1608a4bca20678e1e817"
[2025-08-31 13:26:46.969 -03:00] [INF] [56] Jellyfin.Plugin.PlaybackReporting.EventMonitorEntryPoint: Processing playback tracker : "e28afc93d871e52abe50cba6ea9c415a191ec208-66ef7bd1c406421895b8c43a8ff9f32c-f426883aac9d1608a4bca20678e1e817"
[2025-08-31 13:27:16.986 -03:00] [INF] [56] Jellyfin.Plugin.PlaybackReporting.EventMonitorEntryPoint: Processing playback tracker : "e28afc93d871e52abe50cba6ea9c415a191ec208-66ef7bd1c406421895b8c43a8ff9f32c-f426883aac9d1608a4bca20678e1e817"
[2025-08-31 13:27:46.993 -03:00] [INF] [71] Jellyfin.Plugin.PlaybackReporting.EventMonitorEntryPoint: Processing playback tracker : "e28afc93d871e52abe50cba6ea9c415a191ec208-66ef7bd1c406421895b8c43a8ff9f32c-f426883aac9d1608a4bca20678e1e817"
[2025-08-31 13:28:16.994 -03:00] [INF] [43] Jellyfin.Plugin.PlaybackReporting.EventMonitorEntryPoint: Processing playback tracker : "e28afc93d871e52abe50cba6ea9c415a191ec208-66ef7bd1c406421895b8c43a8ff9f32c-f426883aac9d1608a4bca20678e1e817"
[2025-08-31 13:28:47.010 -03:00] [INF] [71] Jellyfin.Plugin.PlaybackReporting.EventMonitorEntryPoint: Processing playback tracker : "e28afc93d871e52abe50cba6ea9c415a191ec208-66ef7bd1c406421895b8c43a8ff9f32c-f426883aac9d1608a4bca20678e1e817"
[2025-08-31 13:29:17.029 -03:00] [INF] [153] Jellyfin.Plugin.PlaybackReporting.EventMonitorEntryPoint: Processing playback tracker : "e28afc93d871e52abe50cba6ea9c415a191ec208-66ef7bd1c406421895b8c43a8ff9f32c-f426883aac9d1608a4bca20678e1e817"
[2025-08-31 13:29:47.032 -03:00] [INF] [158] Jellyfin.Plugin.PlaybackReporting.EventMonitorEntryPoint: Processing playback tracker : "e28afc93d871e52abe50cba6ea9c415a191ec208-66ef7bd1c406421895b8c43a8ff9f32c-f426883aac9d1608a4bca20678e1e817"
[2025-08-31 13:30:17.047 -03:00] [INF] [158] Jellyfin.Plugin.PlaybackReporting.EventMonitorEntryPoint: Processing playback tracker : "e28afc93d871e52abe50cba6ea9c415a191ec208-66ef7bd1c406421895b8c43a8ff9f32c-f426883aac9d1608a4bca20678e1e817"
[2025-08-31 13:30:47.053 -03:00] [INF] [71] Jellyfin.Plugin.PlaybackReporting.EventMonitorEntryPoint: Processing playback tracker : "e28afc93d871e52abe50cba6ea9c415a191ec208-66ef7bd1c406421895b8c43a8ff9f32c-f426883aac9d1608a4bca20678e1e817"
[2025-08-31 13:31:17.064 -03:00] [INF] [71] Jellyfin.Plugin.PlaybackReporting.EventMonitorEntryPoint: Processing playback tracker : "e28afc93d871e52abe50cba6ea9c415a191ec208-66ef7bd1c406421895b8c43a8ff9f32c-f426883aac9d1608a4bca20678e1e817"
[2025-08-31 13:31:47.073 -03:00] [INF] [71] Jellyfin.Plugin.PlaybackReporting.EventMonitorEntryPoint: Processing playback tracker : "e28afc93d871e52abe50cba6ea9c415a191ec208-66ef7bd1c406421895b8c43a8ff9f32c-f426883aac9d1608a4bca20678e1e817"
[2025-08-31 13:32:17.086 -03:00] [INF] [71] Jellyfin.Plugin.PlaybackReporting.EventMonitorEntryPoint: Processing playback tracker : "e28afc93d871e52abe50cba6ea9c415a191ec208-66ef7bd1c406421895b8c43a8ff9f32c-f426883aac9d1608a4bca20678e1e817"
[2025-08-31 13:32:47.125 -03:00] [INF] [43] Jellyfin.Plugin.PlaybackReporting.EventMonitorEntryPoint: Processing playback tracker : "e28afc93d871e52abe50cba6ea9c415a191ec208-66ef7bd1c406421895b8c43a8ff9f32c-f426883aac9d1608a4bca20678e1e817"
[2025-08-31 13:33:17.132 -03:00] [INF] [97] Jellyfin.Plugin.PlaybackReporting.EventMonitorEntryPoint: Processing playback tracker : "e28afc93d871e52abe50cba6ea9c415a191ec208-66ef7bd1c406421895b8c43a8ff9f32c-f426883aac9d1608a4bca20678e1e817"
[2025-08-31 13:33:47.141 -03:00] [INF] [97] Jellyfin.Plugin.PlaybackReporting.EventMonitorEntryPoint: Processing playback tracker : "e28afc93d871e52abe50cba6ea9c415a191ec208-66ef7bd1c406421895b8c43a8ff9f32c-f426883aac9d1608a4bca20678e1e817"
[2025-08-31 13:34:17.151 -03:00] [INF] [71] Jellyfin.Plugin.PlaybackReporting.EventMonitorEntryPoint: Processing playback tracker : "e28afc93d871e52abe50cba6ea9c415a191ec208-66ef7bd1c406421895b8c43a8ff9f32c-f426883aac9d1608a4bca20678e1e817"
[2025-08-31 13:34:47.158 -03:00] [INF] [43] Jellyfin.Plugin.PlaybackReporting.EventMonitorEntryPoint: Processing playback tracker : "e28afc93d871e52abe50cba6ea9c415a191ec208-66ef7bd1c406421895b8c43a8ff9f32c-f426883aac9d1608a4bca20678e1e817"
[2025-08-31 13:35:17.176 -03:00] [INF] [71] Jellyfin.Plugin.PlaybackReporting.EventMonitorEntryPoint: Processing playback tracker : "e28afc93d871e52abe50cba6ea9c415a191ec208-66ef7bd1c406421895b8c43a8ff9f32c-f426883aac9d1608a4bca20678e1e817"
[2025-08-31 13:35:47.192 -03:00] [INF] [71] Jellyfin.Plugin.PlaybackReporting.EventMonitorEntryPoint: Processing playback tracker : "e28afc93d871e52abe50cba6ea9c415a191ec208-66ef7bd1c406421895b8c43a8ff9f32c-f426883aac9d1608a4bca20678e1e817"
[2025-08-31 13:36:17.195 -03:00] [INF] [43] Jellyfin.Plugin.PlaybackReporting.EventMonitorEntryPoint: Processing playback tracker : "e28afc93d871e52abe50cba6ea9c415a191ec208-66ef7bd1c406421895b8c43a8ff9f32c-f426883aac9d1608a4bca20678e1e817"
[2025-08-31 13:36:47.201 -03:00] [INF] [43] Jellyfin.Plugin.PlaybackReporting.EventMonitorEntryPoint: Processing playback tracker : "e28afc93d871e52abe50cba6ea9c415a191ec208-66ef7bd1c406421895b8c43a8ff9f32c-f426883aac9d1608a4bca20678e1e817"
[2025-08-31 13:37:17.209 -03:00] [INF] [71] Jellyfin.Plugin.PlaybackReporting.EventMonitorEntryPoint: Processing playback tracker : "e28afc93d871e52abe50cba6ea9c415a191ec208-66ef7bd1c406421895b8c43a8ff9f32c-f426883aac9d1608a4bca20678e1e817"
[2025-08-31 13:37:47.225 -03:00] [INF] [71] Jellyfin.Plugin.PlaybackReporting.EventMonitorEntryPoint: Processing playback tracker : "e28afc93d871e52abe50cba6ea9c415a191ec208-66ef7bd1c406421895b8c43a8ff9f32c-f426883aac9d1608a4bca20678e1e817"
[2025-08-31 13:38:17.232 -03:00] [INF] [97] Jellyfin.Plugin.PlaybackReporting.EventMonitorEntryPoint: Processing playback tracker : "e28afc93d871e52abe50cba6ea9c415a191ec208-66ef7bd1c406421895b8c43a8ff9f32c-f426883aac9d1608a4bca20678e1e817"
[2025-08-31 13:38:47.241 -03:00] [INF] [71] Jellyfin.Plugin.PlaybackReporting.EventMonitorEntryPoint: Processing playback tracker : "e28afc93d871e52abe50cba6ea9c415a191ec208-66ef7bd1c406421895b8c43a8ff9f32c-f426883aac9d1608a4bca20678e1e817"
[2025-08-31 13:39:17.268 -03:00] [INF] [43] Jellyfin.Plugin.PlaybackReporting.EventMonitorEntryPoint: Processing playback tracker : "e28afc93d871e52abe50cba6ea9c415a191ec208-66ef7bd1c406421895b8c43a8ff9f32c-f426883aac9d1608a4bca20678e1e817"
[2025-08-31 13:39:47.261 -03:00] [INF] [71] Jellyfin.Plugin.PlaybackReporting.EventMonitorEntryPoint: Processing playback tracker : "e28afc93d871e52abe50cba6ea9c415a191ec208-66ef7bd1c406421895b8c43a8ff9f32c-f426883aac9d1608a4bca20678e1e817"
[2025-08-31 13:40:17.270 -03:00] [INF] [71] Jellyfin.Plugin.PlaybackReporting.EventMonitorEntryPoint: Processing playback tracker : "e28afc93d871e52abe50cba6ea9c415a191ec208-66ef7bd1c406421895b8c43a8ff9f32c-f426883aac9d1608a4bca20678e1e817"
[2025-08-31 13:40:47.281 -03:00] [INF] [97] Jellyfin.Plugin.PlaybackReporting.EventMonitorEntryPoint: Processing playback tracker : "e28afc93d871e52abe50cba6ea9c415a191ec208-66ef7bd1c406421895b8c43a8ff9f32c-f426883aac9d1608a4bca20678e1e817"
[2025-08-31 13:41:17.290 -03:00] [INF] [97] Jellyfin.Plugin.PlaybackReporting.EventMonitorEntryPoint: Processing playback tracker : "e28afc93d871e52abe50cba6ea9c415a191ec208-66ef7bd1c406421895b8c43a8ff9f32c-f426883aac9d1608a4bca20678e1e817"
[2025-08-31 13:41:47.300 -03:00] [INF] [97] Jellyfin.Plugin.PlaybackReporting.EventMonitorEntryPoint: Processing playback tracker : "e28afc93d871e52abe50cba6ea9c415a191ec208-66ef7bd1c406421895b8c43a8ff9f32c-f426883aac9d1608a4bca20678e1e817"
[2025-08-31 13:42:17.312 -03:00] [INF] [71] Jellyfin.Plugin.PlaybackReporting.EventMonitorEntryPoint: Processing playback tracker : "e28afc93d871e52abe50cba6ea9c415a191ec208-66ef7bd1c406421895b8c43a8ff9f32c-f426883aac9d1608a4bca20678e1e817"
[2025-08-31 13:42:47.322 -03:00] [INF] [97] Jellyfin.Plugin.PlaybackReporting.EventMonitorEntryPoint: Processing playback tracker : "e28afc93d871e52abe50cba6ea9c415a191ec208-66ef7bd1c406421895b8c43a8ff9f32c-f426883aac9d1608a4bca20678e1e817"
[2025-08-31 13:43:17.327 -03:00] [INF] [71] Jellyfin.Plugin.PlaybackReporting.EventMonitorEntryPoint: Processing playback tracker : "e28afc93d871e52abe50cba6ea9c415a191ec208-66ef7bd1c406421895b8c43a8ff9f32c-f426883aac9d1608a4bca20678e1e817"
[2025-08-31 13:43:47.333 -03:00] [INF] [43] Jellyfin.Plugin.PlaybackReporting.EventMonitorEntryPoint: Processing playback tracker : "e28afc93d871e52abe50cba6ea9c415a191ec208-66ef7bd1c406421895b8c43a8ff9f32c-f426883aac9d1608a4bca20678e1e817"
[2025-08-31 13:44:17.346 -03:00] [INF] [97] Jellyfin.Plugin.PlaybackReporting.EventMonitorEntryPoint: Processing playback tracker : "e28afc93d871e52abe50cba6ea9c415a191ec208-66ef7bd1c406421895b8c43a8ff9f32c-f426883aac9d1608a4bca20678e1e817"
[2025-08-31 13:44:47.352 -03:00] [INF] [43] Jellyfin.Plugin.PlaybackReporting.EventMonitorEntryPoint: Processing playback tracker : "e28afc93d871e52abe50cba6ea9c415a191ec208-66ef7bd1c406421895b8c43a8ff9f32c-f426883aac9d1608a4bca20678e1e817"
[2025-08-31 13:45:17.366 -03:00] [INF] [43] Jellyfin.Plugin.PlaybackReporting.EventMonitorEntryPoint: Processing playback tracker : "e28afc93d871e52abe50cba6ea9c415a191ec208-66ef7bd1c406421895b8c43a8ff9f32c-f426883aac9d1608a4bca20678e1e817"
[2025-08-31 13:45:47.369 -03:00] [INF] [43] Jellyfin.Plugin.PlaybackReporting.EventMonitorEntryPoint: Processing playback tracker : "e28afc93d871e52abe50cba6ea9c415a191ec208-66ef7bd1c406421895b8c43a8ff9f32c-f426883aac9d1608a4bca20678e1e817"
[2025-08-31 13:46:17.376 -03:00] [INF] [158] Jellyfin.Plugin.PlaybackReporting.EventMonitorEntryPoint: Processing playback tracker : "e28afc93d871e52abe50cba6ea9c415a191ec208-66ef7bd1c406421895b8c43a8ff9f32c-f426883aac9d1608a4bca20678e1e817"
[2025-08-31 13:46:47.389 -03:00] [INF] [56] Jellyfin.Plugin.PlaybackReporting.EventMonitorEntryPoint: Processing playback tracker : "e28afc93d871e52abe50cba6ea9c415a191ec208-66ef7bd1c406421895b8c43a8ff9f32c-f426883aac9d1608a4bca20678e1e817"
[2025-08-31 13:47:17.399 -03:00] [INF] [56] Jellyfin.Plugin.PlaybackReporting.EventMonitorEntryPoint: Processing playback tracker : "e28afc93d871e52abe50cba6ea9c415a191ec208-66ef7bd1c406421895b8c43a8ff9f32c-f426883aac9d1608a4bca20678e1e817"
[2025-08-31 13:47:47.407 -03:00] [INF] [56] Jellyfin.Plugin.PlaybackReporting.EventMonitorEntryPoint: Processing playback tracker : "e28afc93d871e52abe50cba6ea9c415a191ec208-66ef7bd1c406421895b8c43a8ff9f32c-f426883aac9d1608a4bca20678e1e817"
[2025-08-31 13:48:17.419 -03:00] [INF] [158] Jellyfin.Plugin.PlaybackReporting.EventMonitorEntryPoint: Processing playback tracker : "e28afc93d871e52abe50cba6ea9c415a191ec208-66ef7bd1c406421895b8c43a8ff9f32c-f426883aac9d1608a4bca20678e1e817"
[2025-08-31 13:48:47.422 -03:00] [INF] [158] Jellyfin.Plugin.PlaybackReporting.EventMonitorEntryPoint: Processing playback tracker : "e28afc93d871e52abe50cba6ea9c415a191ec208-66ef7bd1c406421895b8c43a8ff9f32c-f426883aac9d1608a4bca20678e1e817"
[2025-08-31 13:49:17.435 -03:00] [INF] [158] Jellyfin.Plugin.PlaybackReporting.EventMonitorEntryPoint: Processing playback tracker : "e28afc93d871e52abe50cba6ea9c415a191ec208-66ef7bd1c406421895b8c43a8ff9f32c-f426883aac9d1608a4bca20678e1e817"
[2025-08-31 13:49:47.446 -03:00] [INF] [142] Jellyfin.Plugin.PlaybackReporting.EventMonitorEntryPoint: Processing playback tracker : "e28afc93d871e52abe50cba6ea9c415a191ec208-66ef7bd1c406421895b8c43a8ff9f32c-f426883aac9d1608a4bca20678e1e817"
[2025-08-31 13:50:17.456 -03:00] [INF] [43] Jellyfin.Plugin.PlaybackReporting.EventMonitorEntryPoint: Processing playback tracker : "e28afc93d871e52abe50cba6ea9c415a191ec208-66ef7bd1c406421895b8c43a8ff9f32c-f426883aac9d1608a4bca20678e1e817"
[2025-08-31 13:50:47.462 -03:00] [INF] [43] Jellyfin.Plugin.PlaybackReporting.EventMonitorEntryPoint: Processing playback tracker : "e28afc93d871e52abe50cba6ea9c415a191ec208-66ef7bd1c406421895b8c43a8ff9f32c-f426883aac9d1608a4bca20678e1e817"
[2025-08-31 13:51:17.478 -03:00] [INF] [56] Jellyfin.Plugin.PlaybackReporting.EventMonitorEntryPoint: Processing playback tracker : "e28afc93d871e52abe50cba6ea9c415a191ec208-66ef7bd1c406421895b8c43a8ff9f32c-f426883aac9d1608a4bca20678e1e817"
[2025-08-31 13:51:47.487 -03:00] [INF] [43] Jellyfin.Plugin.PlaybackReporting.EventMonitorEntryPoint: Processing playback tracker : "e28afc93d871e52abe50cba6ea9c415a191ec208-66ef7bd1c406421895b8c43a8ff9f32c-f426883aac9d1608a4bca20678e1e817"
[2025-08-31 13:52:17.497 -03:00] [INF] [102] Jellyfin.Plugin.PlaybackReporting.EventMonitorEntryPoint: Processing playback tracker : "e28afc93d871e52abe50cba6ea9c415a191ec208-66ef7bd1c406421895b8c43a8ff9f32c-f426883aac9d1608a4bca20678e1e817"
[2025-08-31 13:52:47.503 -03:00] [INF] [43] Jellyfin.Plugin.PlaybackReporting.EventMonitorEntryPoint: Processing playback tracker : "e28afc93d871e52abe50cba6ea9c415a191ec208-66ef7bd1c406421895b8c43a8ff9f32c-f426883aac9d1608a4bca20678e1e817"
[2025-08-31 13:53:17.509 -03:00] [INF] [56] Jellyfin.Plugin.PlaybackReporting.EventMonitorEntryPoint: Processing playback tracker : "e28afc93d871e52abe50cba6ea9c415a191ec208-66ef7bd1c406421895b8c43a8ff9f32c-f426883aac9d1608a4bca20678e1e817"
[2025-08-31 13:53:47.521 -03:00] [INF] [56] Jellyfin.Plugin.PlaybackReporting.EventMonitorEntryPoint: Processing playback tracker : "e28afc93d871e52abe50cba6ea9c415a191ec208-66ef7bd1c406421895b8c43a8ff9f32c-f426883aac9d1608a4bca20678e1e817"
[2025-08-31 13:54:17.536 -03:00] [INF] [43] Jellyfin.Plugin.PlaybackReporting.EventMonitorEntryPoint: Processing playback tracker : "e28afc93d871e52abe50cba6ea9c415a191ec208-66ef7bd1c406421895b8c43a8ff9f32c-f426883aac9d1608a4bca20678e1e817"
[2025-08-31 13:54:47.536 -03:00] [INF] [56] Jellyfin.Plugin.PlaybackReporting.EventMonitorEntryPoint: Processing playback tracker : "e28afc93d871e52abe50cba6ea9c415a191ec208-66ef7bd1c406421895b8c43a8ff9f32c-f426883aac9d1608a4bca20678e1e817"
[2025-08-31 13:55:17.548 -03:00] [INF] [153] Jellyfin.Plugin.PlaybackReporting.EventMonitorEntryPoint: Processing playback tracker : "e28afc93d871e52abe50cba6ea9c415a191ec208-66ef7bd1c406421895b8c43a8ff9f32c-f426883aac9d1608a4bca20678e1e817"
[2025-08-31 13:55:47.558 -03:00] [INF] [153] Jellyfin.Plugin.PlaybackReporting.EventMonitorEntryPoint: Processing playback tracker : "e28afc93d871e52abe50cba6ea9c415a191ec208-66ef7bd1c406421895b8c43a8ff9f32c-f426883aac9d1608a4bca20678e1e817"
[2025-08-31 13:56:17.577 -03:00] [INF] [43] Jellyfin.Plugin.PlaybackReporting.EventMonitorEntryPoint: Processing playback tracker : "e28afc93d871e52abe50cba6ea9c415a191ec208-66ef7bd1c406421895b8c43a8ff9f32c-f426883aac9d1608a4bca20678e1e817"
[2025-08-31 13:56:47.588 -03:00] [INF] [153] Jellyfin.Plugin.PlaybackReporting.EventMonitorEntryPoint: Processing playback tracker : "e28afc93d871e52abe50cba6ea9c415a191ec208-66ef7bd1c406421895b8c43a8ff9f32c-f426883aac9d1608a4bca20678e1e817"
[2025-08-31 13:57:17.598 -03:00] [INF] [153] Jellyfin.Plugin.PlaybackReporting.EventMonitorEntryPoint: Processing playback tracker : "e28afc93d871e52abe50cba6ea9c415a191ec208-66ef7bd1c406421895b8c43a8ff9f32c-f426883aac9d1608a4bca20678e1e817"
[2025-08-31 13:57:47.603 -03:00] [INF] [174] Jellyfin.Plugin.PlaybackReporting.EventMonitorEntryPoint: Processing playback tracker : "e28afc93d871e52abe50cba6ea9c415a191ec208-66ef7bd1c406421895b8c43a8ff9f32c-f426883aac9d1608a4bca20678e1e817"
[2025-08-31 13:58:17.610 -03:00] [INF] [174] Jellyfin.Plugin.PlaybackReporting.EventMonitorEntryPoint: Processing playback tracker : "e28afc93d871e52abe50cba6ea9c415a191ec208-66ef7bd1c406421895b8c43a8ff9f32c-f426883aac9d1608a4bca20678e1e817"
[2025-08-31 13:58:47.625 -03:00] [INF] [142] Jellyfin.Plugin.PlaybackReporting.EventMonitorEntryPoint: Processing playback tracker : "e28afc93d871e52abe50cba6ea9c415a191ec208-66ef7bd1c406421895b8c43a8ff9f32c-f426883aac9d1608a4bca20678e1e817"
[2025-08-31 13:59:17.638 -03:00] [INF] [174] Jellyfin.Plugin.PlaybackReporting.EventMonitorEntryPoint: Processing playback tracker : "e28afc93d871e52abe50cba6ea9c415a191ec208-66ef7bd1c406421895b8c43a8ff9f32c-f426883aac9d1608a4bca20678e1e817"
[2025-08-31 13:59:47.653 -03:00] [INF] [174] Jellyfin.Plugin.PlaybackReporting.EventMonitorEntryPoint: Processing playback tracker : "e28afc93d871e52abe50cba6ea9c415a191ec208-66ef7bd1c406421895b8c43a8ff9f32c-f426883aac9d1608a4bca20678e1e817"
[2025-08-31 14:00:17.664 -03:00] [INF] [174] Jellyfin.Plugin.PlaybackReporting.EventMonitorEntryPoint: Processing playback tracker : "e28afc93d871e52abe50cba6ea9c415a191ec208-66ef7bd1c406421895b8c43a8ff9f32c-f426883aac9d1608a4bca20678e1e817"
[2025-08-31 14:00:47.671 -03:00] [INF] [153] Jellyfin.Plugin.PlaybackReporting.EventMonitorEntryPoint: Processing playback tracker : "e28afc93d871e52abe50cba6ea9c415a191ec208-66ef7bd1c406421895b8c43a8ff9f32c-f426883aac9d1608a4bca20678e1e817"
[2025-08-31 14:01:17.683 -03:00] [INF] [153] Jellyfin.Plugin.PlaybackReporting.EventMonitorEntryPoint: Processing playback tracker : "e28afc93d871e52abe50cba6ea9c415a191ec208-66ef7bd1c406421895b8c43a8ff9f32c-f426883aac9d1608a4bca20678e1e817"
[2025-08-31 14:01:47.689 -03:00] [INF] [142] Jellyfin.Plugin.PlaybackReporting.EventMonitorEntryPoint: Processing playback tracker : "e28afc93d871e52abe50cba6ea9c415a191ec208-66ef7bd1c406421895b8c43a8ff9f32c-f426883aac9d1608a4bca20678e1e817"
[2025-08-31 14:02:17.695 -03:00] [INF] [153] Jellyfin.Plugin.PlaybackReporting.EventMonitorEntryPoint: Processing playback tracker : "e28afc93d871e52abe50cba6ea9c415a191ec208-66ef7bd1c406421895b8c43a8ff9f32c-f426883aac9d1608a4bca20678e1e817"
[2025-08-31 14:02:47.710 -03:00] [INF] [142] Jellyfin.Plugin.PlaybackReporting.EventMonitorEntryPoint: Processing playback tracker : "e28afc93d871e52abe50cba6ea9c415a191ec208-66ef7bd1c406421895b8c43a8ff9f32c-f426883aac9d1608a4bca20678e1e817"
[2025-08-31 14:03:17.725 -03:00] [INF] [142] Jellyfin.Plugin.PlaybackReporting.EventMonitorEntryPoint: Processing playback tracker : "e28afc93d871e52abe50cba6ea9c415a191ec208-66ef7bd1c406421895b8c43a8ff9f32c-f426883aac9d1608a4bca20678e1e817"
[2025-08-31 14:03:47.730 -03:00] [INF] [56] Jellyfin.Plugin.PlaybackReporting.EventMonitorEntryPoint: Processing playback tracker : "e28afc93d871e52abe50cba6ea9c415a191ec208-66ef7bd1c406421895b8c43a8ff9f32c-f426883aac9d1608a4bca20678e1e817"
[2025-08-31 14:04:17.735 -03:00] [INF] [142] Jellyfin.Plugin.PlaybackReporting.EventMonitorEntryPoint: Processing playback tracker : "e28afc93d871e52abe50cba6ea9c415a191ec208-66ef7bd1c406421895b8c43a8ff9f32c-f426883aac9d1608a4bca20678e1e817"
[2025-08-31 14:04:47.745 -03:00] [INF] [97] Jellyfin.Plugin.PlaybackReporting.EventMonitorEntryPoint: Processing playback tracker : "e28afc93d871e52abe50cba6ea9c415a191ec208-66ef7bd1c406421895b8c43a8ff9f32c-f426883aac9d1608a4bca20678e1e817"
[2025-08-31 14:05:17.758 -03:00] [INF] [97] Jellyfin.Plugin.PlaybackReporting.EventMonitorEntryPoint: Processing playback tracker : "e28afc93d871e52abe50cba6ea9c415a191ec208-66ef7bd1c406421895b8c43a8ff9f32c-f426883aac9d1608a4bca20678e1e817"
[2025-08-31 14:05:47.762 -03:00] [INF] [142] Jellyfin.Plugin.PlaybackReporting.EventMonitorEntryPoint: Processing playback tracker : "e28afc93d871e52abe50cba6ea9c415a191ec208-66ef7bd1c406421895b8c43a8ff9f32c-f426883aac9d1608a4bca20678e1e817"
[2025-08-31 14:06:17.776 -03:00] [INF] [142] Jellyfin.Plugin.PlaybackReporting.EventMonitorEntryPoint: Processing playback tracker : "e28afc93d871e52abe50cba6ea9c415a191ec208-66ef7bd1c406421895b8c43a8ff9f32c-f426883aac9d1608a4bca20678e1e817"
[2025-08-31 14:06:47.787 -03:00] [INF] [142] Jellyfin.Plugin.PlaybackReporting.EventMonitorEntryPoint: Processing playback tracker : "e28afc93d871e52abe50cba6ea9c415a191ec208-66ef7bd1c406421895b8c43a8ff9f32c-f426883aac9d1608a4bca20678e1e817"
[2025-08-31 14:07:17.792 -03:00] [INF] [97] Jellyfin.Plugin.PlaybackReporting.EventMonitorEntryPoint: Processing playback tracker : "e28afc93d871e52abe50cba6ea9c415a191ec208-66ef7bd1c406421895b8c43a8ff9f32c-f426883aac9d1608a4bca20678e1e817"
[2025-08-31 14:07:47.802 -03:00] [INF] [43] Jellyfin.Plugin.PlaybackReporting.EventMonitorEntryPoint: Processing playback tracker : "e28afc93d871e52abe50cba6ea9c415a191ec208-66ef7bd1c406421895b8c43a8ff9f32c-f426883aac9d1608a4bca20678e1e817"
[2025-08-31 14:08:17.816 -03:00] [INF] [97] Jellyfin.Plugin.PlaybackReporting.EventMonitorEntryPoint: Processing playback tracker : "e28afc93d871e52abe50cba6ea9c415a191ec208-66ef7bd1c406421895b8c43a8ff9f32c-f426883aac9d1608a4bca20678e1e817"
[2025-08-31 14:08:47.820 -03:00] [INF] [56] Jellyfin.Plugin.PlaybackReporting.EventMonitorEntryPoint: Processing playback tracker : "e28afc93d871e52abe50cba6ea9c415a191ec208-66ef7bd1c406421895b8c43a8ff9f32c-f426883aac9d1608a4bca20678e1e817"
[2025-08-31 14:09:17.837 -03:00] [INF] [43] Jellyfin.Plugin.PlaybackReporting.EventMonitorEntryPoint: Processing playback tracker : "e28afc93d871e52abe50cba6ea9c415a191ec208-66ef7bd1c406421895b8c43a8ff9f32c-f426883aac9d1608a4bca20678e1e817"
[2025-08-31 14:09:47.848 -03:00] [INF] [43] Jellyfin.Plugin.PlaybackReporting.EventMonitorEntryPoint: Processing playback tracker : "e28afc93d871e52abe50cba6ea9c415a191ec208-66ef7bd1c406421895b8c43a8ff9f32c-f426883aac9d1608a4bca20678e1e817"
[2025-08-31 14:10:17.851 -03:00] [INF] [56] Jellyfin.Plugin.PlaybackReporting.EventMonitorEntryPoint: Processing playback tracker : "e28afc93d871e52abe50cba6ea9c415a191ec208-66ef7bd1c406421895b8c43a8ff9f32c-f426883aac9d1608a4bca20678e1e817"
[2025-08-31 14:10:47.860 -03:00] [INF] [97] Jellyfin.Plugin.PlaybackReporting.EventMonitorEntryPoint: Processing playback tracker : "e28afc93d871e52abe50cba6ea9c415a191ec208-66ef7bd1c406421895b8c43a8ff9f32c-f426883aac9d1608a4bca20678e1e817"
[2025-08-31 14:11:17.870 -03:00] [INF] [43] Jellyfin.Plugin.PlaybackReporting.EventMonitorEntryPoint: Processing playback tracker : "e28afc93d871e52abe50cba6ea9c415a191ec208-66ef7bd1c406421895b8c43a8ff9f32c-f426883aac9d1608a4bca20678e1e817"
[2025-08-31 14:11:47.880 -03:00] [INF] [43] Jellyfin.Plugin.PlaybackReporting.EventMonitorEntryPoint: Processing playback tracker : "e28afc93d871e52abe50cba6ea9c415a191ec208-66ef7bd1c406421895b8c43a8ff9f32c-f426883aac9d1608a4bca20678e1e817"
[2025-08-31 14:12:17.890 -03:00] [INF] [97] Jellyfin.Plugin.PlaybackReporting.EventMonitorEntryPoint: Processing playback tracker : "e28afc93d871e52abe50cba6ea9c415a191ec208-66ef7bd1c406421895b8c43a8ff9f32c-f426883aac9d1608a4bca20678e1e817"
[2025-08-31 14:12:47.898 -03:00] [INF] [102] Jellyfin.Plugin.PlaybackReporting.EventMonitorEntryPoint: Processing playback tracker : "e28afc93d871e52abe50cba6ea9c415a191ec208-66ef7bd1c406421895b8c43a8ff9f32c-f426883aac9d1608a4bca20678e1e817"
[2025-08-31 14:13:17.910 -03:00] [INF] [56] Jellyfin.Plugin.PlaybackReporting.EventMonitorEntryPoint: Processing playback tracker : "e28afc93d871e52abe50cba6ea9c415a191ec208-66ef7bd1c406421895b8c43a8ff9f32c-f426883aac9d1608a4bca20678e1e817"
[2025-08-31 14:13:47.916 -03:00] [INF] [56] Jellyfin.Plugin.PlaybackReporting.EventMonitorEntryPoint: Processing playback tracker : "e28afc93d871e52abe50cba6ea9c415a191ec208-66ef7bd1c406421895b8c43a8ff9f32c-f426883aac9d1608a4bca20678e1e817"
[2025-08-31 14:14:17.926 -03:00] [INF] [97] Jellyfin.Plugin.PlaybackReporting.EventMonitorEntryPoint: Processing playback tracker : "e28afc93d871e52abe50cba6ea9c415a191ec208-66ef7bd1c406421895b8c43a8ff9f32c-f426883aac9d1608a4bca20678e1e817"
[2025-08-31 14:14:47.935 -03:00] [INF] [102] Jellyfin.Plugin.PlaybackReporting.EventMonitorEntryPoint: Processing playback tracker : "e28afc93d871e52abe50cba6ea9c415a191ec208-66ef7bd1c406421895b8c43a8ff9f32c-f426883aac9d1608a4bca20678e1e817"
[2025-08-31 14:15:17.956 -03:00] [INF] [97] Jellyfin.Plugin.PlaybackReporting.EventMonitorEntryPoint: Processing playback tracker : "e28afc93d871e52abe50cba6ea9c415a191ec208-66ef7bd1c406421895b8c43a8ff9f32c-f426883aac9d1608a4bca20678e1e817"
[2025-08-31 14:15:47.966 -03:00] [INF] [56] Jellyfin.Plugin.PlaybackReporting.EventMonitorEntryPoint: Processing playback tracker : "e28afc93d871e52abe50cba6ea9c415a191ec208-66ef7bd1c406421895b8c43a8ff9f32c-f426883aac9d1608a4bca20678e1e817"
[2025-08-31 14:15:56.208 -03:00] [INF] [56] Emby.Server.Implementations.HttpServer.WebSocketManager: WS "192.168.1.7" request
[2025-08-31 14:16:01.978 -03:00] [INF] [97] Jellyfin.Api.Helpers.MediaInfoHelper: User policy for "luiz". EnablePlaybackRemuxing: True EnableVideoPlaybackTranscoding: True EnableAudioPlaybackTranscoding: True
[2025-08-31 14:16:03.757 -03:00] [INF] [97] Jellyfin.Api.Controllers.DynamicHlsController: Current HLS implementation doesn't support non-keyframe breaks but one is requested, ignoring that request
[2025-08-31 14:16:03.784 -03:00] [INF] [97] MediaBrowser.MediaEncoding.Transcoding.TranscodeManager: "/usr/lib/jellyfin-ffmpeg/ffmpeg" "-analyzeduration 200M -probesize 1G -fflags +genpts  -i file:\"/data/serie/Invasion.S01e09.720p.WEB-DL. DUAL/Invasion.S01e09.720p.WEB-DL. DUAL.mkv\" -map_metadata -1 -map_chapters -1 -threads 0 -map 0:0 -map 0:1 -map -0:s -codec:v:0 copy -bsf:v h264_mp4toannexb -start_at_zero -codec:a:0 libfdk_aac -ac 2 -ab 256000 -af \"volume=2\" -copyts -avoid_negative_ts disabled -max_muxing_queue_size 2048 -f hls -max_delay 5000000 -hls_time 6 -hls_segment_type fmp4 -hls_fmp4_init_filename \"663d3ba665a0b2d46d5539dfd86e067a-1.mp4\" -start_number 0 -hls_segment_filename \"/config/cache/transcodes/663d3ba665a0b2d46d5539dfd86e067a%d.mp4\" -hls_playlist_type vod -hls_list_size 0 -y \"/config/cache/transcodes/663d3ba665a0b2d46d5539dfd86e067a.m3u8\""
[2025-08-31 14:16:04.472 -03:00] [INF] [102] MediaBrowser.Controller.MediaEncoding.TranscodingJob: Stopping ffmpeg process with q command for "/config/cache/transcodes/663d3ba665a0b2d46d5539dfd86e067a.m3u8"
[2025-08-31 14:16:04.534 -03:00] [INF] [102] MediaBrowser.MediaEncoding.Transcoding.TranscodeManager: FFmpeg exited with code 0
[2025-08-31 14:16:04.540 -03:00] [INF] [102] Jellyfin.Api.Controllers.DynamicHlsController: Current HLS implementation doesn't support non-keyframe breaks but one is requested, ignoring that request
[2025-08-31 14:16:04.542 -03:00] [INF] [102] MediaBrowser.MediaEncoding.Transcoding.TranscodeManager: "/usr/lib/jellyfin-ffmpeg/ffmpeg" "-analyzeduration 200M -probesize 1G -ss 00:20:21.183 -noaccurate_seek -fflags +genpts  -i file:\"/data/serie/Invasion.S01e09.720p.WEB-DL. DUAL/Invasion.S01e09.720p.WEB-DL. DUAL.mkv\" -map_metadata -1 -map_chapters -1 -threads 0 -map 0:0 -map 0:1 -map -0:s -codec:v:0 copy -bsf:v h264_mp4toannexb -start_at_zero -codec:a:0 libfdk_aac -ac 2 -ab 256000 -af \"volume=2\" -copyts -avoid_negative_ts disabled -max_muxing_queue_size 2048 -f hls -max_delay 5000000 -hls_time 6 -hls_segment_type fmp4 -hls_fmp4_init_filename \"663d3ba665a0b2d46d5539dfd86e067a-1.mp4\" -start_number 200 -hls_segment_filename \"/config/cache/transcodes/663d3ba665a0b2d46d5539dfd86e067a%d.mp4\" -hls_playlist_type vod -hls_list_size 0 -y \"/config/cache/transcodes/663d3ba665a0b2d46d5539dfd86e067a.m3u8\""
[2025-08-31 14:16:09.756 -03:00] [INF] [56] Jellyfin.Plugin.PlaybackReporting.EventMonitorEntryPoint: Adding playback tracker : TW96aWxsYS81LjAgKFdpbmRvd3MgTlQgMTAuMDsgV2luNjQ7IHg2NCkgQXBwbGVXZWJLaXQvNTM3LjM2IChLSFRNTCwgbGlrZSBHZWNrbykgQ2hyb21lLzEzNS4wLjAuMCBTYWZhcmkvNTM3LjM2fDE3NDU4ODQ3MTg3NDA1-66ef7bd1c406421895b8c43a8ff9f32c-c5b05048fd6b0ea99b7f6ed979ea40e4
[2025-08-31 14:16:09.757 -03:00] [INF] [56] Jellyfin.Plugin.PlaybackReporting.Data.PlaybackTracker: PlaybackTracker : Adding Start Event : 08/31/2025 14:16:09
[2025-08-31 14:16:09.758 -03:00] [INF] [56] Jellyfin.Plugin.PlaybackReporting.EventMonitorEntryPoint: Creating StartPlaybackTimer Task
[2025-08-31 14:16:09.758 -03:00] [INF] [43] Jellyfin.Plugin.PlaybackReporting.EventMonitorEntryPoint: StartPlaybackTimer : Entered
[2025-08-31 14:16:09.910 -03:00] [INF] [43] Jellyfin.Plugin.PlaybackReporting.EventMonitorEntryPoint: Processing playback tracker : "TW96aWxsYS81LjAgKFdpbmRvd3MgTlQgMTAuMDsgV2luNjQ7IHg2NCkgQXBwbGVXZWJLaXQvNTM3LjM2IChLSFRNTCwgbGlrZSBHZWNrbykgQ2hyb21lLzEzNS4wLjAuMCBTYWZhcmkvNTM3LjM2fDE3NDU4ODQ3MTg3NDA1-66ef7bd1c406421895b8c43a8ff9f32c-c5b05048fd6b0ea99b7f6ed979ea40e4"
[2025-08-31 14:16:17.972 -03:00] [INF] [71] Jellyfin.Plugin.PlaybackReporting.EventMonitorEntryPoint: Processing playback tracker : "e28afc93d871e52abe50cba6ea9c415a191ec208-66ef7bd1c406421895b8c43a8ff9f32c-f426883aac9d1608a4bca20678e1e817"
[2025-08-31 14:16:29.759 -03:00] [INF] [71] Jellyfin.Plugin.PlaybackReporting.EventMonitorEntryPoint: session.RemoteEndPoint : "192.168.1.7"
[2025-08-31 14:16:29.762 -03:00] [INF] [71] Jellyfin.Plugin.PlaybackReporting.EventMonitorEntryPoint: StartPlaybackTimer : event_playing_id     = "c5b05048fd6b0ea99b7f6ed979ea40e4"
[2025-08-31 14:16:29.762 -03:00] [INF] [71] Jellyfin.Plugin.PlaybackReporting.EventMonitorEntryPoint: StartPlaybackTimer : event_user_id        = "66ef7bd1c406421895b8c43a8ff9f32c"
[2025-08-31 14:16:29.762 -03:00] [INF] [71] Jellyfin.Plugin.PlaybackReporting.EventMonitorEntryPoint: StartPlaybackTimer : event_user_id_int    = 1
[2025-08-31 14:16:29.763 -03:00] [INF] [71] Jellyfin.Plugin.PlaybackReporting.EventMonitorEntryPoint: StartPlaybackTimer : session_playing_id   = "c5b05048fd6b0ea99b7f6ed979ea40e4"
[2025-08-31 14:16:29.763 -03:00] [INF] [71] Jellyfin.Plugin.PlaybackReporting.EventMonitorEntryPoint: StartPlaybackTimer : session_user_id      = "66ef7bd1c406421895b8c43a8ff9f32c"
[2025-08-31 14:16:29.763 -03:00] [INF] [71] Jellyfin.Plugin.PlaybackReporting.EventMonitorEntryPoint: StartPlaybackTimer : play_method          = "Transcode (v:direct a:aac)"
[2025-08-31 14:16:29.763 -03:00] [INF] [71] Jellyfin.Plugin.PlaybackReporting.EventMonitorEntryPoint: StartPlaybackTimer : e.ClientName         = "Jellyfin Web"
[2025-08-31 14:16:29.763 -03:00] [INF] [71] Jellyfin.Plugin.PlaybackReporting.EventMonitorEntryPoint: StartPlaybackTimer : e.DeviceName         = "Chrome"
[2025-08-31 14:16:29.763 -03:00] [INF] [71] Jellyfin.Plugin.PlaybackReporting.EventMonitorEntryPoint: StartPlaybackTimer : ItemName             = "Invasão - s01e09 - Cheio de estrelas"
[2025-08-31 14:16:29.763 -03:00] [INF] [71] Jellyfin.Plugin.PlaybackReporting.EventMonitorEntryPoint: StartPlaybackTimer : ItemId               = "c5b05048fd6b0ea99b7f6ed979ea40e4"
[2025-08-31 14:16:29.763 -03:00] [INF] [71] Jellyfin.Plugin.PlaybackReporting.EventMonitorEntryPoint: StartPlaybackTimer : ItemType             = "Episode"
[2025-08-31 14:16:29.763 -03:00] [INF] [71] Jellyfin.Plugin.PlaybackReporting.EventMonitorEntryPoint: StartPlaybackTimer : All matches, playback registered
[2025-08-31 14:16:29.763 -03:00] [INF] [71] Jellyfin.Plugin.PlaybackReporting.EventMonitorEntryPoint: Playback tracker found, adding playback info : "TW96aWxsYS81LjAgKFdpbmRvd3MgTlQgMTAuMDsgV2luNjQ7IHg2NCkgQXBwbGVXZWJLaXQvNTM3LjM2IChLSFRNTCwgbGlrZSBHZWNrbykgQ2hyb21lLzEzNS4wLjAuMCBTYWZhcmkvNTM3LjM2fDE3NDU4ODQ3MTg3NDA1-66ef7bd1c406421895b8c43a8ff9f32c-c5b05048fd6b0ea99b7f6ed979ea40e4"
[2025-08-31 14:16:29.763 -03:00] [INF] [71] Jellyfin.Plugin.PlaybackReporting.EventMonitorEntryPoint: Saving playback tracking activity in DB
[2025-08-31 14:16:29.768 -03:00] [INF] [71] Jellyfin.Plugin.PlaybackReporting.EventMonitorEntryPoint: StartPlaybackTimer : Exited
[2025-08-31 14:16:29.937 -03:00] [INF] [71] Jellyfin.Plugin.PlaybackReporting.EventMonitorEntryPoint: Processing playback tracker : "TW96aWxsYS81LjAgKFdpbmRvd3MgTlQgMTAuMDsgV2luNjQ7IHg2NCkgQXBwbGVXZWJLaXQvNTM3LjM2IChLSFRNTCwgbGlrZSBHZWNrbykgQ2hyb21lLzEzNS4wLjAuMCBTYWZhcmkvNTM3LjM2fDE3NDU4ODQ3MTg3NDA1-66ef7bd1c406421895b8c43a8ff9f32c-c5b05048fd6b0ea99b7f6ed979ea40e4"
[2025-08-31 14:16:47.979 -03:00] [INF] [43] Jellyfin.Plugin.PlaybackReporting.EventMonitorEntryPoint: Processing playback tracker : "e28afc93d871e52abe50cba6ea9c415a191ec208-66ef7bd1c406421895b8c43a8ff9f32c-f426883aac9d1608a4bca20678e1e817"
[2025-08-31 14:16:50.037 -03:00] [INF] [43] MediaBrowser.MediaEncoding.Transcoding.TranscodeManager: FFmpeg exited with code 0
[2025-08-31 14:16:55.315 -03:00] [INF] [175] Jellyfin.Plugin.PlaybackReporting.EventMonitorEntryPoint: Processing playback tracker : "TW96aWxsYS81LjAgKFdpbmRvd3MgTlQgMTAuMDsgV2luNjQ7IHg2NCkgQXBwbGVXZWJLaXQvNTM3LjM2IChLSFRNTCwgbGlrZSBHZWNrbykgQ2hyb21lLzEzNS4wLjAuMCBTYWZhcmkvNTM3LjM2fDE3NDU4ODQ3MTg3NDA1-66ef7bd1c406421895b8c43a8ff9f32c-c5b05048fd6b0ea99b7f6ed979ea40e4"
[2025-08-31 14:17:17.988 -03:00] [INF] [43] Jellyfin.Plugin.PlaybackReporting.EventMonitorEntryPoint: Processing playback tracker : "e28afc93d871e52abe50cba6ea9c415a191ec208-66ef7bd1c406421895b8c43a8ff9f32c-f426883aac9d1608a4bca20678e1e817"
[2025-08-31 14:17:19.683 -03:00] [INF] [97] Jellyfin.Plugin.PlaybackReporting.EventMonitorEntryPoint: Processing playback tracker : "TW96aWxsYS81LjAgKFdpbmRvd3MgTlQgMTAuMDsgV2luNjQ7IHg2NCkgQXBwbGVXZWJLaXQvNTM3LjM2IChLSFRNTCwgbGlrZSBHZWNrbykgQ2hyb21lLzEzNS4wLjAuMCBTYWZhcmkvNTM3LjM2fDE3NDU4ODQ3MTg3NDA1-66ef7bd1c406421895b8c43a8ff9f32c-c5b05048fd6b0ea99b7f6ed979ea40e4"
[2025-08-31 14:17:40.354 -03:00] [INF] [174] Jellyfin.Plugin.PlaybackReporting.EventMonitorEntryPoint: Processing playback tracker : "TW96aWxsYS81LjAgKFdpbmRvd3MgTlQgMTAuMDsgV2luNjQ7IHg2NCkgQXBwbGVXZWJLaXQvNTM3LjM2IChLSFRNTCwgbGlrZSBHZWNrbykgQ2hyb21lLzEzNS4wLjAuMCBTYWZhcmkvNTM3LjM2fDE3NDU4ODQ3MTg3NDA1-66ef7bd1c406421895b8c43a8ff9f32c-c5b05048fd6b0ea99b7f6ed979ea40e4"
[2025-08-31 14:17:47.998 -03:00] [INF] [11] Jellyfin.Plugin.PlaybackReporting.EventMonitorEntryPoint: Processing playback tracker : "e28afc93d871e52abe50cba6ea9c415a191ec208-66ef7bd1c406421895b8c43a8ff9f32c-f426883aac9d1608a4bca20678e1e817"
[2025-08-31 14:18:07.283 -03:00] [INF] [175] Jellyfin.Plugin.PlaybackReporting.EventMonitorEntryPoint: Processing playback tracker : "TW96aWxsYS81LjAgKFdpbmRvd3MgTlQgMTAuMDsgV2luNjQ7IHg2NCkgQXBwbGVXZWJLaXQvNTM3LjM2IChLSFRNTCwgbGlrZSBHZWNrbykgQ2hyb21lLzEzNS4wLjAuMCBTYWZhcmkvNTM3LjM2fDE3NDU4ODQ3MTg3NDA1-66ef7bd1c406421895b8c43a8ff9f32c-c5b05048fd6b0ea99b7f6ed979ea40e4"
[2025-08-31 14:18:18.013 -03:00] [INF] [11] Jellyfin.Plugin.PlaybackReporting.EventMonitorEntryPoint: Processing playback tracker : "e28afc93d871e52abe50cba6ea9c415a191ec208-66ef7bd1c406421895b8c43a8ff9f32c-f426883aac9d1608a4bca20678e1e817"
[2025-08-31 14:18:27.354 -03:00] [INF] [11] Jellyfin.Plugin.PlaybackReporting.EventMonitorEntryPoint: Processing playback tracker : "TW96aWxsYS81LjAgKFdpbmRvd3MgTlQgMTAuMDsgV2luNjQ7IHg2NCkgQXBwbGVXZWJLaXQvNTM3LjM2IChLSFRNTCwgbGlrZSBHZWNrbykgQ2hyb21lLzEzNS4wLjAuMCBTYWZhcmkvNTM3LjM2fDE3NDU4ODQ3MTg3NDA1-66ef7bd1c406421895b8c43a8ff9f32c-c5b05048fd6b0ea99b7f6ed979ea40e4"
[2025-08-31 14:18:48.020 -03:00] [INF] [97] Jellyfin.Plugin.PlaybackReporting.EventMonitorEntryPoint: Processing playback tracker : "e28afc93d871e52abe50cba6ea9c415a191ec208-66ef7bd1c406421895b8c43a8ff9f32c-f426883aac9d1608a4bca20678e1e817"
[2025-08-31 14:18:53.010 -03:00] [INF] [97] Jellyfin.Plugin.PlaybackReporting.EventMonitorEntryPoint: Processing playback tracker : "TW96aWxsYS81LjAgKFdpbmRvd3MgTlQgMTAuMDsgV2luNjQ7IHg2NCkgQXBwbGVXZWJLaXQvNTM3LjM2IChLSFRNTCwgbGlrZSBHZWNrbykgQ2hyb21lLzEzNS4wLjAuMCBTYWZhcmkvNTM3LjM2fDE3NDU4ODQ3MTg3NDA1-66ef7bd1c406421895b8c43a8ff9f32c-c5b05048fd6b0ea99b7f6ed979ea40e4"
[2025-08-31 14:19:14.002 -03:00] [INF] [97] Jellyfin.Plugin.PlaybackReporting.EventMonitorEntryPoint: Processing playback tracker : "TW96aWxsYS81LjAgKFdpbmRvd3MgTlQgMTAuMDsgV2luNjQ7IHg2NCkgQXBwbGVXZWJLaXQvNTM3LjM2IChLSFRNTCwgbGlrZSBHZWNrbykgQ2hyb21lLzEzNS4wLjAuMCBTYWZhcmkvNTM3LjM2fDE3NDU4ODQ3MTg3NDA1-66ef7bd1c406421895b8c43a8ff9f32c-c5b05048fd6b0ea99b7f6ed979ea40e4"
[2025-08-31 14:19:18.032 -03:00] [INF] [144] Jellyfin.Plugin.PlaybackReporting.EventMonitorEntryPoint: Processing playback tracker : "e28afc93d871e52abe50cba6ea9c415a191ec208-66ef7bd1c406421895b8c43a8ff9f32c-f426883aac9d1608a4bca20678e1e817"
[2025-08-31 14:19:34.015 -03:00] [INF] [144] Jellyfin.Plugin.PlaybackReporting.EventMonitorEntryPoint: Processing playback tracker : "TW96aWxsYS81LjAgKFdpbmRvd3MgTlQgMTAuMDsgV2luNjQ7IHg2NCkgQXBwbGVXZWJLaXQvNTM3LjM2IChLSFRNTCwgbGlrZSBHZWNrbykgQ2hyb21lLzEzNS4wLjAuMCBTYWZhcmkvNTM3LjM2fDE3NDU4ODQ3MTg3NDA1-66ef7bd1c406421895b8c43a8ff9f32c-c5b05048fd6b0ea99b7f6ed979ea40e4"
[2025-08-31 14:19:48.045 -03:00] [INF] [97] Jellyfin.Plugin.PlaybackReporting.EventMonitorEntryPoint: Processing playback tracker : "e28afc93d871e52abe50cba6ea9c415a191ec208-66ef7bd1c406421895b8c43a8ff9f32c-f426883aac9d1608a4bca20678e1e817"
[2025-08-31 14:19:58.129 -03:00] [INF] [97] Jellyfin.Plugin.PlaybackReporting.EventMonitorEntryPoint: Processing playback tracker : "TW96aWxsYS81LjAgKFdpbmRvd3MgTlQgMTAuMDsgV2luNjQ7IHg2NCkgQXBwbGVXZWJLaXQvNTM3LjM2IChLSFRNTCwgbGlrZSBHZWNrbykgQ2hyb21lLzEzNS4wLjAuMCBTYWZhcmkvNTM3LjM2fDE3NDU4ODQ3MTg3NDA1-66ef7bd1c406421895b8c43a8ff9f32c-c5b05048fd6b0ea99b7f6ed979ea40e4"
[2025-08-31 14:20:18.063 -03:00] [INF] [144] Jellyfin.Plugin.PlaybackReporting.EventMonitorEntryPoint: Processing playback tracker : "e28afc93d871e52abe50cba6ea9c415a191ec208-66ef7bd1c406421895b8c43a8ff9f32c-f426883aac9d1608a4bca20678e1e817"
[2025-08-31 14:20:19.664 -03:00] [INF] [97] Jellyfin.Plugin.PlaybackReporting.EventMonitorEntryPoint: Processing playback tracker : "TW96aWxsYS81LjAgKFdpbmRvd3MgTlQgMTAuMDsgV2luNjQ7IHg2NCkgQXBwbGVXZWJLaXQvNTM3LjM2IChLSFRNTCwgbGlrZSBHZWNrbykgQ2hyb21lLzEzNS4wLjAuMCBTYWZhcmkvNTM3LjM2fDE3NDU4ODQ3MTg3NDA1-66ef7bd1c406421895b8c43a8ff9f32c-c5b05048fd6b0ea99b7f6ed979ea40e4"
[2025-08-31 14:20:39.690 -03:00] [INF] [11] Jellyfin.Plugin.PlaybackReporting.EventMonitorEntryPoint: Processing playback tracker : "TW96aWxsYS81LjAgKFdpbmRvd3MgTlQgMTAuMDsgV2luNjQ7IHg2NCkgQXBwbGVXZWJLaXQvNTM3LjM2IChLSFRNTCwgbGlrZSBHZWNrbykgQ2hyb21lLzEzNS4wLjAuMCBTYWZhcmkvNTM3LjM2fDE3NDU4ODQ3MTg3NDA1-66ef7bd1c406421895b8c43a8ff9f32c-c5b05048fd6b0ea99b7f6ed979ea40e4"
[2025-08-31 14:20:48.066 -03:00] [INF] [11] Jellyfin.Plugin.PlaybackReporting.EventMonitorEntryPoint: Processing playback tracker : "e28afc93d871e52abe50cba6ea9c415a191ec208-66ef7bd1c406421895b8c43a8ff9f32c-f426883aac9d1608a4bca20678e1e817"
[2025-08-31 14:21:09.732 -03:00] [INF] [146] Jellyfin.Plugin.PlaybackReporting.EventMonitorEntryPoint: Processing playback tracker : "TW96aWxsYS81LjAgKFdpbmRvd3MgTlQgMTAuMDsgV2luNjQ7IHg2NCkgQXBwbGVXZWJLaXQvNTM3LjM2IChLSFRNTCwgbGlrZSBHZWNrbykgQ2hyb21lLzEzNS4wLjAuMCBTYWZhcmkvNTM3LjM2fDE3NDU4ODQ3MTg3NDA1-66ef7bd1c406421895b8c43a8ff9f32c-c5b05048fd6b0ea99b7f6ed979ea40e4"
[2025-08-31 14:21:18.076 -03:00] [INF] [146] Jellyfin.Plugin.PlaybackReporting.EventMonitorEntryPoint: Processing playback tracker : "e28afc93d871e52abe50cba6ea9c415a191ec208-66ef7bd1c406421895b8c43a8ff9f32c-f426883aac9d1608a4bca20678e1e817"
[2025-08-31 14:21:39.660 -03:00] [INF] [146] Jellyfin.Plugin.PlaybackReporting.EventMonitorEntryPoint: Processing playback tracker : "TW96aWxsYS81LjAgKFdpbmRvd3MgTlQgMTAuMDsgV2luNjQ7IHg2NCkgQXBwbGVXZWJLaXQvNTM3LjM2IChLSFRNTCwgbGlrZSBHZWNrbykgQ2hyb21lLzEzNS4wLjAuMCBTYWZhcmkvNTM3LjM2fDE3NDU4ODQ3MTg3NDA1-66ef7bd1c406421895b8c43a8ff9f32c-c5b05048fd6b0ea99b7f6ed979ea40e4"
[2025-08-31 14:21:48.080 -03:00] [INF] [146] Jellyfin.Plugin.PlaybackReporting.EventMonitorEntryPoint: Processing playback tracker : "e28afc93d871e52abe50cba6ea9c415a191ec208-66ef7bd1c406421895b8c43a8ff9f32c-f426883aac9d1608a4bca20678e1e817"
[2025-08-31 14:22:08.033 -03:00] [INF] [144] Jellyfin.Plugin.PlaybackReporting.EventMonitorEntryPoint: Processing playback tracker : "TW96aWxsYS81LjAgKFdpbmRvd3MgTlQgMTAuMDsgV2luNjQ7IHg2NCkgQXBwbGVXZWJLaXQvNTM3LjM2IChLSFRNTCwgbGlrZSBHZWNrbykgQ2hyb21lLzEzNS4wLjAuMCBTYWZhcmkvNTM3LjM2fDE3NDU4ODQ3MTg3NDA1-66ef7bd1c406421895b8c43a8ff9f32c-c5b05048fd6b0ea99b7f6ed979ea40e4"
[2025-08-31 14:22:18.092 -03:00] [INF] [146] Jellyfin.Plugin.PlaybackReporting.EventMonitorEntryPoint: Processing playback tracker : "e28afc93d871e52abe50cba6ea9c415a191ec208-66ef7bd1c406421895b8c43a8ff9f32c-f426883aac9d1608a4bca20678e1e817"
[2025-08-31 14:22:28.035 -03:00] [INF] [146] Jellyfin.Plugin.PlaybackReporting.EventMonitorEntryPoint: Processing playback tracker : "TW96aWxsYS81LjAgKFdpbmRvd3MgTlQgMTAuMDsgV2luNjQ7IHg2NCkgQXBwbGVXZWJLaXQvNTM3LjM2IChLSFRNTCwgbGlrZSBHZWNrbykgQ2hyb21lLzEzNS4wLjAuMCBTYWZhcmkvNTM3LjM2fDE3NDU4ODQ3MTg3NDA1-66ef7bd1c406421895b8c43a8ff9f32c-c5b05048fd6b0ea99b7f6ed979ea40e4"
[2025-08-31 14:22:48.045 -03:00] [INF] [144] Jellyfin.Plugin.PlaybackReporting.EventMonitorEntryPoint: Processing playback tracker : "TW96aWxsYS81LjAgKFdpbmRvd3MgTlQgMTAuMDsgV2luNjQ7IHg2NCkgQXBwbGVXZWJLaXQvNTM3LjM2IChLSFRNTCwgbGlrZSBHZWNrbykgQ2hyb21lLzEzNS4wLjAuMCBTYWZhcmkvNTM3LjM2fDE3NDU4ODQ3MTg3NDA1-66ef7bd1c406421895b8c43a8ff9f32c-c5b05048fd6b0ea99b7f6ed979ea40e4"
[2025-08-31 14:22:48.098 -03:00] [INF] [174] Jellyfin.Plugin.PlaybackReporting.EventMonitorEntryPoint: Processing playback tracker : "e28afc93d871e52abe50cba6ea9c415a191ec208-66ef7bd1c406421895b8c43a8ff9f32c-f426883aac9d1608a4bca20678e1e817"
[2025-08-31 14:23:08.058 -03:00] [INF] [174] Jellyfin.Plugin.PlaybackReporting.EventMonitorEntryPoint: Processing playback tracker : "TW96aWxsYS81LjAgKFdpbmRvd3MgTlQgMTAuMDsgV2luNjQ7IHg2NCkgQXBwbGVXZWJLaXQvNTM3LjM2IChLSFRNTCwgbGlrZSBHZWNrbykgQ2hyb21lLzEzNS4wLjAuMCBTYWZhcmkvNTM3LjM2fDE3NDU4ODQ3MTg3NDA1-66ef7bd1c406421895b8c43a8ff9f32c-c5b05048fd6b0ea99b7f6ed979ea40e4"
[2025-08-31 14:23:18.114 -03:00] [INF] [174] Jellyfin.Plugin.PlaybackReporting.EventMonitorEntryPoint: Processing playback tracker : "e28afc93d871e52abe50cba6ea9c415a191ec208-66ef7bd1c406421895b8c43a8ff9f32c-f426883aac9d1608a4bca20678e1e817"
[2025-08-31 14:23:28.062 -03:00] [INF] [174] Jellyfin.Plugin.PlaybackReporting.EventMonitorEntryPoint: Processing playback tracker : "TW96aWxsYS81LjAgKFdpbmRvd3MgTlQgMTAuMDsgV2luNjQ7IHg2NCkgQXBwbGVXZWJLaXQvNTM3LjM2IChLSFRNTCwgbGlrZSBHZWNrbykgQ2hyb21lLzEzNS4wLjAuMCBTYWZhcmkvNTM3LjM2fDE3NDU4ODQ3MTg3NDA1-66ef7bd1c406421895b8c43a8ff9f32c-c5b05048fd6b0ea99b7f6ed979ea40e4"
[2025-08-31 14:23:48.067 -03:00] [INF] [97] Jellyfin.Plugin.PlaybackReporting.EventMonitorEntryPoint: Processing playback tracker : "TW96aWxsYS81LjAgKFdpbmRvd3MgTlQgMTAuMDsgV2luNjQ7IHg2NCkgQXBwbGVXZWJLaXQvNTM3LjM2IChLSFRNTCwgbGlrZSBHZWNrbykgQ2hyb21lLzEzNS4wLjAuMCBTYWZhcmkvNTM3LjM2fDE3NDU4ODQ3MTg3NDA1-66ef7bd1c406421895b8c43a8ff9f32c-c5b05048fd6b0ea99b7f6ed979ea40e4"
[2025-08-31 14:23:48.121 -03:00] [INF] [146] Jellyfin.Plugin.PlaybackReporting.EventMonitorEntryPoint: Processing playback tracker : "e28afc93d871e52abe50cba6ea9c415a191ec208-66ef7bd1c406421895b8c43a8ff9f32c-f426883aac9d1608a4bca20678e1e817"
[2025-08-31 14:24:08.077 -03:00] [INF] [146] Jellyfin.Plugin.PlaybackReporting.EventMonitorEntryPoint: Processing playback tracker : "TW96aWxsYS81LjAgKFdpbmRvd3MgTlQgMTAuMDsgV2luNjQ7IHg2NCkgQXBwbGVXZWJLaXQvNTM3LjM2IChLSFRNTCwgbGlrZSBHZWNrbykgQ2hyb21lLzEzNS4wLjAuMCBTYWZhcmkvNTM3LjM2fDE3NDU4ODQ3MTg3NDA1-66ef7bd1c406421895b8c43a8ff9f32c-c5b05048fd6b0ea99b7f6ed979ea40e4"
[2025-08-31 14:24:18.157 -03:00] [INF] [97] Jellyfin.Plugin.PlaybackReporting.EventMonitorEntryPoint: Processing playback tracker : "e28afc93d871e52abe50cba6ea9c415a191ec208-66ef7bd1c406421895b8c43a8ff9f32c-f426883aac9d1608a4bca20678e1e817"
[2025-08-31 14:24:28.079 -03:00] [INF] [146] Jellyfin.Plugin.PlaybackReporting.EventMonitorEntryPoint: Processing playback tracker : "TW96aWxsYS81LjAgKFdpbmRvd3MgTlQgMTAuMDsgV2luNjQ7IHg2NCkgQXBwbGVXZWJLaXQvNTM3LjM2IChLSFRNTCwgbGlrZSBHZWNrbykgQ2hyb21lLzEzNS4wLjAuMCBTYWZhcmkvNTM3LjM2fDE3NDU4ODQ3MTg3NDA1-66ef7bd1c406421895b8c43a8ff9f32c-c5b05048fd6b0ea99b7f6ed979ea40e4"
[2025-08-31 14:24:48.147 -03:00] [INF] [174] Jellyfin.Plugin.PlaybackReporting.EventMonitorEntryPoint: Processing playback tracker : "e28afc93d871e52abe50cba6ea9c415a191ec208-66ef7bd1c406421895b8c43a8ff9f32c-f426883aac9d1608a4bca20678e1e817"
[2025-08-31 14:24:49.662 -03:00] [INF] [146] Jellyfin.Plugin.PlaybackReporting.EventMonitorEntryPoint: Processing playback tracker : "TW96aWxsYS81LjAgKFdpbmRvd3MgTlQgMTAuMDsgV2luNjQ7IHg2NCkgQXBwbGVXZWJLaXQvNTM3LjM2IChLSFRNTCwgbGlrZSBHZWNrbykgQ2hyb21lLzEzNS4wLjAuMCBTYWZhcmkvNTM3LjM2fDE3NDU4ODQ3MTg3NDA1-66ef7bd1c406421895b8c43a8ff9f32c-c5b05048fd6b0ea99b7f6ed979ea40e4"
[2025-08-31 14:25:09.683 -03:00] [INF] [174] Jellyfin.Plugin.PlaybackReporting.EventMonitorEntryPoint: Processing playback tracker : "TW96aWxsYS81LjAgKFdpbmRvd3MgTlQgMTAuMDsgV2luNjQ7IHg2NCkgQXBwbGVXZWJLaXQvNTM3LjM2IChLSFRNTCwgbGlrZSBHZWNrbykgQ2hyb21lLzEzNS4wLjAuMCBTYWZhcmkvNTM3LjM2fDE3NDU4ODQ3MTg3NDA1-66ef7bd1c406421895b8c43a8ff9f32c-c5b05048fd6b0ea99b7f6ed979ea40e4"
[2025-08-31 14:25:18.159 -03:00] [INF] [146] Jellyfin.Plugin.PlaybackReporting.EventMonitorEntryPoint: Processing playback tracker : "e28afc93d871e52abe50cba6ea9c415a191ec208-66ef7bd1c406421895b8c43a8ff9f32c-f426883aac9d1608a4bca20678e1e817"
[2025-08-31 14:25:39.664 -03:00] [INF] [174] Jellyfin.Plugin.PlaybackReporting.EventMonitorEntryPoint: Processing playback tracker : "TW96aWxsYS81LjAgKFdpbmRvd3MgTlQgMTAuMDsgV2luNjQ7IHg2NCkgQXBwbGVXZWJLaXQvNTM3LjM2IChLSFRNTCwgbGlrZSBHZWNrbykgQ2hyb21lLzEzNS4wLjAuMCBTYWZhcmkvNTM3LjM2fDE3NDU4ODQ3MTg3NDA1-66ef7bd1c406421895b8c43a8ff9f32c-c5b05048fd6b0ea99b7f6ed979ea40e4"
[2025-08-31 14:25:48.165 -03:00] [INF] [146] Jellyfin.Plugin.PlaybackReporting.EventMonitorEntryPoint: Processing playback tracker : "e28afc93d871e52abe50cba6ea9c415a191ec208-66ef7bd1c406421895b8c43a8ff9f32c-f426883aac9d1608a4bca20678e1e817"
[2025-08-31 14:25:59.679 -03:00] [INF] [174] Jellyfin.Plugin.PlaybackReporting.EventMonitorEntryPoint: Processing playback tracker : "TW96aWxsYS81LjAgKFdpbmRvd3MgTlQgMTAuMDsgV2luNjQ7IHg2NCkgQXBwbGVXZWJLaXQvNTM3LjM2IChLSFRNTCwgbGlrZSBHZWNrbykgQ2hyb21lLzEzNS4wLjAuMCBTYWZhcmkvNTM3LjM2fDE3NDU4ODQ3MTg3NDA1-66ef7bd1c406421895b8c43a8ff9f32c-c5b05048fd6b0ea99b7f6ed979ea40e4"
[2025-08-31 14:26:18.175 -03:00] [INF] [174] Jellyfin.Plugin.PlaybackReporting.EventMonitorEntryPoint: Processing playback tracker : "e28afc93d871e52abe50cba6ea9c415a191ec208-66ef7bd1c406421895b8c43a8ff9f32c-f426883aac9d1608a4bca20678e1e817"
[2025-08-31 14:26:29.674 -03:00] [INF] [174] Jellyfin.Plugin.PlaybackReporting.EventMonitorEntryPoint: Processing playback tracker : "TW96aWxsYS81LjAgKFdpbmRvd3MgTlQgMTAuMDsgV2luNjQ7IHg2NCkgQXBwbGVXZWJLaXQvNTM3LjM2IChLSFRNTCwgbGlrZSBHZWNrbykgQ2hyb21lLzEzNS4wLjAuMCBTYWZhcmkvNTM3LjM2fDE3NDU4ODQ3MTg3NDA1-66ef7bd1c406421895b8c43a8ff9f32c-c5b05048fd6b0ea99b7f6ed979ea40e4"
[2025-08-31 14:26:48.187 -03:00] [INF] [97] Jellyfin.Plugin.PlaybackReporting.EventMonitorEntryPoint: Processing playback tracker : "e28afc93d871e52abe50cba6ea9c415a191ec208-66ef7bd1c406421895b8c43a8ff9f32c-f426883aac9d1608a4bca20678e1e817"
[2025-08-31 14:26:49.676 -03:00] [INF] [146] Jellyfin.Plugin.PlaybackReporting.EventMonitorEntryPoint: Processing playback tracker : "TW96aWxsYS81LjAgKFdpbmRvd3MgTlQgMTAuMDsgV2luNjQ7IHg2NCkgQXBwbGVXZWJLaXQvNTM3LjM2IChLSFRNTCwgbGlrZSBHZWNrbykgQ2hyb21lLzEzNS4wLjAuMCBTYWZhcmkvNTM3LjM2fDE3NDU4ODQ3MTg3NDA1-66ef7bd1c406421895b8c43a8ff9f32c-c5b05048fd6b0ea99b7f6ed979ea40e4"
[2025-08-31 14:27:18.201 -03:00] [INF] [174] Jellyfin.Plugin.PlaybackReporting.EventMonitorEntryPoint: Processing playback tracker : "e28afc93d871e52abe50cba6ea9c415a191ec208-66ef7bd1c406421895b8c43a8ff9f32c-f426883aac9d1608a4bca20678e1e817"
[2025-08-31 14:27:19.674 -03:00] [INF] [97] Jellyfin.Plugin.PlaybackReporting.EventMonitorEntryPoint: Processing playback tracker : "TW96aWxsYS81LjAgKFdpbmRvd3MgTlQgMTAuMDsgV2luNjQ7IHg2NCkgQXBwbGVXZWJLaXQvNTM3LjM2IChLSFRNTCwgbGlrZSBHZWNrbykgQ2hyb21lLzEzNS4wLjAuMCBTYWZhcmkvNTM3LjM2fDE3NDU4ODQ3MTg3NDA1-66ef7bd1c406421895b8c43a8ff9f32c-c5b05048fd6b0ea99b7f6ed979ea40e4"
[2025-08-31 14:27:48.203 -03:00] [INF] [174] Jellyfin.Plugin.PlaybackReporting.EventMonitorEntryPoint: Processing playback tracker : "e28afc93d871e52abe50cba6ea9c415a191ec208-66ef7bd1c406421895b8c43a8ff9f32c-f426883aac9d1608a4bca20678e1e817"
[2025-08-31 14:27:49.669 -03:00] [INF] [146] Jellyfin.Plugin.PlaybackReporting.EventMonitorEntryPoint: Processing playback tracker : "TW96aWxsYS81LjAgKFdpbmRvd3MgTlQgMTAuMDsgV2luNjQ7IHg2NCkgQXBwbGVXZWJLaXQvNTM3LjM2IChLSFRNTCwgbGlrZSBHZWNrbykgQ2hyb21lLzEzNS4wLjAuMCBTYWZhcmkvNTM3LjM2fDE3NDU4ODQ3MTg3NDA1-66ef7bd1c406421895b8c43a8ff9f32c-c5b05048fd6b0ea99b7f6ed979ea40e4"
[2025-08-31 14:28:18.217 -03:00] [INF] [146] Jellyfin.Plugin.PlaybackReporting.EventMonitorEntryPoint: Processing playback tracker : "e28afc93d871e52abe50cba6ea9c415a191ec208-66ef7bd1c406421895b8c43a8ff9f32c-f426883aac9d1608a4bca20678e1e817"
[2025-08-31 14:28:19.677 -03:00] [INF] [174] Jellyfin.Plugin.PlaybackReporting.EventMonitorEntryPoint: Processing playback tracker : "TW96aWxsYS81LjAgKFdpbmRvd3MgTlQgMTAuMDsgV2luNjQ7IHg2NCkgQXBwbGVXZWJLaXQvNTM3LjM2IChLSFRNTCwgbGlrZSBHZWNrbykgQ2hyb21lLzEzNS4wLjAuMCBTYWZhcmkvNTM3LjM2fDE3NDU4ODQ3MTg3NDA1-66ef7bd1c406421895b8c43a8ff9f32c-c5b05048fd6b0ea99b7f6ed979ea40e4"
[2025-08-31 14:28:39.685 -03:00] [INF] [174] Jellyfin.Plugin.PlaybackReporting.EventMonitorEntryPoint: Processing playback tracker : "TW96aWxsYS81LjAgKFdpbmRvd3MgTlQgMTAuMDsgV2luNjQ7IHg2NCkgQXBwbGVXZWJLaXQvNTM3LjM2IChLSFRNTCwgbGlrZSBHZWNrbykgQ2hyb21lLzEzNS4wLjAuMCBTYWZhcmkvNTM3LjM2fDE3NDU4ODQ3MTg3NDA1-66ef7bd1c406421895b8c43a8ff9f32c-c5b05048fd6b0ea99b7f6ed979ea40e4"
[2025-08-31 14:28:48.227 -03:00] [INF] [144] Jellyfin.Plugin.PlaybackReporting.EventMonitorEntryPoint: Processing playback tracker : "e28afc93d871e52abe50cba6ea9c415a191ec208-66ef7bd1c406421895b8c43a8ff9f32c-f426883aac9d1608a4bca20678e1e817"
[2025-08-31 14:29:09.676 -03:00] [INF] [141] Jellyfin.Plugin.PlaybackReporting.EventMonitorEntryPoint: Processing playback tracker : "TW96aWxsYS81LjAgKFdpbmRvd3MgTlQgMTAuMDsgV2luNjQ7IHg2NCkgQXBwbGVXZWJLaXQvNTM3LjM2IChLSFRNTCwgbGlrZSBHZWNrbykgQ2hyb21lLzEzNS4wLjAuMCBTYWZhcmkvNTM3LjM2fDE3NDU4ODQ3MTg3NDA1-66ef7bd1c406421895b8c43a8ff9f32c-c5b05048fd6b0ea99b7f6ed979ea40e4"
[2025-08-31 14:29:18.233 -03:00] [INF] [141] Jellyfin.Plugin.PlaybackReporting.EventMonitorEntryPoint: Processing playback tracker : "e28afc93d871e52abe50cba6ea9c415a191ec208-66ef7bd1c406421895b8c43a8ff9f32c-f426883aac9d1608a4bca20678e1e817"
[2025-08-31 14:29:39.690 -03:00] [INF] [144] Jellyfin.Plugin.PlaybackReporting.EventMonitorEntryPoint: Processing playback tracker : "TW96aWxsYS81LjAgKFdpbmRvd3MgTlQgMTAuMDsgV2luNjQ7IHg2NCkgQXBwbGVXZWJLaXQvNTM3LjM2IChLSFRNTCwgbGlrZSBHZWNrbykgQ2hyb21lLzEzNS4wLjAuMCBTYWZhcmkvNTM3LjM2fDE3NDU4ODQ3MTg3NDA1-66ef7bd1c406421895b8c43a8ff9f32c-c5b05048fd6b0ea99b7f6ed979ea40e4"
[2025-08-31 14:29:48.249 -03:00] [INF] [141] Jellyfin.Plugin.PlaybackReporting.EventMonitorEntryPoint: Processing playback tracker : "e28afc93d871e52abe50cba6ea9c415a191ec208-66ef7bd1c406421895b8c43a8ff9f32c-f426883aac9d1608a4bca20678e1e817"
[2025-08-31 14:30:09.684 -03:00] [INF] [141] Jellyfin.Plugin.PlaybackReporting.EventMonitorEntryPoint: Processing playback tracker : "TW96aWxsYS81LjAgKFdpbmRvd3MgTlQgMTAuMDsgV2luNjQ7IHg2NCkgQXBwbGVXZWJLaXQvNTM3LjM2IChLSFRNTCwgbGlrZSBHZWNrbykgQ2hyb21lLzEzNS4wLjAuMCBTYWZhcmkvNTM3LjM2fDE3NDU4ODQ3MTg3NDA1-66ef7bd1c406421895b8c43a8ff9f32c-c5b05048fd6b0ea99b7f6ed979ea40e4"
[2025-08-31 14:30:18.265 -03:00] [INF] [141] Jellyfin.Plugin.PlaybackReporting.EventMonitorEntryPoint: Processing playback tracker : "e28afc93d871e52abe50cba6ea9c415a191ec208-66ef7bd1c406421895b8c43a8ff9f32c-f426883aac9d1608a4bca20678e1e817"
[2025-08-31 14:30:39.668 -03:00] [INF] [141] Jellyfin.Plugin.PlaybackReporting.EventMonitorEntryPoint: Processing playback tracker : "TW96aWxsYS81LjAgKFdpbmRvd3MgTlQgMTAuMDsgV2luNjQ7IHg2NCkgQXBwbGVXZWJLaXQvNTM3LjM2IChLSFRNTCwgbGlrZSBHZWNrbykgQ2hyb21lLzEzNS4wLjAuMCBTYWZhcmkvNTM3LjM2fDE3NDU4ODQ3MTg3NDA1-66ef7bd1c406421895b8c43a8ff9f32c-c5b05048fd6b0ea99b7f6ed979ea40e4"
[2025-08-31 14:30:48.269 -03:00] [INF] [174] Jellyfin.Plugin.PlaybackReporting.EventMonitorEntryPoint: Processing playback tracker : "e28afc93d871e52abe50cba6ea9c415a191ec208-66ef7bd1c406421895b8c43a8ff9f32c-f426883aac9d1608a4bca20678e1e817"
[2025-08-31 14:30:59.673 -03:00] [INF] [141] Jellyfin.Plugin.PlaybackReporting.EventMonitorEntryPoint: Processing playback tracker : "TW96aWxsYS81LjAgKFdpbmRvd3MgTlQgMTAuMDsgV2luNjQ7IHg2NCkgQXBwbGVXZWJLaXQvNTM3LjM2IChLSFRNTCwgbGlrZSBHZWNrbykgQ2hyb21lLzEzNS4wLjAuMCBTYWZhcmkvNTM3LjM2fDE3NDU4ODQ3MTg3NDA1-66ef7bd1c406421895b8c43a8ff9f32c-c5b05048fd6b0ea99b7f6ed979ea40e4"
[2025-08-31 14:31:18.297 -03:00] [INF] [141] Jellyfin.Plugin.PlaybackReporting.EventMonitorEntryPoint: Processing playback tracker : "e28afc93d871e52abe50cba6ea9c415a191ec208-66ef7bd1c406421895b8c43a8ff9f32c-f426883aac9d1608a4bca20678e1e817"
[2025-08-31 14:31:19.701 -03:00] [INF] [144] Jellyfin.Plugin.PlaybackReporting.EventMonitorEntryPoint: Processing playback tracker : "TW96aWxsYS81LjAgKFdpbmRvd3MgTlQgMTAuMDsgV2luNjQ7IHg2NCkgQXBwbGVXZWJLaXQvNTM3LjM2IChLSFRNTCwgbGlrZSBHZWNrbykgQ2hyb21lLzEzNS4wLjAuMCBTYWZhcmkvNTM3LjM2fDE3NDU4ODQ3MTg3NDA1-66ef7bd1c406421895b8c43a8ff9f32c-c5b05048fd6b0ea99b7f6ed979ea40e4"
[2025-08-31 14:31:48.297 -03:00] [INF] [141] Jellyfin.Plugin.PlaybackReporting.EventMonitorEntryPoint: Processing playback tracker : "e28afc93d871e52abe50cba6ea9c415a191ec208-66ef7bd1c406421895b8c43a8ff9f32c-f426883aac9d1608a4bca20678e1e817"
[2025-08-31 14:31:49.673 -03:00] [INF] [144] Jellyfin.Plugin.PlaybackReporting.EventMonitorEntryPoint: Processing playback tracker : "TW96aWxsYS81LjAgKFdpbmRvd3MgTlQgMTAuMDsgV2luNjQ7IHg2NCkgQXBwbGVXZWJLaXQvNTM3LjM2IChLSFRNTCwgbGlrZSBHZWNrbykgQ2hyb21lLzEzNS4wLjAuMCBTYWZhcmkvNTM3LjM2fDE3NDU4ODQ3MTg3NDA1-66ef7bd1c406421895b8c43a8ff9f32c-c5b05048fd6b0ea99b7f6ed979ea40e4"
[2025-08-31 14:32:09.686 -03:00] [INF] [144] Jellyfin.Plugin.PlaybackReporting.EventMonitorEntryPoint: Processing playback tracker : "TW96aWxsYS81LjAgKFdpbmRvd3MgTlQgMTAuMDsgV2luNjQ7IHg2NCkgQXBwbGVXZWJLaXQvNTM3LjM2IChLSFRNTCwgbGlrZSBHZWNrbykgQ2hyb21lLzEzNS4wLjAuMCBTYWZhcmkvNTM3LjM2fDE3NDU4ODQ3MTg3NDA1-66ef7bd1c406421895b8c43a8ff9f32c-c5b05048fd6b0ea99b7f6ed979ea40e4"
[2025-08-31 14:32:18.303 -03:00] [INF] [141] Jellyfin.Plugin.PlaybackReporting.EventMonitorEntryPoint: Processing playback tracker : "e28afc93d871e52abe50cba6ea9c415a191ec208-66ef7bd1c406421895b8c43a8ff9f32c-f426883aac9d1608a4bca20678e1e817"
[2025-08-31 14:32:39.675 -03:00] [INF] [141] Jellyfin.Plugin.PlaybackReporting.EventMonitorEntryPoint: Processing playback tracker : "TW96aWxsYS81LjAgKFdpbmRvd3MgTlQgMTAuMDsgV2luNjQ7IHg2NCkgQXBwbGVXZWJLaXQvNTM3LjM2IChLSFRNTCwgbGlrZSBHZWNrbykgQ2hyb21lLzEzNS4wLjAuMCBTYWZhcmkvNTM3LjM2fDE3NDU4ODQ3MTg3NDA1-66ef7bd1c406421895b8c43a8ff9f32c-c5b05048fd6b0ea99b7f6ed979ea40e4"
[2025-08-31 14:32:48.319 -03:00] [INF] [11] Jellyfin.Plugin.PlaybackReporting.EventMonitorEntryPoint: Processing playback tracker : "e28afc93d871e52abe50cba6ea9c415a191ec208-66ef7bd1c406421895b8c43a8ff9f32c-f426883aac9d1608a4bca20678e1e817"
[2025-08-31 14:33:09.675 -03:00] [INF] [11] Jellyfin.Plugin.PlaybackReporting.EventMonitorEntryPoint: Processing playback tracker : "TW96aWxsYS81LjAgKFdpbmRvd3MgTlQgMTAuMDsgV2luNjQ7IHg2NCkgQXBwbGVXZWJLaXQvNTM3LjM2IChLSFRNTCwgbGlrZSBHZWNrbykgQ2hyb21lLzEzNS4wLjAuMCBTYWZhcmkvNTM3LjM2fDE3NDU4ODQ3MTg3NDA1-66ef7bd1c406421895b8c43a8ff9f32c-c5b05048fd6b0ea99b7f6ed979ea40e4"
[2025-08-31 14:33:18.339 -03:00] [INF] [11] Jellyfin.Plugin.PlaybackReporting.EventMonitorEntryPoint: Processing playback tracker : "e28afc93d871e52abe50cba6ea9c415a191ec208-66ef7bd1c406421895b8c43a8ff9f32c-f426883aac9d1608a4bca20678e1e817"
[2025-08-31 14:33:29.692 -03:00] [INF] [141] Jellyfin.Plugin.PlaybackReporting.EventMonitorEntryPoint: Processing playback tracker : "TW96aWxsYS81LjAgKFdpbmRvd3MgTlQgMTAuMDsgV2luNjQ7IHg2NCkgQXBwbGVXZWJLaXQvNTM3LjM2IChLSFRNTCwgbGlrZSBHZWNrbykgQ2hyb21lLzEzNS4wLjAuMCBTYWZhcmkvNTM3LjM2fDE3NDU4ODQ3MTg3NDA1-66ef7bd1c406421895b8c43a8ff9f32c-c5b05048fd6b0ea99b7f6ed979ea40e4"
[2025-08-31 14:33:48.353 -03:00] [INF] [174] Jellyfin.Plugin.PlaybackReporting.EventMonitorEntryPoint: Processing playback tracker : "e28afc93d871e52abe50cba6ea9c415a191ec208-66ef7bd1c406421895b8c43a8ff9f32c-f426883aac9d1608a4bca20678e1e817"
[2025-08-31 14:33:59.668 -03:00] [INF] [174] Jellyfin.Plugin.PlaybackReporting.EventMonitorEntryPoint: Processing playback tracker : "TW96aWxsYS81LjAgKFdpbmRvd3MgTlQgMTAuMDsgV2luNjQ7IHg2NCkgQXBwbGVXZWJLaXQvNTM3LjM2IChLSFRNTCwgbGlrZSBHZWNrbykgQ2hyb21lLzEzNS4wLjAuMCBTYWZhcmkvNTM3LjM2fDE3NDU4ODQ3MTg3NDA1-66ef7bd1c406421895b8c43a8ff9f32c-c5b05048fd6b0ea99b7f6ed979ea40e4"
[2025-08-31 14:34:18.364 -03:00] [INF] [11] Jellyfin.Plugin.PlaybackReporting.EventMonitorEntryPoint: Processing playback tracker : "e28afc93d871e52abe50cba6ea9c415a191ec208-66ef7bd1c406421895b8c43a8ff9f32c-f426883aac9d1608a4bca20678e1e817"
[2025-08-31 14:34:19.681 -03:00] [INF] [174] Jellyfin.Plugin.PlaybackReporting.EventMonitorEntryPoint: Processing playback tracker : "TW96aWxsYS81LjAgKFdpbmRvd3MgTlQgMTAuMDsgV2luNjQ7IHg2NCkgQXBwbGVXZWJLaXQvNTM3LjM2IChLSFRNTCwgbGlrZSBHZWNrbykgQ2hyb21lLzEzNS4wLjAuMCBTYWZhcmkvNTM3LjM2fDE3NDU4ODQ3MTg3NDA1-66ef7bd1c406421895b8c43a8ff9f32c-c5b05048fd6b0ea99b7f6ed979ea40e4"
[2025-08-31 14:34:39.681 -03:00] [INF] [174] Jellyfin.Plugin.PlaybackReporting.EventMonitorEntryPoint: Processing playback tracker : "TW96aWxsYS81LjAgKFdpbmRvd3MgTlQgMTAuMDsgV2luNjQ7IHg2NCkgQXBwbGVXZWJLaXQvNTM3LjM2IChLSFRNTCwgbGlrZSBHZWNrbykgQ2hyb21lLzEzNS4wLjAuMCBTYWZhcmkvNTM3LjM2fDE3NDU4ODQ3MTg3NDA1-66ef7bd1c406421895b8c43a8ff9f32c-c5b05048fd6b0ea99b7f6ed979ea40e4"
[2025-08-31 14:34:48.377 -03:00] [INF] [175] Jellyfin.Plugin.PlaybackReporting.EventMonitorEntryPoint: Processing playback tracker : "e28afc93d871e52abe50cba6ea9c415a191ec208-66ef7bd1c406421895b8c43a8ff9f32c-f426883aac9d1608a4bca20678e1e817"
[2025-08-31 14:35:09.660 -03:00] [INF] [175] Jellyfin.Plugin.PlaybackReporting.EventMonitorEntryPoint: Processing playback tracker : "TW96aWxsYS81LjAgKFdpbmRvd3MgTlQgMTAuMDsgV2luNjQ7IHg2NCkgQXBwbGVXZWJLaXQvNTM3LjM2IChLSFRNTCwgbGlrZSBHZWNrbykgQ2hyb21lLzEzNS4wLjAuMCBTYWZhcmkvNTM3LjM2fDE3NDU4ODQ3MTg3NDA1-66ef7bd1c406421895b8c43a8ff9f32c-c5b05048fd6b0ea99b7f6ed979ea40e4"
[2025-08-31 14:35:18.387 -03:00] [INF] [175] Jellyfin.Plugin.PlaybackReporting.EventMonitorEntryPoint: Processing playback tracker : "e28afc93d871e52abe50cba6ea9c415a191ec208-66ef7bd1c406421895b8c43a8ff9f32c-f426883aac9d1608a4bca20678e1e817"
[2025-08-31 14:35:29.726 -03:00] [INF] [174] Jellyfin.Plugin.PlaybackReporting.EventMonitorEntryPoint: Processing playback tracker : "TW96aWxsYS81LjAgKFdpbmRvd3MgTlQgMTAuMDsgV2luNjQ7IHg2NCkgQXBwbGVXZWJLaXQvNTM3LjM2IChLSFRNTCwgbGlrZSBHZWNrbykgQ2hyb21lLzEzNS4wLjAuMCBTYWZhcmkvNTM3LjM2fDE3NDU4ODQ3MTg3NDA1-66ef7bd1c406421895b8c43a8ff9f32c-c5b05048fd6b0ea99b7f6ed979ea40e4"
[2025-08-31 14:35:48.396 -03:00] [INF] [175] Jellyfin.Plugin.PlaybackReporting.EventMonitorEntryPoint: Processing playback tracker : "e28afc93d871e52abe50cba6ea9c415a191ec208-66ef7bd1c406421895b8c43a8ff9f32c-f426883aac9d1608a4bca20678e1e817"
[2025-08-31 14:35:59.661 -03:00] [INF] [175] Jellyfin.Plugin.PlaybackReporting.EventMonitorEntryPoint: Processing playback tracker : "TW96aWxsYS81LjAgKFdpbmRvd3MgTlQgMTAuMDsgV2luNjQ7IHg2NCkgQXBwbGVXZWJLaXQvNTM3LjM2IChLSFRNTCwgbGlrZSBHZWNrbykgQ2hyb21lLzEzNS4wLjAuMCBTYWZhcmkvNTM3LjM2fDE3NDU4ODQ3MTg3NDA1-66ef7bd1c406421895b8c43a8ff9f32c-c5b05048fd6b0ea99b7f6ed979ea40e4"
[2025-08-31 14:36:18.412 -03:00] [INF] [175] Jellyfin.Plugin.PlaybackReporting.EventMonitorEntryPoint: Processing playback tracker : "e28afc93d871e52abe50cba6ea9c415a191ec208-66ef7bd1c406421895b8c43a8ff9f32c-f426883aac9d1608a4bca20678e1e817"
[2025-08-31 14:36:19.666 -03:00] [INF] [174] Jellyfin.Plugin.PlaybackReporting.EventMonitorEntryPoint: Processing playback tracker : "TW96aWxsYS81LjAgKFdpbmRvd3MgTlQgMTAuMDsgV2luNjQ7IHg2NCkgQXBwbGVXZWJLaXQvNTM3LjM2IChLSFRNTCwgbGlrZSBHZWNrbykgQ2hyb21lLzEzNS4wLjAuMCBTYWZhcmkvNTM3LjM2fDE3NDU4ODQ3MTg3NDA1-66ef7bd1c406421895b8c43a8ff9f32c-c5b05048fd6b0ea99b7f6ed979ea40e4"
[2025-08-31 14:36:48.421 -03:00] [INF] [174] Jellyfin.Plugin.PlaybackReporting.EventMonitorEntryPoint: Processing playback tracker : "e28afc93d871e52abe50cba6ea9c415a191ec208-66ef7bd1c406421895b8c43a8ff9f32c-f426883aac9d1608a4bca20678e1e817"
[2025-08-31 14:36:49.670 -03:00] [INF] [141] Jellyfin.Plugin.PlaybackReporting.EventMonitorEntryPoint: Processing playback tracker : "TW96aWxsYS81LjAgKFdpbmRvd3MgTlQgMTAuMDsgV2luNjQ7IHg2NCkgQXBwbGVXZWJLaXQvNTM3LjM2IChLSFRNTCwgbGlrZSBHZWNrbykgQ2hyb21lLzEzNS4wLjAuMCBTYWZhcmkvNTM3LjM2fDE3NDU4ODQ3MTg3NDA1-66ef7bd1c406421895b8c43a8ff9f32c-c5b05048fd6b0ea99b7f6ed979ea40e4"
[2025-08-31 14:37:18.448 -03:00] [INF] [174] Jellyfin.Plugin.PlaybackReporting.EventMonitorEntryPoint: Processing playback tracker : "e28afc93d871e52abe50cba6ea9c415a191ec208-66ef7bd1c406421895b8c43a8ff9f32c-f426883aac9d1608a4bca20678e1e817"
[2025-08-31 14:37:19.681 -03:00] [INF] [175] Jellyfin.Plugin.PlaybackReporting.EventMonitorEntryPoint: Processing playback tracker : "TW96aWxsYS81LjAgKFdpbmRvd3MgTlQgMTAuMDsgV2luNjQ7IHg2NCkgQXBwbGVXZWJLaXQvNTM3LjM2IChLSFRNTCwgbGlrZSBHZWNrbykgQ2hyb21lLzEzNS4wLjAuMCBTYWZhcmkvNTM3LjM2fDE3NDU4ODQ3MTg3NDA1-66ef7bd1c406421895b8c43a8ff9f32c-c5b05048fd6b0ea99b7f6ed979ea40e4"
[2025-08-31 14:37:48.445 -03:00] [INF] [11] Jellyfin.Plugin.PlaybackReporting.EventMonitorEntryPoint: Processing playback tracker : "e28afc93d871e52abe50cba6ea9c415a191ec208-66ef7bd1c406421895b8c43a8ff9f32c-f426883aac9d1608a4bca20678e1e817"
[2025-08-31 14:37:49.667 -03:00] [INF] [174] Jellyfin.Plugin.PlaybackReporting.EventMonitorEntryPoint: Processing playback tracker : "TW96aWxsYS81LjAgKFdpbmRvd3MgTlQgMTAuMDsgV2luNjQ7IHg2NCkgQXBwbGVXZWJLaXQvNTM3LjM2IChLSFRNTCwgbGlrZSBHZWNrbykgQ2hyb21lLzEzNS4wLjAuMCBTYWZhcmkvNTM3LjM2fDE3NDU4ODQ3MTg3NDA1-66ef7bd1c406421895b8c43a8ff9f32c-c5b05048fd6b0ea99b7f6ed979ea40e4"
[2025-08-31 14:38:09.680 -03:00] [INF] [11] Jellyfin.Plugin.PlaybackReporting.EventMonitorEntryPoint: Processing playback tracker : "TW96aWxsYS81LjAgKFdpbmRvd3MgTlQgMTAuMDsgV2luNjQ7IHg2NCkgQXBwbGVXZWJLaXQvNTM3LjM2IChLSFRNTCwgbGlrZSBHZWNrbykgQ2hyb21lLzEzNS4wLjAuMCBTYWZhcmkvNTM3LjM2fDE3NDU4ODQ3MTg3NDA1-66ef7bd1c406421895b8c43a8ff9f32c-c5b05048fd6b0ea99b7f6ed979ea40e4"
[2025-08-31 14:38:18.455 -03:00] [INF] [141] Jellyfin.Plugin.PlaybackReporting.EventMonitorEntryPoint: Processing playback tracker : "e28afc93d871e52abe50cba6ea9c415a191ec208-66ef7bd1c406421895b8c43a8ff9f32c-f426883aac9d1608a4bca20678e1e817"
[2025-08-31 14:38:39.668 -03:00] [INF] [11] Jellyfin.Plugin.PlaybackReporting.EventMonitorEntryPoint: Processing playback tracker : "TW96aWxsYS81LjAgKFdpbmRvd3MgTlQgMTAuMDsgV2luNjQ7IHg2NCkgQXBwbGVXZWJLaXQvNTM3LjM2IChLSFRNTCwgbGlrZSBHZWNrbykgQ2hyb21lLzEzNS4wLjAuMCBTYWZhcmkvNTM3LjM2fDE3NDU4ODQ3MTg3NDA1-66ef7bd1c406421895b8c43a8ff9f32c-c5b05048fd6b0ea99b7f6ed979ea40e4"
[2025-08-31 14:38:48.461 -03:00] [INF] [11] Jellyfin.Plugin.PlaybackReporting.EventMonitorEntryPoint: Processing playback tracker : "e28afc93d871e52abe50cba6ea9c415a191ec208-66ef7bd1c406421895b8c43a8ff9f32c-f426883aac9d1608a4bca20678e1e817"
[2025-08-31 14:39:09.672 -03:00] [INF] [141] Jellyfin.Plugin.PlaybackReporting.EventMonitorEntryPoint: Processing playback tracker : "TW96aWxsYS81LjAgKFdpbmRvd3MgTlQgMTAuMDsgV2luNjQ7IHg2NCkgQXBwbGVXZWJLaXQvNTM3LjM2IChLSFRNTCwgbGlrZSBHZWNrbykgQ2hyb21lLzEzNS4wLjAuMCBTYWZhcmkvNTM3LjM2fDE3NDU4ODQ3MTg3NDA1-66ef7bd1c406421895b8c43a8ff9f32c-c5b05048fd6b0ea99b7f6ed979ea40e4"
[2025-08-31 14:39:18.477 -03:00] [INF] [11] Jellyfin.Plugin.PlaybackReporting.EventMonitorEntryPoint: Processing playback tracker : "e28afc93d871e52abe50cba6ea9c415a191ec208-66ef7bd1c406421895b8c43a8ff9f32c-f426883aac9d1608a4bca20678e1e817"
[2025-08-31 14:39:39.673 -03:00] [INF] [174] Jellyfin.Plugin.PlaybackReporting.EventMonitorEntryPoint: Processing playback tracker : "TW96aWxsYS81LjAgKFdpbmRvd3MgTlQgMTAuMDsgV2luNjQ7IHg2NCkgQXBwbGVXZWJLaXQvNTM3LjM2IChLSFRNTCwgbGlrZSBHZWNrbykgQ2hyb21lLzEzNS4wLjAuMCBTYWZhcmkvNTM3LjM2fDE3NDU4ODQ3MTg3NDA1-66ef7bd1c406421895b8c43a8ff9f32c-c5b05048fd6b0ea99b7f6ed979ea40e4"
[2025-08-31 14:39:48.504 -03:00] [INF] [11] Jellyfin.Plugin.PlaybackReporting.EventMonitorEntryPoint: Processing playback tracker : "e28afc93d871e52abe50cba6ea9c415a191ec208-66ef7bd1c406421895b8c43a8ff9f32c-f426883aac9d1608a4bca20678e1e817"
[2025-08-31 14:40:09.669 -03:00] [INF] [174] Jellyfin.Plugin.PlaybackReporting.EventMonitorEntryPoint: Processing playback tracker : "TW96aWxsYS81LjAgKFdpbmRvd3MgTlQgMTAuMDsgV2luNjQ7IHg2NCkgQXBwbGVXZWJLaXQvNTM3LjM2IChLSFRNTCwgbGlrZSBHZWNrbykgQ2hyb21lLzEzNS4wLjAuMCBTYWZhcmkvNTM3LjM2fDE3NDU4ODQ3MTg3NDA1-66ef7bd1c406421895b8c43a8ff9f32c-c5b05048fd6b0ea99b7f6ed979ea40e4"
[2025-08-31 14:40:18.491 -03:00] [INF] [11] Jellyfin.Plugin.PlaybackReporting.EventMonitorEntryPoint: Processing playback tracker : "e28afc93d871e52abe50cba6ea9c415a191ec208-66ef7bd1c406421895b8c43a8ff9f32c-f426883aac9d1608a4bca20678e1e817"
[2025-08-31 14:40:39.673 -03:00] [INF] [174] Jellyfin.Plugin.PlaybackReporting.EventMonitorEntryPoint: Processing playback tracker : "TW96aWxsYS81LjAgKFdpbmRvd3MgTlQgMTAuMDsgV2luNjQ7IHg2NCkgQXBwbGVXZWJLaXQvNTM3LjM2IChLSFRNTCwgbGlrZSBHZWNrbykgQ2hyb21lLzEzNS4wLjAuMCBTYWZhcmkvNTM3LjM2fDE3NDU4ODQ3MTg3NDA1-66ef7bd1c406421895b8c43a8ff9f32c-c5b05048fd6b0ea99b7f6ed979ea40e4"
[2025-08-31 14:40:48.500 -03:00] [INF] [174] Jellyfin.Plugin.PlaybackReporting.EventMonitorEntryPoint: Processing playback tracker : "e28afc93d871e52abe50cba6ea9c415a191ec208-66ef7bd1c406421895b8c43a8ff9f32c-f426883aac9d1608a4bca20678e1e817"
[2025-08-31 14:41:09.668 -03:00] [INF] [174] Jellyfin.Plugin.PlaybackReporting.EventMonitorEntryPoint: Processing playback tracker : "TW96aWxsYS81LjAgKFdpbmRvd3MgTlQgMTAuMDsgV2luNjQ7IHg2NCkgQXBwbGVXZWJLaXQvNTM3LjM2IChLSFRNTCwgbGlrZSBHZWNrbykgQ2hyb21lLzEzNS4wLjAuMCBTYWZhcmkvNTM3LjM2fDE3NDU4ODQ3MTg3NDA1-66ef7bd1c406421895b8c43a8ff9f32c-c5b05048fd6b0ea99b7f6ed979ea40e4"
[2025-08-31 14:41:18.547 -03:00] [INF] [175] Jellyfin.Plugin.PlaybackReporting.EventMonitorEntryPoint: Processing playback tracker : "e28afc93d871e52abe50cba6ea9c415a191ec208-66ef7bd1c406421895b8c43a8ff9f32c-f426883aac9d1608a4bca20678e1e817"
[2025-08-31 14:41:29.669 -03:00] [INF] [174] Jellyfin.Plugin.PlaybackReporting.EventMonitorEntryPoint: Processing playback tracker : "TW96aWxsYS81LjAgKFdpbmRvd3MgTlQgMTAuMDsgV2luNjQ7IHg2NCkgQXBwbGVXZWJLaXQvNTM3LjM2IChLSFRNTCwgbGlrZSBHZWNrbykgQ2hyb21lLzEzNS4wLjAuMCBTYWZhcmkvNTM3LjM2fDE3NDU4ODQ3MTg3NDA1-66ef7bd1c406421895b8c43a8ff9f32c-c5b05048fd6b0ea99b7f6ed979ea40e4"
[2025-08-31 14:41:48.529 -03:00] [INF] [11] Jellyfin.Plugin.PlaybackReporting.EventMonitorEntryPoint: Processing playback tracker : "e28afc93d871e52abe50cba6ea9c415a191ec208-66ef7bd1c406421895b8c43a8ff9f32c-f426883aac9d1608a4bca20678e1e817"
[2025-08-31 14:41:49.673 -03:00] [INF] [11] Jellyfin.Plugin.PlaybackReporting.EventMonitorEntryPoint: Processing playback tracker : "TW96aWxsYS81LjAgKFdpbmRvd3MgTlQgMTAuMDsgV2luNjQ7IHg2NCkgQXBwbGVXZWJLaXQvNTM3LjM2IChLSFRNTCwgbGlrZSBHZWNrbykgQ2hyb21lLzEzNS4wLjAuMCBTYWZhcmkvNTM3LjM2fDE3NDU4ODQ3MTg3NDA1-66ef7bd1c406421895b8c43a8ff9f32c-c5b05048fd6b0ea99b7f6ed979ea40e4"
[2025-08-31 14:42:18.555 -03:00] [INF] [175] Jellyfin.Plugin.PlaybackReporting.EventMonitorEntryPoint: Processing playback tracker : "e28afc93d871e52abe50cba6ea9c415a191ec208-66ef7bd1c406421895b8c43a8ff9f32c-f426883aac9d1608a4bca20678e1e817"
[2025-08-31 14:42:19.671 -03:00] [INF] [11] Jellyfin.Plugin.PlaybackReporting.EventMonitorEntryPoint: Processing playback tracker : "TW96aWxsYS81LjAgKFdpbmRvd3MgTlQgMTAuMDsgV2luNjQ7IHg2NCkgQXBwbGVXZWJLaXQvNTM3LjM2IChLSFRNTCwgbGlrZSBHZWNrbykgQ2hyb21lLzEzNS4wLjAuMCBTYWZhcmkvNTM3LjM2fDE3NDU4ODQ3MTg3NDA1-66ef7bd1c406421895b8c43a8ff9f32c-c5b05048fd6b0ea99b7f6ed979ea40e4"
[2025-08-31 14:42:48.551 -03:00] [INF] [174] Jellyfin.Plugin.PlaybackReporting.EventMonitorEntryPoint: Processing playback tracker : "e28afc93d871e52abe50cba6ea9c415a191ec208-66ef7bd1c406421895b8c43a8ff9f32c-f426883aac9d1608a4bca20678e1e817"
[2025-08-31 14:42:49.666 -03:00] [INF] [11] Jellyfin.Plugin.PlaybackReporting.EventMonitorEntryPoint: Processing playback tracker : "TW96aWxsYS81LjAgKFdpbmRvd3MgTlQgMTAuMDsgV2luNjQ7IHg2NCkgQXBwbGVXZWJLaXQvNTM3LjM2IChLSFRNTCwgbGlrZSBHZWNrbykgQ2hyb21lLzEzNS4wLjAuMCBTYWZhcmkvNTM3LjM2fDE3NDU4ODQ3MTg3NDA1-66ef7bd1c406421895b8c43a8ff9f32c-c5b05048fd6b0ea99b7f6ed979ea40e4"
[2025-08-31 14:43:09.680 -03:00] [INF] [174] Jellyfin.Plugin.PlaybackReporting.EventMonitorEntryPoint: Processing playback tracker : "TW96aWxsYS81LjAgKFdpbmRvd3MgTlQgMTAuMDsgV2luNjQ7IHg2NCkgQXBwbGVXZWJLaXQvNTM3LjM2IChLSFRNTCwgbGlrZSBHZWNrbykgQ2hyb21lLzEzNS4wLjAuMCBTYWZhcmkvNTM3LjM2fDE3NDU4ODQ3MTg3NDA1-66ef7bd1c406421895b8c43a8ff9f32c-c5b05048fd6b0ea99b7f6ed979ea40e4"
[2025-08-31 14:43:18.558 -03:00] [INF] [11] Jellyfin.Plugin.PlaybackReporting.EventMonitorEntryPoint: Processing playback tracker : "e28afc93d871e52abe50cba6ea9c415a191ec208-66ef7bd1c406421895b8c43a8ff9f32c-f426883aac9d1608a4bca20678e1e817"
[2025-08-31 14:43:39.667 -03:00] [INF] [11] Jellyfin.Plugin.PlaybackReporting.EventMonitorEntryPoint: Processing playback tracker : "TW96aWxsYS81LjAgKFdpbmRvd3MgTlQgMTAuMDsgV2luNjQ7IHg2NCkgQXBwbGVXZWJLaXQvNTM3LjM2IChLSFRNTCwgbGlrZSBHZWNrbykgQ2hyb21lLzEzNS4wLjAuMCBTYWZhcmkvNTM3LjM2fDE3NDU4ODQ3MTg3NDA1-66ef7bd1c406421895b8c43a8ff9f32c-c5b05048fd6b0ea99b7f6ed979ea40e4"
[2025-08-31 14:43:48.568 -03:00] [INF] [175] Jellyfin.Plugin.PlaybackReporting.EventMonitorEntryPoint: Processing playback tracker : "e28afc93d871e52abe50cba6ea9c415a191ec208-66ef7bd1c406421895b8c43a8ff9f32c-f426883aac9d1608a4bca20678e1e817"
[2025-08-31 14:43:59.669 -03:00] [INF] [11] Jellyfin.Plugin.PlaybackReporting.EventMonitorEntryPoint: Processing playback tracker : "TW96aWxsYS81LjAgKFdpbmRvd3MgTlQgMTAuMDsgV2luNjQ7IHg2NCkgQXBwbGVXZWJLaXQvNTM3LjM2IChLSFRNTCwgbGlrZSBHZWNrbykgQ2hyb21lLzEzNS4wLjAuMCBTYWZhcmkvNTM3LjM2fDE3NDU4ODQ3MTg3NDA1-66ef7bd1c406421895b8c43a8ff9f32c-c5b05048fd6b0ea99b7f6ed979ea40e4"
[2025-08-31 14:44:18.575 -03:00] [INF] [11] Jellyfin.Plugin.PlaybackReporting.EventMonitorEntryPoint: Processing playback tracker : "e28afc93d871e52abe50cba6ea9c415a191ec208-66ef7bd1c406421895b8c43a8ff9f32c-f426883aac9d1608a4bca20678e1e817"
[2025-08-31 14:44:29.666 -03:00] [INF] [11] Jellyfin.Plugin.PlaybackReporting.EventMonitorEntryPoint: Processing playback tracker : "TW96aWxsYS81LjAgKFdpbmRvd3MgTlQgMTAuMDsgV2luNjQ7IHg2NCkgQXBwbGVXZWJLaXQvNTM3LjM2IChLSFRNTCwgbGlrZSBHZWNrbykgQ2hyb21lLzEzNS4wLjAuMCBTYWZhcmkvNTM3LjM2fDE3NDU4ODQ3MTg3NDA1-66ef7bd1c406421895b8c43a8ff9f32c-c5b05048fd6b0ea99b7f6ed979ea40e4"
[2025-08-31 14:44:48.589 -03:00] [INF] [11] Jellyfin.Plugin.PlaybackReporting.EventMonitorEntryPoint: Processing playback tracker : "e28afc93d871e52abe50cba6ea9c415a191ec208-66ef7bd1c406421895b8c43a8ff9f32c-f426883aac9d1608a4bca20678e1e817"
[2025-08-31 14:44:49.666 -03:00] [INF] [11] Jellyfin.Plugin.PlaybackReporting.EventMonitorEntryPoint: Processing playback tracker : "TW96aWxsYS81LjAgKFdpbmRvd3MgTlQgMTAuMDsgV2luNjQ7IHg2NCkgQXBwbGVXZWJLaXQvNTM3LjM2IChLSFRNTCwgbGlrZSBHZWNrbykgQ2hyb21lLzEzNS4wLjAuMCBTYWZhcmkvNTM3LjM2fDE3NDU4ODQ3MTg3NDA1-66ef7bd1c406421895b8c43a8ff9f32c-c5b05048fd6b0ea99b7f6ed979ea40e4"
[2025-08-31 14:45:18.607 -03:00] [INF] [11] Jellyfin.Plugin.PlaybackReporting.EventMonitorEntryPoint: Processing playback tracker : "e28afc93d871e52abe50cba6ea9c415a191ec208-66ef7bd1c406421895b8c43a8ff9f32c-f426883aac9d1608a4bca20678e1e817"
[2025-08-31 14:45:20.575 -03:00] [INF] [11] Jellyfin.Plugin.PlaybackReporting.EventMonitorEntryPoint: Processing playback tracker : "TW96aWxsYS81LjAgKFdpbmRvd3MgTlQgMTAuMDsgV2luNjQ7IHg2NCkgQXBwbGVXZWJLaXQvNTM3LjM2IChLSFRNTCwgbGlrZSBHZWNrbykgQ2hyb21lLzEzNS4wLjAuMCBTYWZhcmkvNTM3LjM2fDE3NDU4ODQ3MTg3NDA1-66ef7bd1c406421895b8c43a8ff9f32c-c5b05048fd6b0ea99b7f6ed979ea40e4"
[2025-08-31 14:45:48.624 -03:00] [INF] [141] Jellyfin.Plugin.PlaybackReporting.EventMonitorEntryPoint: Processing playback tracker : "e28afc93d871e52abe50cba6ea9c415a191ec208-66ef7bd1c406421895b8c43a8ff9f32c-f426883aac9d1608a4bca20678e1e817"
[2025-08-31 14:45:49.671 -03:00] [INF] [11] Jellyfin.Plugin.PlaybackReporting.EventMonitorEntryPoint: Processing playback tracker : "TW96aWxsYS81LjAgKFdpbmRvd3MgTlQgMTAuMDsgV2luNjQ7IHg2NCkgQXBwbGVXZWJLaXQvNTM3LjM2IChLSFRNTCwgbGlrZSBHZWNrbykgQ2hyb21lLzEzNS4wLjAuMCBTYWZhcmkvNTM3LjM2fDE3NDU4ODQ3MTg3NDA1-66ef7bd1c406421895b8c43a8ff9f32c-c5b05048fd6b0ea99b7f6ed979ea40e4"
[2025-08-31 14:46:09.676 -03:00] [INF] [141] Jellyfin.Plugin.PlaybackReporting.EventMonitorEntryPoint: Processing playback tracker : "TW96aWxsYS81LjAgKFdpbmRvd3MgTlQgMTAuMDsgV2luNjQ7IHg2NCkgQXBwbGVXZWJLaXQvNTM3LjM2IChLSFRNTCwgbGlrZSBHZWNrbykgQ2hyb21lLzEzNS4wLjAuMCBTYWZhcmkvNTM3LjM2fDE3NDU4ODQ3MTg3NDA1-66ef7bd1c406421895b8c43a8ff9f32c-c5b05048fd6b0ea99b7f6ed979ea40e4"
[2025-08-31 14:46:18.616 -03:00] [INF] [174] Jellyfin.Plugin.PlaybackReporting.EventMonitorEntryPoint: Processing playback tracker : "e28afc93d871e52abe50cba6ea9c415a191ec208-66ef7bd1c406421895b8c43a8ff9f32c-f426883aac9d1608a4bca20678e1e817"
[2025-08-31 14:46:39.664 -03:00] [INF] [11] Jellyfin.Plugin.PlaybackReporting.EventMonitorEntryPoint: Processing playback tracker : "TW96aWxsYS81LjAgKFdpbmRvd3MgTlQgMTAuMDsgV2luNjQ7IHg2NCkgQXBwbGVXZWJLaXQvNTM3LjM2IChLSFRNTCwgbGlrZSBHZWNrbykgQ2hyb21lLzEzNS4wLjAuMCBTYWZhcmkvNTM3LjM2fDE3NDU4ODQ3MTg3NDA1-66ef7bd1c406421895b8c43a8ff9f32c-c5b05048fd6b0ea99b7f6ed979ea40e4"
[2025-08-31 14:46:48.623 -03:00] [INF] [11] Jellyfin.Plugin.PlaybackReporting.EventMonitorEntryPoint: Processing playback tracker : "e28afc93d871e52abe50cba6ea9c415a191ec208-66ef7bd1c406421895b8c43a8ff9f32c-f426883aac9d1608a4bca20678e1e817"
[2025-08-31 14:46:59.674 -03:00] [INF] [11] Jellyfin.Plugin.PlaybackReporting.EventMonitorEntryPoint: Processing playback tracker : "TW96aWxsYS81LjAgKFdpbmRvd3MgTlQgMTAuMDsgV2luNjQ7IHg2NCkgQXBwbGVXZWJLaXQvNTM3LjM2IChLSFRNTCwgbGlrZSBHZWNrbykgQ2hyb21lLzEzNS4wLjAuMCBTYWZhcmkvNTM3LjM2fDE3NDU4ODQ3MTg3NDA1-66ef7bd1c406421895b8c43a8ff9f32c-c5b05048fd6b0ea99b7f6ed979ea40e4"
[2025-08-31 14:47:18.638 -03:00] [INF] [141] Jellyfin.Plugin.PlaybackReporting.EventMonitorEntryPoint: Processing playback tracker : "e28afc93d871e52abe50cba6ea9c415a191ec208-66ef7bd1c406421895b8c43a8ff9f32c-f426883aac9d1608a4bca20678e1e817"
[2025-08-31 14:47:29.676 -03:00] [INF] [146] Jellyfin.Plugin.PlaybackReporting.EventMonitorEntryPoint: Processing playback tracker : "TW96aWxsYS81LjAgKFdpbmRvd3MgTlQgMTAuMDsgV2luNjQ7IHg2NCkgQXBwbGVXZWJLaXQvNTM3LjM2IChLSFRNTCwgbGlrZSBHZWNrbykgQ2hyb21lLzEzNS4wLjAuMCBTYWZhcmkvNTM3LjM2fDE3NDU4ODQ3MTg3NDA1-66ef7bd1c406421895b8c43a8ff9f32c-c5b05048fd6b0ea99b7f6ed979ea40e4"
[2025-08-31 14:47:48.655 -03:00] [INF] [174] Jellyfin.Plugin.PlaybackReporting.EventMonitorEntryPoint: Processing playback tracker : "e28afc93d871e52abe50cba6ea9c415a191ec208-66ef7bd1c406421895b8c43a8ff9f32c-f426883aac9d1608a4bca20678e1e817"
[2025-08-31 14:47:59.673 -03:00] [INF] [174] Jellyfin.Plugin.PlaybackReporting.EventMonitorEntryPoint: Processing playback tracker : "TW96aWxsYS81LjAgKFdpbmRvd3MgTlQgMTAuMDsgV2luNjQ7IHg2NCkgQXBwbGVXZWJLaXQvNTM3LjM2IChLSFRNTCwgbGlrZSBHZWNrbykgQ2hyb21lLzEzNS4wLjAuMCBTYWZhcmkvNTM3LjM2fDE3NDU4ODQ3MTg3NDA1-66ef7bd1c406421895b8c43a8ff9f32c-c5b05048fd6b0ea99b7f6ed979ea40e4"
[2025-08-31 14:48:18.662 -03:00] [INF] [146] Jellyfin.Plugin.PlaybackReporting.EventMonitorEntryPoint: Processing playback tracker : "e28afc93d871e52abe50cba6ea9c415a191ec208-66ef7bd1c406421895b8c43a8ff9f32c-f426883aac9d1608a4bca20678e1e817"
[2025-08-31 14:48:19.676 -03:00] [INF] [174] Jellyfin.Plugin.PlaybackReporting.EventMonitorEntryPoint: Processing playback tracker : "TW96aWxsYS81LjAgKFdpbmRvd3MgTlQgMTAuMDsgV2luNjQ7IHg2NCkgQXBwbGVXZWJLaXQvNTM3LjM2IChLSFRNTCwgbGlrZSBHZWNrbykgQ2hyb21lLzEzNS4wLjAuMCBTYWZhcmkvNTM3LjM2fDE3NDU4ODQ3MTg3NDA1-66ef7bd1c406421895b8c43a8ff9f32c-c5b05048fd6b0ea99b7f6ed979ea40e4"
[2025-08-31 14:48:39.692 -03:00] [INF] [174] Jellyfin.Plugin.PlaybackReporting.EventMonitorEntryPoint: Processing playback tracker : "TW96aWxsYS81LjAgKFdpbmRvd3MgTlQgMTAuMDsgV2luNjQ7IHg2NCkgQXBwbGVXZWJLaXQvNTM3LjM2IChLSFRNTCwgbGlrZSBHZWNrbykgQ2hyb21lLzEzNS4wLjAuMCBTYWZhcmkvNTM3LjM2fDE3NDU4ODQ3MTg3NDA1-66ef7bd1c406421895b8c43a8ff9f32c-c5b05048fd6b0ea99b7f6ed979ea40e4"
[2025-08-31 14:48:48.665 -03:00] [INF] [146] Jellyfin.Plugin.PlaybackReporting.EventMonitorEntryPoint: Processing playback tracker : "e28afc93d871e52abe50cba6ea9c415a191ec208-66ef7bd1c406421895b8c43a8ff9f32c-f426883aac9d1608a4bca20678e1e817"
[2025-08-31 14:49:09.671 -03:00] [INF] [174] Jellyfin.Plugin.PlaybackReporting.EventMonitorEntryPoint: Processing playback tracker : "TW96aWxsYS81LjAgKFdpbmRvd3MgTlQgMTAuMDsgV2luNjQ7IHg2NCkgQXBwbGVXZWJLaXQvNTM3LjM2IChLSFRNTCwgbGlrZSBHZWNrbykgQ2hyb21lLzEzNS4wLjAuMCBTYWZhcmkvNTM3LjM2fDE3NDU4ODQ3MTg3NDA1-66ef7bd1c406421895b8c43a8ff9f32c-c5b05048fd6b0ea99b7f6ed979ea40e4"
[2025-08-31 14:49:18.677 -03:00] [INF] [146] Jellyfin.Plugin.PlaybackReporting.EventMonitorEntryPoint: Processing playback tracker : "e28afc93d871e52abe50cba6ea9c415a191ec208-66ef7bd1c406421895b8c43a8ff9f32c-f426883aac9d1608a4bca20678e1e817"
[2025-08-31 14:49:29.674 -03:00] [INF] [146] Jellyfin.Plugin.PlaybackReporting.EventMonitorEntryPoint: Processing playback tracker : "TW96aWxsYS81LjAgKFdpbmRvd3MgTlQgMTAuMDsgV2luNjQ7IHg2NCkgQXBwbGVXZWJLaXQvNTM3LjM2IChLSFRNTCwgbGlrZSBHZWNrbykgQ2hyb21lLzEzNS4wLjAuMCBTYWZhcmkvNTM3LjM2fDE3NDU4ODQ3MTg3NDA1-66ef7bd1c406421895b8c43a8ff9f32c-c5b05048fd6b0ea99b7f6ed979ea40e4"
[2025-08-31 14:49:48.688 -03:00] [INF] [141] Jellyfin.Plugin.PlaybackReporting.EventMonitorEntryPoint: Processing playback tracker : "e28afc93d871e52abe50cba6ea9c415a191ec208-66ef7bd1c406421895b8c43a8ff9f32c-f426883aac9d1608a4bca20678e1e817"
[2025-08-31 14:49:59.678 -03:00] [INF] [141] Jellyfin.Plugin.PlaybackReporting.EventMonitorEntryPoint: Processing playback tracker : "TW96aWxsYS81LjAgKFdpbmRvd3MgTlQgMTAuMDsgV2luNjQ7IHg2NCkgQXBwbGVXZWJLaXQvNTM3LjM2IChLSFRNTCwgbGlrZSBHZWNrbykgQ2hyb21lLzEzNS4wLjAuMCBTYWZhcmkvNTM3LjM2fDE3NDU4ODQ3MTg3NDA1-66ef7bd1c406421895b8c43a8ff9f32c-c5b05048fd6b0ea99b7f6ed979ea40e4"
[2025-08-31 14:50:18.697 -03:00] [INF] [141] Jellyfin.Plugin.PlaybackReporting.EventMonitorEntryPoint: Processing playback tracker : "e28afc93d871e52abe50cba6ea9c415a191ec208-66ef7bd1c406421895b8c43a8ff9f32c-f426883aac9d1608a4bca20678e1e817"
[2025-08-31 14:50:29.668 -03:00] [INF] [141] Jellyfin.Plugin.PlaybackReporting.EventMonitorEntryPoint: Processing playback tracker : "TW96aWxsYS81LjAgKFdpbmRvd3MgTlQgMTAuMDsgV2luNjQ7IHg2NCkgQXBwbGVXZWJLaXQvNTM3LjM2IChLSFRNTCwgbGlrZSBHZWNrbykgQ2hyb21lLzEzNS4wLjAuMCBTYWZhcmkvNTM3LjM2fDE3NDU4ODQ3MTg3NDA1-66ef7bd1c406421895b8c43a8ff9f32c-c5b05048fd6b0ea99b7f6ed979ea40e4"
[2025-08-31 14:50:48.710 -03:00] [INF] [141] Jellyfin.Plugin.PlaybackReporting.EventMonitorEntryPoint: Processing playback tracker : "e28afc93d871e52abe50cba6ea9c415a191ec208-66ef7bd1c406421895b8c43a8ff9f32c-f426883aac9d1608a4bca20678e1e817"
[2025-08-31 14:50:59.670 -03:00] [INF] [174] Jellyfin.Plugin.PlaybackReporting.EventMonitorEntryPoint: Processing playback tracker : "TW96aWxsYS81LjAgKFdpbmRvd3MgTlQgMTAuMDsgV2luNjQ7IHg2NCkgQXBwbGVXZWJLaXQvNTM3LjM2IChLSFRNTCwgbGlrZSBHZWNrbykgQ2hyb21lLzEzNS4wLjAuMCBTYWZhcmkvNTM3LjM2fDE3NDU4ODQ3MTg3NDA1-66ef7bd1c406421895b8c43a8ff9f32c-c5b05048fd6b0ea99b7f6ed979ea40e4"
[2025-08-31 14:51:18.728 -03:00] [INF] [146] Jellyfin.Plugin.PlaybackReporting.EventMonitorEntryPoint: Processing playback tracker : "e28afc93d871e52abe50cba6ea9c415a191ec208-66ef7bd1c406421895b8c43a8ff9f32c-f426883aac9d1608a4bca20678e1e817"
[2025-08-31 14:51:31.509 -03:00] [INF] [141] Jellyfin.Plugin.PlaybackReporting.EventMonitorEntryPoint: Processing playback tracker : "TW96aWxsYS81LjAgKFdpbmRvd3MgTlQgMTAuMDsgV2luNjQ7IHg2NCkgQXBwbGVXZWJLaXQvNTM3LjM2IChLSFRNTCwgbGlrZSBHZWNrbykgQ2hyb21lLzEzNS4wLjAuMCBTYWZhcmkvNTM3LjM2fDE3NDU4ODQ3MTg3NDA1-66ef7bd1c406421895b8c43a8ff9f32c-c5b05048fd6b0ea99b7f6ed979ea40e4"
[2025-08-31 14:51:48.737 -03:00] [INF] [146] Jellyfin.Plugin.PlaybackReporting.EventMonitorEntryPoint: Processing playback tracker : "e28afc93d871e52abe50cba6ea9c415a191ec208-66ef7bd1c406421895b8c43a8ff9f32c-f426883aac9d1608a4bca20678e1e817"
[2025-08-31 14:52:01.504 -03:00] [INF] [141] Jellyfin.Plugin.PlaybackReporting.EventMonitorEntryPoint: Processing playback tracker : "TW96aWxsYS81LjAgKFdpbmRvd3MgTlQgMTAuMDsgV2luNjQ7IHg2NCkgQXBwbGVXZWJLaXQvNTM3LjM2IChLSFRNTCwgbGlrZSBHZWNrbykgQ2hyb21lLzEzNS4wLjAuMCBTYWZhcmkvNTM3LjM2fDE3NDU4ODQ3MTg3NDA1-66ef7bd1c406421895b8c43a8ff9f32c-c5b05048fd6b0ea99b7f6ed979ea40e4"
[2025-08-31 14:52:18.739 -03:00] [INF] [146] Jellyfin.Plugin.PlaybackReporting.EventMonitorEntryPoint: Processing playback tracker : "e28afc93d871e52abe50cba6ea9c415a191ec208-66ef7bd1c406421895b8c43a8ff9f32c-f426883aac9d1608a4bca20678e1e817"
[2025-08-31 14:52:21.516 -03:00] [INF] [174] Jellyfin.Plugin.PlaybackReporting.EventMonitorEntryPoint: Processing playback tracker : "TW96aWxsYS81LjAgKFdpbmRvd3MgTlQgMTAuMDsgV2luNjQ7IHg2NCkgQXBwbGVXZWJLaXQvNTM3LjM2IChLSFRNTCwgbGlrZSBHZWNrbykgQ2hyb21lLzEzNS4wLjAuMCBTYWZhcmkvNTM3LjM2fDE3NDU4ODQ3MTg3NDA1-66ef7bd1c406421895b8c43a8ff9f32c-c5b05048fd6b0ea99b7f6ed979ea40e4"
[2025-08-31 14:52:48.749 -03:00] [INF] [174] Jellyfin.Plugin.PlaybackReporting.EventMonitorEntryPoint: Processing playback tracker : "e28afc93d871e52abe50cba6ea9c415a191ec208-66ef7bd1c406421895b8c43a8ff9f32c-f426883aac9d1608a4bca20678e1e817"
[2025-08-31 14:52:51.210 -03:00] [INF] [141] Emby.Server.Implementations.Session.SessionWebSocketListener: Sending ForceKeepAlive message to 1 inactive WebSockets.
[2025-08-31 14:53:18.773 -03:00] [INF] [111] Jellyfin.Plugin.PlaybackReporting.EventMonitorEntryPoint: Processing playback tracker : "e28afc93d871e52abe50cba6ea9c415a191ec208-66ef7bd1c406421895b8c43a8ff9f32c-f426883aac9d1608a4bca20678e1e817"
[2025-08-31 14:53:48.766 -03:00] [INF] [77] Jellyfin.Plugin.PlaybackReporting.EventMonitorEntryPoint: Processing playback tracker : "e28afc93d871e52abe50cba6ea9c415a191ec208-66ef7bd1c406421895b8c43a8ff9f32c-f426883aac9d1608a4bca20678e1e817"
[2025-08-31 14:53:57.524 -03:00] [INF] [77] Jellyfin.Plugin.PlaybackReporting.EventMonitorEntryPoint: Processing playback tracker : "TW96aWxsYS81LjAgKFdpbmRvd3MgTlQgMTAuMDsgV2luNjQ7IHg2NCkgQXBwbGVXZWJLaXQvNTM3LjM2IChLSFRNTCwgbGlrZSBHZWNrbykgQ2hyb21lLzEzNS4wLjAuMCBTYWZhcmkvNTM3LjM2fDE3NDU4ODQ3MTg3NDA1-66ef7bd1c406421895b8c43a8ff9f32c-c5b05048fd6b0ea99b7f6ed979ea40e4"
[2025-08-31 14:54:18.781 -03:00] [INF] [174] Jellyfin.Plugin.PlaybackReporting.EventMonitorEntryPoint: Processing playback tracker : "e28afc93d871e52abe50cba6ea9c415a191ec208-66ef7bd1c406421895b8c43a8ff9f32c-f426883aac9d1608a4bca20678e1e817"
[2025-08-31 14:54:48.784 -03:00] [INF] [111] Jellyfin.Plugin.PlaybackReporting.EventMonitorEntryPoint: Processing playback tracker : "e28afc93d871e52abe50cba6ea9c415a191ec208-66ef7bd1c406421895b8c43a8ff9f32c-f426883aac9d1608a4bca20678e1e817"
[2025-08-31 14:55:18.808 -03:00] [INF] [77] Jellyfin.Plugin.PlaybackReporting.EventMonitorEntryPoint: Processing playback tracker : "e28afc93d871e52abe50cba6ea9c415a191ec208-66ef7bd1c406421895b8c43a8ff9f32c-f426883aac9d1608a4bca20678e1e817"
[2025-08-31 14:55:48.822 -03:00] [INF] [174] Jellyfin.Plugin.PlaybackReporting.EventMonitorEntryPoint: Processing playback tracker : "e28afc93d871e52abe50cba6ea9c415a191ec208-66ef7bd1c406421895b8c43a8ff9f32c-f426883aac9d1608a4bca20678e1e817"
[2025-08-31 14:55:57.525 -03:00] [INF] [174] Jellyfin.Plugin.PlaybackReporting.EventMonitorEntryPoint: Processing playback tracker : "TW96aWxsYS81LjAgKFdpbmRvd3MgTlQgMTAuMDsgV2luNjQ7IHg2NCkgQXBwbGVXZWJLaXQvNTM3LjM2IChLSFRNTCwgbGlrZSBHZWNrbykgQ2hyb21lLzEzNS4wLjAuMCBTYWZhcmkvNTM3LjM2fDE3NDU4ODQ3MTg3NDA1-66ef7bd1c406421895b8c43a8ff9f32c-c5b05048fd6b0ea99b7f6ed979ea40e4"
[2025-08-31 14:56:18.815 -03:00] [INF] [111] Jellyfin.Plugin.PlaybackReporting.EventMonitorEntryPoint: Processing playback tracker : "e28afc93d871e52abe50cba6ea9c415a191ec208-66ef7bd1c406421895b8c43a8ff9f32c-f426883aac9d1608a4bca20678e1e817"
[2025-08-31 14:56:39.208 -03:00] [INF] [111] Emby.Server.Implementations.Session.SessionWebSocketListener: Sending ForceKeepAlive message to 1 inactive WebSockets.
[2025-08-31 14:56:48.837 -03:00] [INF] [77] Jellyfin.Plugin.PlaybackReporting.EventMonitorEntryPoint: Processing playback tracker : "e28afc93d871e52abe50cba6ea9c415a191ec208-66ef7bd1c406421895b8c43a8ff9f32c-f426883aac9d1608a4bca20678e1e817"
[2025-08-31 14:57:18.836 -03:00] [INF] [77] Jellyfin.Plugin.PlaybackReporting.EventMonitorEntryPoint: Processing playback tracker : "e28afc93d871e52abe50cba6ea9c415a191ec208-66ef7bd1c406421895b8c43a8ff9f32c-f426883aac9d1608a4bca20678e1e817"
[2025-08-31 14:57:48.849 -03:00] [INF] [141] Jellyfin.Plugin.PlaybackReporting.EventMonitorEntryPoint: Processing playback tracker : "e28afc93d871e52abe50cba6ea9c415a191ec208-66ef7bd1c406421895b8c43a8ff9f32c-f426883aac9d1608a4bca20678e1e817"
[2025-08-31 14:57:57.527 -03:00] [INF] [175] Jellyfin.Plugin.PlaybackReporting.EventMonitorEntryPoint: Processing playback tracker : "TW96aWxsYS81LjAgKFdpbmRvd3MgTlQgMTAuMDsgV2luNjQ7IHg2NCkgQXBwbGVXZWJLaXQvNTM3LjM2IChLSFRNTCwgbGlrZSBHZWNrbykgQ2hyb21lLzEzNS4wLjAuMCBTYWZhcmkvNTM3LjM2fDE3NDU4ODQ3MTg3NDA1-66ef7bd1c406421895b8c43a8ff9f32c-c5b05048fd6b0ea99b7f6ed979ea40e4"
[2025-08-31 14:58:18.854 -03:00] [INF] [111] Jellyfin.Plugin.PlaybackReporting.EventMonitorEntryPoint: Processing playback tracker : "e28afc93d871e52abe50cba6ea9c415a191ec208-66ef7bd1c406421895b8c43a8ff9f32c-f426883aac9d1608a4bca20678e1e817"
[2025-08-31 14:58:48.867 -03:00] [INF] [175] Jellyfin.Plugin.PlaybackReporting.EventMonitorEntryPoint: Processing playback tracker : "e28afc93d871e52abe50cba6ea9c415a191ec208-66ef7bd1c406421895b8c43a8ff9f32c-f426883aac9d1608a4bca20678e1e817"
[2025-08-31 14:59:00.587 -03:00] [INF] [111] Jellyfin.Plugin.PlaybackReporting.EventMonitorEntryPoint: Processing playback tracker : "TW96aWxsYS81LjAgKFdpbmRvd3MgTlQgMTAuMDsgV2luNjQ7IHg2NCkgQXBwbGVXZWJLaXQvNTM3LjM2IChLSFRNTCwgbGlrZSBHZWNrbykgQ2hyb21lLzEzNS4wLjAuMCBTYWZhcmkvNTM3LjM2fDE3NDU4ODQ3MTg3NDA1-66ef7bd1c406421895b8c43a8ff9f32c-c5b05048fd6b0ea99b7f6ed979ea40e4"
[2025-08-31 14:59:18.892 -03:00] [INF] [74] Jellyfin.Plugin.PlaybackReporting.EventMonitorEntryPoint: Processing playback tracker : "e28afc93d871e52abe50cba6ea9c415a191ec208-66ef7bd1c406421895b8c43a8ff9f32c-f426883aac9d1608a4bca20678e1e817"
[2025-08-31 14:59:29.684 -03:00] [INF] [175] Jellyfin.Plugin.PlaybackReporting.EventMonitorEntryPoint: Processing playback tracker : "TW96aWxsYS81LjAgKFdpbmRvd3MgTlQgMTAuMDsgV2luNjQ7IHg2NCkgQXBwbGVXZWJLaXQvNTM3LjM2IChLSFRNTCwgbGlrZSBHZWNrbykgQ2hyb21lLzEzNS4wLjAuMCBTYWZhcmkvNTM3LjM2fDE3NDU4ODQ3MTg3NDA1-66ef7bd1c406421895b8c43a8ff9f32c-c5b05048fd6b0ea99b7f6ed979ea40e4"
[2025-08-31 14:59:48.898 -03:00] [INF] [111] Jellyfin.Plugin.PlaybackReporting.EventMonitorEntryPoint: Processing playback tracker : "e28afc93d871e52abe50cba6ea9c415a191ec208-66ef7bd1c406421895b8c43a8ff9f32c-f426883aac9d1608a4bca20678e1e817"
[2025-08-31 15:00:00.501 -03:00] [INF] [125] Jellyfin.Plugin.PlaybackReporting.EventMonitorEntryPoint: Processing playback tracker : "TW96aWxsYS81LjAgKFdpbmRvd3MgTlQgMTAuMDsgV2luNjQ7IHg2NCkgQXBwbGVXZWJLaXQvNTM3LjM2IChLSFRNTCwgbGlrZSBHZWNrbykgQ2hyb21lLzEzNS4wLjAuMCBTYWZhcmkvNTM3LjM2fDE3NDU4ODQ3MTg3NDA1-66ef7bd1c406421895b8c43a8ff9f32c-c5b05048fd6b0ea99b7f6ed979ea40e4"
[2025-08-31 15:00:18.897 -03:00] [INF] [79] Jellyfin.Plugin.PlaybackReporting.EventMonitorEntryPoint: Processing playback tracker : "e28afc93d871e52abe50cba6ea9c415a191ec208-66ef7bd1c406421895b8c43a8ff9f32c-f426883aac9d1608a4bca20678e1e817"
[2025-08-31 15:00:29.682 -03:00] [INF] [79] Jellyfin.Plugin.PlaybackReporting.EventMonitorEntryPoint: Processing playback tracker : "TW96aWxsYS81LjAgKFdpbmRvd3MgTlQgMTAuMDsgV2luNjQ7IHg2NCkgQXBwbGVXZWJLaXQvNTM3LjM2IChLSFRNTCwgbGlrZSBHZWNrbykgQ2hyb21lLzEzNS4wLjAuMCBTYWZhcmkvNTM3LjM2fDE3NDU4ODQ3MTg3NDA1-66ef7bd1c406421895b8c43a8ff9f32c-c5b05048fd6b0ea99b7f6ed979ea40e4"
[2025-08-31 15:00:48.902 -03:00] [INF] [74] Jellyfin.Plugin.PlaybackReporting.EventMonitorEntryPoint: Processing playback tracker : "e28afc93d871e52abe50cba6ea9c415a191ec208-66ef7bd1c406421895b8c43a8ff9f32c-f426883aac9d1608a4bca20678e1e817"
[2025-08-31 15:00:49.683 -03:00] [INF] [79] Jellyfin.Plugin.PlaybackReporting.EventMonitorEntryPoint: Processing playback tracker : "TW96aWxsYS81LjAgKFdpbmRvd3MgTlQgMTAuMDsgV2luNjQ7IHg2NCkgQXBwbGVXZWJLaXQvNTM3LjM2IChLSFRNTCwgbGlrZSBHZWNrbykgQ2hyb21lLzEzNS4wLjAuMCBTYWZhcmkvNTM3LjM2fDE3NDU4ODQ3MTg3NDA1-66ef7bd1c406421895b8c43a8ff9f32c-c5b05048fd6b0ea99b7f6ed979ea40e4"
[2025-08-31 15:01:09.694 -03:00] [INF] [74] Jellyfin.Plugin.PlaybackReporting.EventMonitorEntryPoint: Processing playback tracker : "TW96aWxsYS81LjAgKFdpbmRvd3MgTlQgMTAuMDsgV2luNjQ7IHg2NCkgQXBwbGVXZWJLaXQvNTM3LjM2IChLSFRNTCwgbGlrZSBHZWNrbykgQ2hyb21lLzEzNS4wLjAuMCBTYWZhcmkvNTM3LjM2fDE3NDU4ODQ3MTg3NDA1-66ef7bd1c406421895b8c43a8ff9f32c-c5b05048fd6b0ea99b7f6ed979ea40e4"
[2025-08-31 15:01:18.911 -03:00] [INF] [125] Jellyfin.Plugin.PlaybackReporting.EventMonitorEntryPoint: Processing playback tracker : "e28afc93d871e52abe50cba6ea9c415a191ec208-66ef7bd1c406421895b8c43a8ff9f32c-f426883aac9d1608a4bca20678e1e817"
[2025-08-31 15:01:39.682 -03:00] [INF] [79] Jellyfin.Plugin.PlaybackReporting.EventMonitorEntryPoint: Processing playback tracker : "TW96aWxsYS81LjAgKFdpbmRvd3MgTlQgMTAuMDsgV2luNjQ7IHg2NCkgQXBwbGVXZWJLaXQvNTM3LjM2IChLSFRNTCwgbGlrZSBHZWNrbykgQ2hyb21lLzEzNS4wLjAuMCBTYWZhcmkvNTM3LjM2fDE3NDU4ODQ3MTg3NDA1-66ef7bd1c406421895b8c43a8ff9f32c-c5b05048fd6b0ea99b7f6ed979ea40e4"
[2025-08-31 15:01:48.916 -03:00] [INF] [74] Jellyfin.Plugin.PlaybackReporting.EventMonitorEntryPoint: Processing playback tracker : "e28afc93d871e52abe50cba6ea9c415a191ec208-66ef7bd1c406421895b8c43a8ff9f32c-f426883aac9d1608a4bca20678e1e817"
[2025-08-31 15:02:09.693 -03:00] [INF] [125] Jellyfin.Plugin.PlaybackReporting.EventMonitorEntryPoint: Processing playback tracker : "TW96aWxsYS81LjAgKFdpbmRvd3MgTlQgMTAuMDsgV2luNjQ7IHg2NCkgQXBwbGVXZWJLaXQvNTM3LjM2IChLSFRNTCwgbGlrZSBHZWNrbykgQ2hyb21lLzEzNS4wLjAuMCBTYWZhcmkvNTM3LjM2fDE3NDU4ODQ3MTg3NDA1-66ef7bd1c406421895b8c43a8ff9f32c-c5b05048fd6b0ea99b7f6ed979ea40e4"
[2025-08-31 15:02:18.922 -03:00] [INF] [79] Jellyfin.Plugin.PlaybackReporting.EventMonitorEntryPoint: Processing playback tracker : "e28afc93d871e52abe50cba6ea9c415a191ec208-66ef7bd1c406421895b8c43a8ff9f32c-f426883aac9d1608a4bca20678e1e817"
[2025-08-31 15:02:39.666 -03:00] [INF] [125] Jellyfin.Plugin.PlaybackReporting.EventMonitorEntryPoint: Processing playback tracker : "TW96aWxsYS81LjAgKFdpbmRvd3MgTlQgMTAuMDsgV2luNjQ7IHg2NCkgQXBwbGVXZWJLaXQvNTM3LjM2IChLSFRNTCwgbGlrZSBHZWNrbykgQ2hyb21lLzEzNS4wLjAuMCBTYWZhcmkvNTM3LjM2fDE3NDU4ODQ3MTg3NDA1-66ef7bd1c406421895b8c43a8ff9f32c-c5b05048fd6b0ea99b7f6ed979ea40e4"
[2025-08-31 15:02:48.932 -03:00] [INF] [79] Jellyfin.Plugin.PlaybackReporting.EventMonitorEntryPoint: Processing playback tracker : "e28afc93d871e52abe50cba6ea9c415a191ec208-66ef7bd1c406421895b8c43a8ff9f32c-f426883aac9d1608a4bca20678e1e817"
[2025-08-31 15:02:59.681 -03:00] [INF] [79] Jellyfin.Plugin.PlaybackReporting.EventMonitorEntryPoint: Processing playback tracker : "TW96aWxsYS81LjAgKFdpbmRvd3MgTlQgMTAuMDsgV2luNjQ7IHg2NCkgQXBwbGVXZWJLaXQvNTM3LjM2IChLSFRNTCwgbGlrZSBHZWNrbykgQ2hyb21lLzEzNS4wLjAuMCBTYWZhcmkvNTM3LjM2fDE3NDU4ODQ3MTg3NDA1-66ef7bd1c406421895b8c43a8ff9f32c-c5b05048fd6b0ea99b7f6ed979ea40e4"
[2025-08-31 15:03:18.947 -03:00] [INF] [146] Jellyfin.Plugin.PlaybackReporting.EventMonitorEntryPoint: Processing playback tracker : "e28afc93d871e52abe50cba6ea9c415a191ec208-66ef7bd1c406421895b8c43a8ff9f32c-f426883aac9d1608a4bca20678e1e817"
[2025-08-31 15:03:29.684 -03:00] [INF] [115] Jellyfin.Plugin.PlaybackReporting.EventMonitorEntryPoint: Processing playback tracker : "TW96aWxsYS81LjAgKFdpbmRvd3MgTlQgMTAuMDsgV2luNjQ7IHg2NCkgQXBwbGVXZWJLaXQvNTM3LjM2IChLSFRNTCwgbGlrZSBHZWNrbykgQ2hyb21lLzEzNS4wLjAuMCBTYWZhcmkvNTM3LjM2fDE3NDU4ODQ3MTg3NDA1-66ef7bd1c406421895b8c43a8ff9f32c-c5b05048fd6b0ea99b7f6ed979ea40e4"
[2025-08-31 15:03:48.952 -03:00] [INF] [79] Jellyfin.Plugin.PlaybackReporting.EventMonitorEntryPoint: Processing playback tracker : "e28afc93d871e52abe50cba6ea9c415a191ec208-66ef7bd1c406421895b8c43a8ff9f32c-f426883aac9d1608a4bca20678e1e817"
[2025-08-31 15:03:59.666 -03:00] [INF] [79] Jellyfin.Plugin.PlaybackReporting.EventMonitorEntryPoint: Processing playback tracker : "TW96aWxsYS81LjAgKFdpbmRvd3MgTlQgMTAuMDsgV2luNjQ7IHg2NCkgQXBwbGVXZWJLaXQvNTM3LjM2IChLSFRNTCwgbGlrZSBHZWNrbykgQ2hyb21lLzEzNS4wLjAuMCBTYWZhcmkvNTM3LjM2fDE3NDU4ODQ3MTg3NDA1-66ef7bd1c406421895b8c43a8ff9f32c-c5b05048fd6b0ea99b7f6ed979ea40e4"
[2025-08-31 15:04:18.964 -03:00] [INF] [79] Jellyfin.Plugin.PlaybackReporting.EventMonitorEntryPoint: Processing playback tracker : "e28afc93d871e52abe50cba6ea9c415a191ec208-66ef7bd1c406421895b8c43a8ff9f32c-f426883aac9d1608a4bca20678e1e817"
[2025-08-31 15:04:19.670 -03:00] [INF] [123] Jellyfin.Plugin.PlaybackReporting.EventMonitorEntryPoint: Processing playback tracker : "TW96aWxsYS81LjAgKFdpbmRvd3MgTlQgMTAuMDsgV2luNjQ7IHg2NCkgQXBwbGVXZWJLaXQvNTM3LjM2IChLSFRNTCwgbGlrZSBHZWNrbykgQ2hyb21lLzEzNS4wLjAuMCBTYWZhcmkvNTM3LjM2fDE3NDU4ODQ3MTg3NDA1-66ef7bd1c406421895b8c43a8ff9f32c-c5b05048fd6b0ea99b7f6ed979ea40e4"
[2025-08-31 15:04:39.693 -03:00] [INF] [123] Jellyfin.Plugin.PlaybackReporting.EventMonitorEntryPoint: Processing playback tracker : "TW96aWxsYS81LjAgKFdpbmRvd3MgTlQgMTAuMDsgV2luNjQ7IHg2NCkgQXBwbGVXZWJLaXQvNTM3LjM2IChLSFRNTCwgbGlrZSBHZWNrbykgQ2hyb21lLzEzNS4wLjAuMCBTYWZhcmkvNTM3LjM2fDE3NDU4ODQ3MTg3NDA1-66ef7bd1c406421895b8c43a8ff9f32c-c5b05048fd6b0ea99b7f6ed979ea40e4"
[2025-08-31 15:04:48.970 -03:00] [INF] [79] Jellyfin.Plugin.PlaybackReporting.EventMonitorEntryPoint: Processing playback tracker : "e28afc93d871e52abe50cba6ea9c415a191ec208-66ef7bd1c406421895b8c43a8ff9f32c-f426883aac9d1608a4bca20678e1e817"
[2025-08-31 15:05:09.712 -03:00] [INF] [98] Jellyfin.Plugin.PlaybackReporting.EventMonitorEntryPoint: Processing playback tracker : "TW96aWxsYS81LjAgKFdpbmRvd3MgTlQgMTAuMDsgV2luNjQ7IHg2NCkgQXBwbGVXZWJLaXQvNTM3LjM2IChLSFRNTCwgbGlrZSBHZWNrbykgQ2hyb21lLzEzNS4wLjAuMCBTYWZhcmkvNTM3LjM2fDE3NDU4ODQ3MTg3NDA1-66ef7bd1c406421895b8c43a8ff9f32c-c5b05048fd6b0ea99b7f6ed979ea40e4"
[2025-08-31 15:05:18.983 -03:00] [INF] [115] Jellyfin.Plugin.PlaybackReporting.EventMonitorEntryPoint: Processing playback tracker : "e28afc93d871e52abe50cba6ea9c415a191ec208-66ef7bd1c406421895b8c43a8ff9f32c-f426883aac9d1608a4bca20678e1e817"
[2025-08-31 15:05:39.685 -03:00] [INF] [146] Jellyfin.Plugin.PlaybackReporting.EventMonitorEntryPoint: Processing playback tracker : "TW96aWxsYS81LjAgKFdpbmRvd3MgTlQgMTAuMDsgV2luNjQ7IHg2NCkgQXBwbGVXZWJLaXQvNTM3LjM2IChLSFRNTCwgbGlrZSBHZWNrbykgQ2hyb21lLzEzNS4wLjAuMCBTYWZhcmkvNTM3LjM2fDE3NDU4ODQ3MTg3NDA1-66ef7bd1c406421895b8c43a8ff9f32c-c5b05048fd6b0ea99b7f6ed979ea40e4"
[2025-08-31 15:05:48.994 -03:00] [INF] [98] Jellyfin.Plugin.PlaybackReporting.EventMonitorEntryPoint: Processing playback tracker : "e28afc93d871e52abe50cba6ea9c415a191ec208-66ef7bd1c406421895b8c43a8ff9f32c-f426883aac9d1608a4bca20678e1e817"
[2025-08-31 15:06:09.667 -03:00] [INF] [98] Jellyfin.Plugin.PlaybackReporting.EventMonitorEntryPoint: Processing playback tracker : "TW96aWxsYS81LjAgKFdpbmRvd3MgTlQgMTAuMDsgV2luNjQ7IHg2NCkgQXBwbGVXZWJLaXQvNTM3LjM2IChLSFRNTCwgbGlrZSBHZWNrbykgQ2hyb21lLzEzNS4wLjAuMCBTYWZhcmkvNTM3LjM2fDE3NDU4ODQ3MTg3NDA1-66ef7bd1c406421895b8c43a8ff9f32c-c5b05048fd6b0ea99b7f6ed979ea40e4"
[2025-08-31 15:06:19.007 -03:00] [INF] [98] Jellyfin.Plugin.PlaybackReporting.EventMonitorEntryPoint: Processing playback tracker : "e28afc93d871e52abe50cba6ea9c415a191ec208-66ef7bd1c406421895b8c43a8ff9f32c-f426883aac9d1608a4bca20678e1e817"
[2025-08-31 15:06:29.682 -03:00] [INF] [115] Jellyfin.Plugin.PlaybackReporting.EventMonitorEntryPoint: Processing playback tracker : "TW96aWxsYS81LjAgKFdpbmRvd3MgTlQgMTAuMDsgV2luNjQ7IHg2NCkgQXBwbGVXZWJLaXQvNTM3LjM2IChLSFRNTCwgbGlrZSBHZWNrbykgQ2hyb21lLzEzNS4wLjAuMCBTYWZhcmkvNTM3LjM2fDE3NDU4ODQ3MTg3NDA1-66ef7bd1c406421895b8c43a8ff9f32c-c5b05048fd6b0ea99b7f6ed979ea40e4"
[2025-08-31 15:06:49.013 -03:00] [INF] [146] Jellyfin.Plugin.PlaybackReporting.EventMonitorEntryPoint: Processing playback tracker : "e28afc93d871e52abe50cba6ea9c415a191ec208-66ef7bd1c406421895b8c43a8ff9f32c-f426883aac9d1608a4bca20678e1e817"
[2025-08-31 15:06:59.703 -03:00] [INF] [115] Jellyfin.Plugin.PlaybackReporting.EventMonitorEntryPoint: Processing playback tracker : "TW96aWxsYS81LjAgKFdpbmRvd3MgTlQgMTAuMDsgV2luNjQ7IHg2NCkgQXBwbGVXZWJLaXQvNTM3LjM2IChLSFRNTCwgbGlrZSBHZWNrbykgQ2hyb21lLzEzNS4wLjAuMCBTYWZhcmkvNTM3LjM2fDE3NDU4ODQ3MTg3NDA1-66ef7bd1c406421895b8c43a8ff9f32c-c5b05048fd6b0ea99b7f6ed979ea40e4"
[2025-08-31 15:07:19.027 -03:00] [INF] [115] Jellyfin.Plugin.PlaybackReporting.EventMonitorEntryPoint: Processing playback tracker : "e28afc93d871e52abe50cba6ea9c415a191ec208-66ef7bd1c406421895b8c43a8ff9f32c-f426883aac9d1608a4bca20678e1e817"
[2025-08-31 15:07:29.680 -03:00] [INF] [115] Jellyfin.Plugin.PlaybackReporting.EventMonitorEntryPoint: Processing playback tracker : "TW96aWxsYS81LjAgKFdpbmRvd3MgTlQgMTAuMDsgV2luNjQ7IHg2NCkgQXBwbGVXZWJLaXQvNTM3LjM2IChLSFRNTCwgbGlrZSBHZWNrbykgQ2hyb21lLzEzNS4wLjAuMCBTYWZhcmkvNTM3LjM2fDE3NDU4ODQ3MTg3NDA1-66ef7bd1c406421895b8c43a8ff9f32c-c5b05048fd6b0ea99b7f6ed979ea40e4"
[2025-08-31 15:07:49.032 -03:00] [INF] [146] Jellyfin.Plugin.PlaybackReporting.EventMonitorEntryPoint: Processing playback tracker : "e28afc93d871e52abe50cba6ea9c415a191ec208-66ef7bd1c406421895b8c43a8ff9f32c-f426883aac9d1608a4bca20678e1e817"
[2025-08-31 15:07:49.688 -03:00] [INF] [146] Jellyfin.Plugin.PlaybackReporting.EventMonitorEntryPoint: Processing playback tracker : "TW96aWxsYS81LjAgKFdpbmRvd3MgTlQgMTAuMDsgV2luNjQ7IHg2NCkgQXBwbGVXZWJLaXQvNTM3LjM2IChLSFRNTCwgbGlrZSBHZWNrbykgQ2hyb21lLzEzNS4wLjAuMCBTYWZhcmkvNTM3LjM2fDE3NDU4ODQ3MTg3NDA1-66ef7bd1c406421895b8c43a8ff9f32c-c5b05048fd6b0ea99b7f6ed979ea40e4"
[2025-08-31 15:08:09.694 -03:00] [INF] [146] Jellyfin.Plugin.PlaybackReporting.EventMonitorEntryPoint: Processing playback tracker : "TW96aWxsYS81LjAgKFdpbmRvd3MgTlQgMTAuMDsgV2luNjQ7IHg2NCkgQXBwbGVXZWJLaXQvNTM3LjM2IChLSFRNTCwgbGlrZSBHZWNrbykgQ2hyb21lLzEzNS4wLjAuMCBTYWZhcmkvNTM3LjM2fDE3NDU4ODQ3MTg3NDA1-66ef7bd1c406421895b8c43a8ff9f32c-c5b05048fd6b0ea99b7f6ed979ea40e4"
[2025-08-31 15:08:19.039 -03:00] [INF] [146] Jellyfin.Plugin.PlaybackReporting.EventMonitorEntryPoint: Processing playback tracker : "e28afc93d871e52abe50cba6ea9c415a191ec208-66ef7bd1c406421895b8c43a8ff9f32c-f426883aac9d1608a4bca20678e1e817"
[2025-08-31 15:08:39.679 -03:00] [INF] [141] Jellyfin.Plugin.PlaybackReporting.EventMonitorEntryPoint: Processing playback tracker : "TW96aWxsYS81LjAgKFdpbmRvd3MgTlQgMTAuMDsgV2luNjQ7IHg2NCkgQXBwbGVXZWJLaXQvNTM3LjM2IChLSFRNTCwgbGlrZSBHZWNrbykgQ2hyb21lLzEzNS4wLjAuMCBTYWZhcmkvNTM3LjM2fDE3NDU4ODQ3MTg3NDA1-66ef7bd1c406421895b8c43a8ff9f32c-c5b05048fd6b0ea99b7f6ed979ea40e4"
[2025-08-31 15:08:49.050 -03:00] [INF] [146] Jellyfin.Plugin.PlaybackReporting.EventMonitorEntryPoint: Processing playback tracker : "e28afc93d871e52abe50cba6ea9c415a191ec208-66ef7bd1c406421895b8c43a8ff9f32c-f426883aac9d1608a4bca20678e1e817"
[2025-08-31 15:09:09.674 -03:00] [INF] [141] Jellyfin.Plugin.PlaybackReporting.EventMonitorEntryPoint: Processing playback tracker : "TW96aWxsYS81LjAgKFdpbmRvd3MgTlQgMTAuMDsgV2luNjQ7IHg2NCkgQXBwbGVXZWJLaXQvNTM3LjM2IChLSFRNTCwgbGlrZSBHZWNrbykgQ2hyb21lLzEzNS4wLjAuMCBTYWZhcmkvNTM3LjM2fDE3NDU4ODQ3MTg3NDA1-66ef7bd1c406421895b8c43a8ff9f32c-c5b05048fd6b0ea99b7f6ed979ea40e4"
[2025-08-31 15:09:19.065 -03:00] [INF] [141] Jellyfin.Plugin.PlaybackReporting.EventMonitorEntryPoint: Processing playback tracker : "e28afc93d871e52abe50cba6ea9c415a191ec208-66ef7bd1c406421895b8c43a8ff9f32c-f426883aac9d1608a4bca20678e1e817"
[2025-08-31 15:09:29.690 -03:00] [INF] [141] Jellyfin.Plugin.PlaybackReporting.EventMonitorEntryPoint: Processing playback tracker : "TW96aWxsYS81LjAgKFdpbmRvd3MgTlQgMTAuMDsgV2luNjQ7IHg2NCkgQXBwbGVXZWJLaXQvNTM3LjM2IChLSFRNTCwgbGlrZSBHZWNrbykgQ2hyb21lLzEzNS4wLjAuMCBTYWZhcmkvNTM3LjM2fDE3NDU4ODQ3MTg3NDA1-66ef7bd1c406421895b8c43a8ff9f32c-c5b05048fd6b0ea99b7f6ed979ea40e4"
[2025-08-31 15:09:49.065 -03:00] [INF] [146] Jellyfin.Plugin.PlaybackReporting.EventMonitorEntryPoint: Processing playback tracker : "e28afc93d871e52abe50cba6ea9c415a191ec208-66ef7bd1c406421895b8c43a8ff9f32c-f426883aac9d1608a4bca20678e1e817"
[2025-08-31 15:09:59.708 -03:00] [INF] [141] Jellyfin.Plugin.PlaybackReporting.EventMonitorEntryPoint: Processing playback tracker : "TW96aWxsYS81LjAgKFdpbmRvd3MgTlQgMTAuMDsgV2luNjQ7IHg2NCkgQXBwbGVXZWJLaXQvNTM3LjM2IChLSFRNTCwgbGlrZSBHZWNrbykgQ2hyb21lLzEzNS4wLjAuMCBTYWZhcmkvNTM3LjM2fDE3NDU4ODQ3MTg3NDA1-66ef7bd1c406421895b8c43a8ff9f32c-c5b05048fd6b0ea99b7f6ed979ea40e4"
[2025-08-31 15:10:19.075 -03:00] [INF] [141] Jellyfin.Plugin.PlaybackReporting.EventMonitorEntryPoint: Processing playback tracker : "e28afc93d871e52abe50cba6ea9c415a191ec208-66ef7bd1c406421895b8c43a8ff9f32c-f426883aac9d1608a4bca20678e1e817"
[2025-08-31 15:10:29.701 -03:00] [INF] [146] Jellyfin.Plugin.PlaybackReporting.EventMonitorEntryPoint: Processing playback tracker : "TW96aWxsYS81LjAgKFdpbmRvd3MgTlQgMTAuMDsgV2luNjQ7IHg2NCkgQXBwbGVXZWJLaXQvNTM3LjM2IChLSFRNTCwgbGlrZSBHZWNrbykgQ2hyb21lLzEzNS4wLjAuMCBTYWZhcmkvNTM3LjM2fDE3NDU4ODQ3MTg3NDA1-66ef7bd1c406421895b8c43a8ff9f32c-c5b05048fd6b0ea99b7f6ed979ea40e4"
[2025-08-31 15:10:49.085 -03:00] [INF] [141] Jellyfin.Plugin.PlaybackReporting.EventMonitorEntryPoint: Processing playback tracker : "e28afc93d871e52abe50cba6ea9c415a191ec208-66ef7bd1c406421895b8c43a8ff9f32c-f426883aac9d1608a4bca20678e1e817"
[2025-08-31 15:10:59.674 -03:00] [INF] [146] Jellyfin.Plugin.PlaybackReporting.EventMonitorEntryPoint: Processing playback tracker : "TW96aWxsYS81LjAgKFdpbmRvd3MgTlQgMTAuMDsgV2luNjQ7IHg2NCkgQXBwbGVXZWJLaXQvNTM3LjM2IChLSFRNTCwgbGlrZSBHZWNrbykgQ2hyb21lLzEzNS4wLjAuMCBTYWZhcmkvNTM3LjM2fDE3NDU4ODQ3MTg3NDA1-66ef7bd1c406421895b8c43a8ff9f32c-c5b05048fd6b0ea99b7f6ed979ea40e4"
[2025-08-31 15:11:19.095 -03:00] [INF] [147] Jellyfin.Plugin.PlaybackReporting.EventMonitorEntryPoint: Processing playback tracker : "e28afc93d871e52abe50cba6ea9c415a191ec208-66ef7bd1c406421895b8c43a8ff9f32c-f426883aac9d1608a4bca20678e1e817"
[2025-08-31 15:11:19.692 -03:00] [INF] [146] Jellyfin.Plugin.PlaybackReporting.EventMonitorEntryPoint: Processing playback tracker : "TW96aWxsYS81LjAgKFdpbmRvd3MgTlQgMTAuMDsgV2luNjQ7IHg2NCkgQXBwbGVXZWJLaXQvNTM3LjM2IChLSFRNTCwgbGlrZSBHZWNrbykgQ2hyb21lLzEzNS4wLjAuMCBTYWZhcmkvNTM3LjM2fDE3NDU4ODQ3MTg3NDA1-66ef7bd1c406421895b8c43a8ff9f32c-c5b05048fd6b0ea99b7f6ed979ea40e4"
[2025-08-31 15:11:49.104 -03:00] [INF] [147] Jellyfin.Plugin.PlaybackReporting.EventMonitorEntryPoint: Processing playback tracker : "e28afc93d871e52abe50cba6ea9c415a191ec208-66ef7bd1c406421895b8c43a8ff9f32c-f426883aac9d1608a4bca20678e1e817"
[2025-08-31 15:11:49.685 -03:00] [INF] [74] Jellyfin.Plugin.PlaybackReporting.EventMonitorEntryPoint: Processing playback tracker : "TW96aWxsYS81LjAgKFdpbmRvd3MgTlQgMTAuMDsgV2luNjQ7IHg2NCkgQXBwbGVXZWJLaXQvNTM3LjM2IChLSFRNTCwgbGlrZSBHZWNrbykgQ2hyb21lLzEzNS4wLjAuMCBTYWZhcmkvNTM3LjM2fDE3NDU4ODQ3MTg3NDA1-66ef7bd1c406421895b8c43a8ff9f32c-c5b05048fd6b0ea99b7f6ed979ea40e4"
[2025-08-31 15:12:09.693 -03:00] [INF] [125] Jellyfin.Plugin.PlaybackReporting.EventMonitorEntryPoint: Processing playback tracker : "TW96aWxsYS81LjAgKFdpbmRvd3MgTlQgMTAuMDsgV2luNjQ7IHg2NCkgQXBwbGVXZWJLaXQvNTM3LjM2IChLSFRNTCwgbGlrZSBHZWNrbykgQ2hyb21lLzEzNS4wLjAuMCBTYWZhcmkvNTM3LjM2fDE3NDU4ODQ3MTg3NDA1-66ef7bd1c406421895b8c43a8ff9f32c-c5b05048fd6b0ea99b7f6ed979ea40e4"
[2025-08-31 15:12:19.116 -03:00] [INF] [147] Jellyfin.Plugin.PlaybackReporting.EventMonitorEntryPoint: Processing playback tracker : "e28afc93d871e52abe50cba6ea9c415a191ec208-66ef7bd1c406421895b8c43a8ff9f32c-f426883aac9d1608a4bca20678e1e817"
[2025-08-31 15:12:31.526 -03:00] [INF] [147] Jellyfin.Plugin.PlaybackReporting.EventMonitorEntryPoint: Processing playback tracker : "TW96aWxsYS81LjAgKFdpbmRvd3MgTlQgMTAuMDsgV2luNjQ7IHg2NCkgQXBwbGVXZWJLaXQvNTM3LjM2IChLSFRNTCwgbGlrZSBHZWNrbykgQ2hyb21lLzEzNS4wLjAuMCBTYWZhcmkvNTM3LjM2fDE3NDU4ODQ3MTg3NDA1-66ef7bd1c406421895b8c43a8ff9f32c-c5b05048fd6b0ea99b7f6ed979ea40e4"
[2025-08-31 15:12:49.127 -03:00] [INF] [74] Jellyfin.Plugin.PlaybackReporting.EventMonitorEntryPoint: Processing playback tracker : "e28afc93d871e52abe50cba6ea9c415a191ec208-66ef7bd1c406421895b8c43a8ff9f32c-f426883aac9d1608a4bca20678e1e817"
[2025-08-31 15:12:51.528 -03:00] [INF] [90] Jellyfin.Plugin.PlaybackReporting.EventMonitorEntryPoint: Processing playback tracker : "TW96aWxsYS81LjAgKFdpbmRvd3MgTlQgMTAuMDsgV2luNjQ7IHg2NCkgQXBwbGVXZWJLaXQvNTM3LjM2IChLSFRNTCwgbGlrZSBHZWNrbykgQ2hyb21lLzEzNS4wLjAuMCBTYWZhcmkvNTM3LjM2fDE3NDU4ODQ3MTg3NDA1-66ef7bd1c406421895b8c43a8ff9f32c-c5b05048fd6b0ea99b7f6ed979ea40e4"
[2025-08-31 15:13:19.139 -03:00] [INF] [125] Jellyfin.Plugin.PlaybackReporting.EventMonitorEntryPoint: Processing playback tracker : "e28afc93d871e52abe50cba6ea9c415a191ec208-66ef7bd1c406421895b8c43a8ff9f32c-f426883aac9d1608a4bca20678e1e817"
[2025-08-31 15:13:49.149 -03:00] [INF] [74] Jellyfin.Plugin.PlaybackReporting.EventMonitorEntryPoint: Processing playback tracker : "e28afc93d871e52abe50cba6ea9c415a191ec208-66ef7bd1c406421895b8c43a8ff9f32c-f426883aac9d1608a4bca20678e1e817"
[2025-08-31 15:14:19.159 -03:00] [INF] [90] Jellyfin.Plugin.PlaybackReporting.EventMonitorEntryPoint: Processing playback tracker : "e28afc93d871e52abe50cba6ea9c415a191ec208-66ef7bd1c406421895b8c43a8ff9f32c-f426883aac9d1608a4bca20678e1e817"
[2025-08-31 15:14:49.173 -03:00] [INF] [74] Jellyfin.Plugin.PlaybackReporting.EventMonitorEntryPoint: Processing playback tracker : "e28afc93d871e52abe50cba6ea9c415a191ec208-66ef7bd1c406421895b8c43a8ff9f32c-f426883aac9d1608a4bca20678e1e817"
[2025-08-31 15:14:51.208 -03:00] [INF] [90] Emby.Server.Implementations.Session.SessionWebSocketListener: Sending ForceKeepAlive message to 1 inactive WebSockets.
[2025-08-31 15:14:57.543 -03:00] [INF] [90] Jellyfin.Plugin.PlaybackReporting.EventMonitorEntryPoint: Processing playback tracker : "TW96aWxsYS81LjAgKFdpbmRvd3MgTlQgMTAuMDsgV2luNjQ7IHg2NCkgQXBwbGVXZWJLaXQvNTM3LjM2IChLSFRNTCwgbGlrZSBHZWNrbykgQ2hyb21lLzEzNS4wLjAuMCBTYWZhcmkvNTM3LjM2fDE3NDU4ODQ3MTg3NDA1-66ef7bd1c406421895b8c43a8ff9f32c-c5b05048fd6b0ea99b7f6ed979ea40e4"
[2025-08-31 15:15:19.189 -03:00] [INF] [90] Jellyfin.Plugin.PlaybackReporting.EventMonitorEntryPoint: Processing playback tracker : "e28afc93d871e52abe50cba6ea9c415a191ec208-66ef7bd1c406421895b8c43a8ff9f32c-f426883aac9d1608a4bca20678e1e817"
[2025-08-31 15:15:49.191 -03:00] [INF] [94] Jellyfin.Plugin.PlaybackReporting.EventMonitorEntryPoint: Processing playback tracker : "e28afc93d871e52abe50cba6ea9c415a191ec208-66ef7bd1c406421895b8c43a8ff9f32c-f426883aac9d1608a4bca20678e1e817"
[2025-08-31 15:16:19.198 -03:00] [INF] [90] Jellyfin.Plugin.PlaybackReporting.EventMonitorEntryPoint: Processing playback tracker : "e28afc93d871e52abe50cba6ea9c415a191ec208-66ef7bd1c406421895b8c43a8ff9f32c-f426883aac9d1608a4bca20678e1e817"
[2025-08-31 15:16:49.207 -03:00] [INF] [141] Jellyfin.Plugin.PlaybackReporting.EventMonitorEntryPoint: Processing playback tracker : "e28afc93d871e52abe50cba6ea9c415a191ec208-66ef7bd1c406421895b8c43a8ff9f32c-f426883aac9d1608a4bca20678e1e817"
[2025-08-31 15:16:58.364 -03:00] [INF] [146] Jellyfin.Plugin.PlaybackReporting.EventMonitorEntryPoint: Processing playback tracker : "TW96aWxsYS81LjAgKFdpbmRvd3MgTlQgMTAuMDsgV2luNjQ7IHg2NCkgQXBwbGVXZWJLaXQvNTM3LjM2IChLSFRNTCwgbGlrZSBHZWNrbykgQ2hyb21lLzEzNS4wLjAuMCBTYWZhcmkvNTM3LjM2fDE3NDU4ODQ3MTg3NDA1-66ef7bd1c406421895b8c43a8ff9f32c-c5b05048fd6b0ea99b7f6ed979ea40e4"
[2025-08-31 15:17:19.217 -03:00] [INF] [90] Jellyfin.Plugin.PlaybackReporting.EventMonitorEntryPoint: Processing playback tracker : "e28afc93d871e52abe50cba6ea9c415a191ec208-66ef7bd1c406421895b8c43a8ff9f32c-f426883aac9d1608a4bca20678e1e817"
[2025-08-31 15:17:49.243 -03:00] [INF] [98] Jellyfin.Plugin.PlaybackReporting.EventMonitorEntryPoint: Processing playback tracker : "e28afc93d871e52abe50cba6ea9c415a191ec208-66ef7bd1c406421895b8c43a8ff9f32c-f426883aac9d1608a4bca20678e1e817"
[2025-08-31 15:18:19.253 -03:00] [INF] [123] Jellyfin.Plugin.PlaybackReporting.EventMonitorEntryPoint: Processing playback tracker : "e28afc93d871e52abe50cba6ea9c415a191ec208-66ef7bd1c406421895b8c43a8ff9f32c-f426883aac9d1608a4bca20678e1e817"
[2025-08-31 15:18:39.207 -03:00] [INF] [123] Emby.Server.Implementations.Session.SessionWebSocketListener: Sending ForceKeepAlive message to 1 inactive WebSockets.
[2025-08-31 15:18:49.247 -03:00] [INF] [98] Jellyfin.Plugin.PlaybackReporting.EventMonitorEntryPoint: Processing playback tracker : "e28afc93d871e52abe50cba6ea9c415a191ec208-66ef7bd1c406421895b8c43a8ff9f32c-f426883aac9d1608a4bca20678e1e817"
[2025-08-31 15:18:57.515 -03:00] [INF] [146] Jellyfin.Plugin.PlaybackReporting.EventMonitorEntryPoint: Processing playback tracker : "TW96aWxsYS81LjAgKFdpbmRvd3MgTlQgMTAuMDsgV2luNjQ7IHg2NCkgQXBwbGVXZWJLaXQvNTM3LjM2IChLSFRNTCwgbGlrZSBHZWNrbykgQ2hyb21lLzEzNS4wLjAuMCBTYWZhcmkvNTM3LjM2fDE3NDU4ODQ3MTg3NDA1-66ef7bd1c406421895b8c43a8ff9f32c-c5b05048fd6b0ea99b7f6ed979ea40e4"
[2025-08-31 15:19:19.254 -03:00] [INF] [141] Jellyfin.Plugin.PlaybackReporting.EventMonitorEntryPoint: Processing playback tracker : "e28afc93d871e52abe50cba6ea9c415a191ec208-66ef7bd1c406421895b8c43a8ff9f32c-f426883aac9d1608a4bca20678e1e817"
[2025-08-31 15:19:49.269 -03:00] [INF] [141] Jellyfin.Plugin.PlaybackReporting.EventMonitorEntryPoint: Processing playback tracker : "e28afc93d871e52abe50cba6ea9c415a191ec208-66ef7bd1c406421895b8c43a8ff9f32c-f426883aac9d1608a4bca20678e1e817"
[2025-08-31 15:20:19.282 -03:00] [INF] [94] Jellyfin.Plugin.PlaybackReporting.EventMonitorEntryPoint: Processing playback tracker : "e28afc93d871e52abe50cba6ea9c415a191ec208-66ef7bd1c406421895b8c43a8ff9f32c-f426883aac9d1608a4bca20678e1e817"
[2025-08-31 15:20:44.531 -03:00] [INF] [94] Jellyfin.Plugin.PlaybackReporting.EventMonitorEntryPoint: Processing playback tracker : "TW96aWxsYS81LjAgKFdpbmRvd3MgTlQgMTAuMDsgV2luNjQ7IHg2NCkgQXBwbGVXZWJLaXQvNTM3LjM2IChLSFRNTCwgbGlrZSBHZWNrbykgQ2hyb21lLzEzNS4wLjAuMCBTYWZhcmkvNTM3LjM2fDE3NDU4ODQ3MTg3NDA1-66ef7bd1c406421895b8c43a8ff9f32c-c5b05048fd6b0ea99b7f6ed979ea40e4"
[2025-08-31 15:20:49.290 -03:00] [INF] [146] Jellyfin.Plugin.PlaybackReporting.EventMonitorEntryPoint: Processing playback tracker : "e28afc93d871e52abe50cba6ea9c415a191ec208-66ef7bd1c406421895b8c43a8ff9f32c-f426883aac9d1608a4bca20678e1e817"
[2025-08-31 15:21:09.678 -03:00] [INF] [147] Jellyfin.Plugin.PlaybackReporting.EventMonitorEntryPoint: Processing playback tracker : "TW96aWxsYS81LjAgKFdpbmRvd3MgTlQgMTAuMDsgV2luNjQ7IHg2NCkgQXBwbGVXZWJLaXQvNTM3LjM2IChLSFRNTCwgbGlrZSBHZWNrbykgQ2hyb21lLzEzNS4wLjAuMCBTYWZhcmkvNTM3LjM2fDE3NDU4ODQ3MTg3NDA1-66ef7bd1c406421895b8c43a8ff9f32c-c5b05048fd6b0ea99b7f6ed979ea40e4"
[2025-08-31 15:21:19.321 -03:00] [INF] [98] Jellyfin.Plugin.PlaybackReporting.EventMonitorEntryPoint: Processing playback tracker : "e28afc93d871e52abe50cba6ea9c415a191ec208-66ef7bd1c406421895b8c43a8ff9f32c-f426883aac9d1608a4bca20678e1e817"
[2025-08-31 15:21:29.702 -03:00] [INF] [94] Jellyfin.Plugin.PlaybackReporting.EventMonitorEntryPoint: Processing playback tracker : "TW96aWxsYS81LjAgKFdpbmRvd3MgTlQgMTAuMDsgV2luNjQ7IHg2NCkgQXBwbGVXZWJLaXQvNTM3LjM2IChLSFRNTCwgbGlrZSBHZWNrbykgQ2hyb21lLzEzNS4wLjAuMCBTYWZhcmkvNTM3LjM2fDE3NDU4ODQ3MTg3NDA1-66ef7bd1c406421895b8c43a8ff9f32c-c5b05048fd6b0ea99b7f6ed979ea40e4"
[2025-08-31 15:21:49.320 -03:00] [INF] [147] Jellyfin.Plugin.PlaybackReporting.EventMonitorEntryPoint: Processing playback tracker : "e28afc93d871e52abe50cba6ea9c415a191ec208-66ef7bd1c406421895b8c43a8ff9f32c-f426883aac9d1608a4bca20678e1e817"
[2025-08-31 15:21:59.679 -03:00] [INF] [147] Jellyfin.Plugin.PlaybackReporting.EventMonitorEntryPoint: Processing playback tracker : "TW96aWxsYS81LjAgKFdpbmRvd3MgTlQgMTAuMDsgV2luNjQ7IHg2NCkgQXBwbGVXZWJLaXQvNTM3LjM2IChLSFRNTCwgbGlrZSBHZWNrbykgQ2hyb21lLzEzNS4wLjAuMCBTYWZhcmkvNTM3LjM2fDE3NDU4ODQ3MTg3NDA1-66ef7bd1c406421895b8c43a8ff9f32c-c5b05048fd6b0ea99b7f6ed979ea40e4"
[2025-08-31 15:22:19.323 -03:00] [INF] [147] Jellyfin.Plugin.PlaybackReporting.EventMonitorEntryPoint: Processing playback tracker : "e28afc93d871e52abe50cba6ea9c415a191ec208-66ef7bd1c406421895b8c43a8ff9f32c-f426883aac9d1608a4bca20678e1e817"
[2025-08-31 15:22:29.667 -03:00] [INF] [90] Jellyfin.Plugin.PlaybackReporting.EventMonitorEntryPoint: Processing playback tracker : "TW96aWxsYS81LjAgKFdpbmRvd3MgTlQgMTAuMDsgV2luNjQ7IHg2NCkgQXBwbGVXZWJLaXQvNTM3LjM2IChLSFRNTCwgbGlrZSBHZWNrbykgQ2hyb21lLzEzNS4wLjAuMCBTYWZhcmkvNTM3LjM2fDE3NDU4ODQ3MTg3NDA1-66ef7bd1c406421895b8c43a8ff9f32c-c5b05048fd6b0ea99b7f6ed979ea40e4"
[2025-08-31 15:22:49.330 -03:00] [INF] [90] Jellyfin.Plugin.PlaybackReporting.EventMonitorEntryPoint: Processing playback tracker : "e28afc93d871e52abe50cba6ea9c415a191ec208-66ef7bd1c406421895b8c43a8ff9f32c-f426883aac9d1608a4bca20678e1e817"
[2025-08-31 15:22:49.686 -03:00] [INF] [94] Jellyfin.Plugin.PlaybackReporting.EventMonitorEntryPoint: Processing playback tracker : "TW96aWxsYS81LjAgKFdpbmRvd3MgTlQgMTAuMDsgV2luNjQ7IHg2NCkgQXBwbGVXZWJLaXQvNTM3LjM2IChLSFRNTCwgbGlrZSBHZWNrbykgQ2hyb21lLzEzNS4wLjAuMCBTYWZhcmkvNTM3LjM2fDE3NDU4ODQ3MTg3NDA1-66ef7bd1c406421895b8c43a8ff9f32c-c5b05048fd6b0ea99b7f6ed979ea40e4"
[2025-08-31 15:23:19.342 -03:00] [INF] [90] Jellyfin.Plugin.PlaybackReporting.EventMonitorEntryPoint: Processing playback tracker : "e28afc93d871e52abe50cba6ea9c415a191ec208-66ef7bd1c406421895b8c43a8ff9f32c-f426883aac9d1608a4bca20678e1e817"
[2025-08-31 15:23:19.674 -03:00] [INF] [141] Jellyfin.Plugin.PlaybackReporting.EventMonitorEntryPoint: Processing playback tracker : "TW96aWxsYS81LjAgKFdpbmRvd3MgTlQgMTAuMDsgV2luNjQ7IHg2NCkgQXBwbGVXZWJLaXQvNTM3LjM2IChLSFRNTCwgbGlrZSBHZWNrbykgQ2hyb21lLzEzNS4wLjAuMCBTYWZhcmkvNTM3LjM2fDE3NDU4ODQ3MTg3NDA1-66ef7bd1c406421895b8c43a8ff9f32c-c5b05048fd6b0ea99b7f6ed979ea40e4"
[2025-08-31 15:23:39.676 -03:00] [INF] [94] Jellyfin.Plugin.PlaybackReporting.EventMonitorEntryPoint: Processing playback tracker : "TW96aWxsYS81LjAgKFdpbmRvd3MgTlQgMTAuMDsgV2luNjQ7IHg2NCkgQXBwbGVXZWJLaXQvNTM3LjM2IChLSFRNTCwgbGlrZSBHZWNrbykgQ2hyb21lLzEzNS4wLjAuMCBTYWZhcmkvNTM3LjM2fDE3NDU4ODQ3MTg3NDA1-66ef7bd1c406421895b8c43a8ff9f32c-c5b05048fd6b0ea99b7f6ed979ea40e4"
[2025-08-31 15:23:49.350 -03:00] [INF] [147] Jellyfin.Plugin.PlaybackReporting.EventMonitorEntryPoint: Processing playback tracker : "e28afc93d871e52abe50cba6ea9c415a191ec208-66ef7bd1c406421895b8c43a8ff9f32c-f426883aac9d1608a4bca20678e1e817"
[2025-08-31 15:24:09.674 -03:00] [INF] [94] Jellyfin.Plugin.PlaybackReporting.EventMonitorEntryPoint: Processing playback tracker : "TW96aWxsYS81LjAgKFdpbmRvd3MgTlQgMTAuMDsgV2luNjQ7IHg2NCkgQXBwbGVXZWJLaXQvNTM3LjM2IChLSFRNTCwgbGlrZSBHZWNrbykgQ2hyb21lLzEzNS4wLjAuMCBTYWZhcmkvNTM3LjM2fDE3NDU4ODQ3MTg3NDA1-66ef7bd1c406421895b8c43a8ff9f32c-c5b05048fd6b0ea99b7f6ed979ea40e4"
[2025-08-31 15:24:19.369 -03:00] [INF] [90] Jellyfin.Plugin.PlaybackReporting.EventMonitorEntryPoint: Processing playback tracker : "e28afc93d871e52abe50cba6ea9c415a191ec208-66ef7bd1c406421895b8c43a8ff9f32c-f426883aac9d1608a4bca20678e1e817"
[2025-08-31 15:24:29.696 -03:00] [INF] [94] Jellyfin.Plugin.PlaybackReporting.EventMonitorEntryPoint: Processing playback tracker : "TW96aWxsYS81LjAgKFdpbmRvd3MgTlQgMTAuMDsgV2luNjQ7IHg2NCkgQXBwbGVXZWJLaXQvNTM3LjM2IChLSFRNTCwgbGlrZSBHZWNrbykgQ2hyb21lLzEzNS4wLjAuMCBTYWZhcmkvNTM3LjM2fDE3NDU4ODQ3MTg3NDA1-66ef7bd1c406421895b8c43a8ff9f32c-c5b05048fd6b0ea99b7f6ed979ea40e4"
[2025-08-31 15:24:38.666 -03:00] [INF] [94] Emby.Server.Implementations.Session.SessionManager: Playback stopped reported by app "Android TV" "0.18.11" playing "Guerreiras do K-Pop". Stopped at "33118" ms
[2025-08-31 15:24:38.703 -03:00] [INF] [147] Jellyfin.Plugin.PlaybackReporting.EventMonitorEntryPoint: Playback stop tracker found, processing stop : "e28afc93d871e52abe50cba6ea9c415a191ec208-66ef7bd1c406421895b8c43a8ff9f32c-f426883aac9d1608a4bca20678e1e817"
[2025-08-31 15:24:38.704 -03:00] [INF] [147] Jellyfin.Plugin.PlaybackReporting.Data.PlaybackTracker: PlaybackTracker : Adding Stop Event : 08/31/2025 15:24:38
[2025-08-31 15:24:38.705 -03:00] [INF] [147] Jellyfin.Plugin.PlaybackReporting.EventMonitorEntryPoint: Saving playback tracking activity in DB
[2025-08-31 15:24:59.665 -03:00] [INF] [123] Jellyfin.Plugin.PlaybackReporting.EventMonitorEntryPoint: Processing playback tracker : "TW96aWxsYS81LjAgKFdpbmRvd3MgTlQgMTAuMDsgV2luNjQ7IHg2NCkgQXBwbGVXZWJLaXQvNTM3LjM2IChLSFRNTCwgbGlrZSBHZWNrbykgQ2hyb21lLzEzNS4wLjAuMCBTYWZhcmkvNTM3LjM2fDE3NDU4ODQ3MTg3NDA1-66ef7bd1c406421895b8c43a8ff9f32c-c5b05048fd6b0ea99b7f6ed979ea40e4"
[2025-08-31 15:25:19.670 -03:00] [INF] [90] Jellyfin.Plugin.PlaybackReporting.EventMonitorEntryPoint: Processing playback tracker : "TW96aWxsYS81LjAgKFdpbmRvd3MgTlQgMTAuMDsgV2luNjQ7IHg2NCkgQXBwbGVXZWJLaXQvNTM3LjM2IChLSFRNTCwgbGlrZSBHZWNrbykgQ2hyb21lLzEzNS4wLjAuMCBTYWZhcmkvNTM3LjM2fDE3NDU4ODQ3MTg3NDA1-66ef7bd1c406421895b8c43a8ff9f32c-c5b05048fd6b0ea99b7f6ed979ea40e4"
[2025-08-31 15:25:39.702 -03:00] [INF] [90] Jellyfin.Plugin.PlaybackReporting.EventMonitorEntryPoint: Processing playback tracker : "TW96aWxsYS81LjAgKFdpbmRvd3MgTlQgMTAuMDsgV2luNjQ7IHg2NCkgQXBwbGVXZWJLaXQvNTM3LjM2IChLSFRNTCwgbGlrZSBHZWNrbykgQ2hyb21lLzEzNS4wLjAuMCBTYWZhcmkvNTM3LjM2fDE3NDU4ODQ3MTg3NDA1-66ef7bd1c406421895b8c43a8ff9f32c-c5b05048fd6b0ea99b7f6ed979ea40e4"
[2025-08-31 15:26:09.683 -03:00] [INF] [123] Jellyfin.Plugin.PlaybackReporting.EventMonitorEntryPoint: Processing playback tracker : "TW96aWxsYS81LjAgKFdpbmRvd3MgTlQgMTAuMDsgV2luNjQ7IHg2NCkgQXBwbGVXZWJLaXQvNTM3LjM2IChLSFRNTCwgbGlrZSBHZWNrbykgQ2hyb21lLzEzNS4wLjAuMCBTYWZhcmkvNTM3LjM2fDE3NDU4ODQ3MTg3NDA1-66ef7bd1c406421895b8c43a8ff9f32c-c5b05048fd6b0ea99b7f6ed979ea40e4"
[2025-08-31 15:26:39.692 -03:00] [INF] [147] Jellyfin.Plugin.PlaybackReporting.EventMonitorEntryPoint: Processing playback tracker : "TW96aWxsYS81LjAgKFdpbmRvd3MgTlQgMTAuMDsgV2luNjQ7IHg2NCkgQXBwbGVXZWJLaXQvNTM3LjM2IChLSFRNTCwgbGlrZSBHZWNrbykgQ2hyb21lLzEzNS4wLjAuMCBTYWZhcmkvNTM3LjM2fDE3NDU4ODQ3MTg3NDA1-66ef7bd1c406421895b8c43a8ff9f32c-c5b05048fd6b0ea99b7f6ed979ea40e4"
[2025-08-31 15:27:09.672 -03:00] [INF] [147] Jellyfin.Plugin.PlaybackReporting.EventMonitorEntryPoint: Processing playback tracker : "TW96aWxsYS81LjAgKFdpbmRvd3MgTlQgMTAuMDsgV2luNjQ7IHg2NCkgQXBwbGVXZWJLaXQvNTM3LjM2IChLSFRNTCwgbGlrZSBHZWNrbykgQ2hyb21lLzEzNS4wLjAuMCBTYWZhcmkvNTM3LjM2fDE3NDU4ODQ3MTg3NDA1-66ef7bd1c406421895b8c43a8ff9f32c-c5b05048fd6b0ea99b7f6ed979ea40e4"
[2025-08-31 15:27:29.676 -03:00] [INF] [147] Jellyfin.Plugin.PlaybackReporting.EventMonitorEntryPoint: Processing playback tracker : "TW96aWxsYS81LjAgKFdpbmRvd3MgTlQgMTAuMDsgV2luNjQ7IHg2NCkgQXBwbGVXZWJLaXQvNTM3LjM2IChLSFRNTCwgbGlrZSBHZWNrbykgQ2hyb21lLzEzNS4wLjAuMCBTYWZhcmkvNTM3LjM2fDE3NDU4ODQ3MTg3NDA1-66ef7bd1c406421895b8c43a8ff9f32c-c5b05048fd6b0ea99b7f6ed979ea40e4"
[2025-08-31 15:27:49.693 -03:00] [INF] [123] Jellyfin.Plugin.PlaybackReporting.EventMonitorEntryPoint: Processing playback tracker : "TW96aWxsYS81LjAgKFdpbmRvd3MgTlQgMTAuMDsgV2luNjQ7IHg2NCkgQXBwbGVXZWJLaXQvNTM3LjM2IChLSFRNTCwgbGlrZSBHZWNrbykgQ2hyb21lLzEzNS4wLjAuMCBTYWZhcmkvNTM3LjM2fDE3NDU4ODQ3MTg3NDA1-66ef7bd1c406421895b8c43a8ff9f32c-c5b05048fd6b0ea99b7f6ed979ea40e4"
[2025-08-31 15:28:09.706 -03:00] [INF] [98] Jellyfin.Plugin.PlaybackReporting.EventMonitorEntryPoint: Processing playback tracker : "TW96aWxsYS81LjAgKFdpbmRvd3MgTlQgMTAuMDsgV2luNjQ7IHg2NCkgQXBwbGVXZWJLaXQvNTM3LjM2IChLSFRNTCwgbGlrZSBHZWNrbykgQ2hyb21lLzEzNS4wLjAuMCBTYWZhcmkvNTM3LjM2fDE3NDU4ODQ3MTg3NDA1-66ef7bd1c406421895b8c43a8ff9f32c-c5b05048fd6b0ea99b7f6ed979ea40e4"
[2025-08-31 15:28:39.676 -03:00] [INF] [98] Jellyfin.Plugin.PlaybackReporting.EventMonitorEntryPoint: Processing playback tracker : "TW96aWxsYS81LjAgKFdpbmRvd3MgTlQgMTAuMDsgV2luNjQ7IHg2NCkgQXBwbGVXZWJLaXQvNTM3LjM2IChLSFRNTCwgbGlrZSBHZWNrbykgQ2hyb21lLzEzNS4wLjAuMCBTYWZhcmkvNTM3LjM2fDE3NDU4ODQ3MTg3NDA1-66ef7bd1c406421895b8c43a8ff9f32c-c5b05048fd6b0ea99b7f6ed979ea40e4"
[2025-08-31 15:28:59.686 -03:00] [INF] [123] Jellyfin.Plugin.PlaybackReporting.EventMonitorEntryPoint: Processing playback tracker : "TW96aWxsYS81LjAgKFdpbmRvd3MgTlQgMTAuMDsgV2luNjQ7IHg2NCkgQXBwbGVXZWJLaXQvNTM3LjM2IChLSFRNTCwgbGlrZSBHZWNrbykgQ2hyb21lLzEzNS4wLjAuMCBTYWZhcmkvNTM3LjM2fDE3NDU4ODQ3MTg3NDA1-66ef7bd1c406421895b8c43a8ff9f32c-c5b05048fd6b0ea99b7f6ed979ea40e4"
[2025-08-31 15:29:29.667 -03:00] [INF] [147] Jellyfin.Plugin.PlaybackReporting.EventMonitorEntryPoint: Processing playback tracker : "TW96aWxsYS81LjAgKFdpbmRvd3MgTlQgMTAuMDsgV2luNjQ7IHg2NCkgQXBwbGVXZWJLaXQvNTM3LjM2IChLSFRNTCwgbGlrZSBHZWNrbykgQ2hyb21lLzEzNS4wLjAuMCBTYWZhcmkvNTM3LjM2fDE3NDU4ODQ3MTg3NDA1-66ef7bd1c406421895b8c43a8ff9f32c-c5b05048fd6b0ea99b7f6ed979ea40e4"
[2025-08-31 15:29:49.670 -03:00] [INF] [147] Jellyfin.Plugin.PlaybackReporting.EventMonitorEntryPoint: Processing playback tracker : "TW96aWxsYS81LjAgKFdpbmRvd3MgTlQgMTAuMDsgV2luNjQ7IHg2NCkgQXBwbGVXZWJLaXQvNTM3LjM2IChLSFRNTCwgbGlrZSBHZWNrbykgQ2hyb21lLzEzNS4wLjAuMCBTYWZhcmkvNTM3LjM2fDE3NDU4ODQ3MTg3NDA1-66ef7bd1c406421895b8c43a8ff9f32c-c5b05048fd6b0ea99b7f6ed979ea40e4"
[2025-08-31 15:30:09.692 -03:00] [INF] [141] Jellyfin.Plugin.PlaybackReporting.EventMonitorEntryPoint: Processing playback tracker : "TW96aWxsYS81LjAgKFdpbmRvd3MgTlQgMTAuMDsgV2luNjQ7IHg2NCkgQXBwbGVXZWJLaXQvNTM3LjM2IChLSFRNTCwgbGlrZSBHZWNrbykgQ2hyb21lLzEzNS4wLjAuMCBTYWZhcmkvNTM3LjM2fDE3NDU4ODQ3MTg3NDA1-66ef7bd1c406421895b8c43a8ff9f32c-c5b05048fd6b0ea99b7f6ed979ea40e4"
[2025-08-31 15:30:30.492 -03:00] [INF] [147] Jellyfin.Plugin.PlaybackReporting.EventMonitorEntryPoint: Processing playback tracker : "TW96aWxsYS81LjAgKFdpbmRvd3MgTlQgMTAuMDsgV2luNjQ7IHg2NCkgQXBwbGVXZWJLaXQvNTM3LjM2IChLSFRNTCwgbGlrZSBHZWNrbykgQ2hyb21lLzEzNS4wLjAuMCBTYWZhcmkvNTM3LjM2fDE3NDU4ODQ3MTg3NDA1-66ef7bd1c406421895b8c43a8ff9f32c-c5b05048fd6b0ea99b7f6ed979ea40e4"
[2025-08-31 15:30:59.670 -03:00] [INF] [98] Jellyfin.Plugin.PlaybackReporting.EventMonitorEntryPoint: Processing playback tracker : "TW96aWxsYS81LjAgKFdpbmRvd3MgTlQgMTAuMDsgV2luNjQ7IHg2NCkgQXBwbGVXZWJLaXQvNTM3LjM2IChLSFRNTCwgbGlrZSBHZWNrbykgQ2hyb21lLzEzNS4wLjAuMCBTYWZhcmkvNTM3LjM2fDE3NDU4ODQ3MTg3NDA1-66ef7bd1c406421895b8c43a8ff9f32c-c5b05048fd6b0ea99b7f6ed979ea40e4"
[2025-08-31 15:31:19.677 -03:00] [INF] [141] Jellyfin.Plugin.PlaybackReporting.EventMonitorEntryPoint: Processing playback tracker : "TW96aWxsYS81LjAgKFdpbmRvd3MgTlQgMTAuMDsgV2luNjQ7IHg2NCkgQXBwbGVXZWJLaXQvNTM3LjM2IChLSFRNTCwgbGlrZSBHZWNrbykgQ2hyb21lLzEzNS4wLjAuMCBTYWZhcmkvNTM3LjM2fDE3NDU4ODQ3MTg3NDA1-66ef7bd1c406421895b8c43a8ff9f32c-c5b05048fd6b0ea99b7f6ed979ea40e4"
[2025-08-31 15:31:49.679 -03:00] [INF] [98] Jellyfin.Plugin.PlaybackReporting.EventMonitorEntryPoint: Processing playback tracker : "TW96aWxsYS81LjAgKFdpbmRvd3MgTlQgMTAuMDsgV2luNjQ7IHg2NCkgQXBwbGVXZWJLaXQvNTM3LjM2IChLSFRNTCwgbGlrZSBHZWNrbykgQ2hyb21lLzEzNS4wLjAuMCBTYWZhcmkvNTM3LjM2fDE3NDU4ODQ3MTg3NDA1-66ef7bd1c406421895b8c43a8ff9f32c-c5b05048fd6b0ea99b7f6ed979ea40e4"
[2025-08-31 15:32:09.694 -03:00] [INF] [141] Jellyfin.Plugin.PlaybackReporting.EventMonitorEntryPoint: Processing playback tracker : "TW96aWxsYS81LjAgKFdpbmRvd3MgTlQgMTAuMDsgV2luNjQ7IHg2NCkgQXBwbGVXZWJLaXQvNTM3LjM2IChLSFRNTCwgbGlrZSBHZWNrbykgQ2hyb21lLzEzNS4wLjAuMCBTYWZhcmkvNTM3LjM2fDE3NDU4ODQ3MTg3NDA1-66ef7bd1c406421895b8c43a8ff9f32c-c5b05048fd6b0ea99b7f6ed979ea40e4"
[2025-08-31 15:32:39.686 -03:00] [INF] [123] Jellyfin.Plugin.PlaybackReporting.EventMonitorEntryPoint: Processing playback tracker : "TW96aWxsYS81LjAgKFdpbmRvd3MgTlQgMTAuMDsgV2luNjQ7IHg2NCkgQXBwbGVXZWJLaXQvNTM3LjM2IChLSFRNTCwgbGlrZSBHZWNrbykgQ2hyb21lLzEzNS4wLjAuMCBTYWZhcmkvNTM3LjM2fDE3NDU4ODQ3MTg3NDA1-66ef7bd1c406421895b8c43a8ff9f32c-c5b05048fd6b0ea99b7f6ed979ea40e4"
[2025-08-31 15:33:09.671 -03:00] [INF] [98] Jellyfin.Plugin.PlaybackReporting.EventMonitorEntryPoint: Processing playback tracker : "TW96aWxsYS81LjAgKFdpbmRvd3MgTlQgMTAuMDsgV2luNjQ7IHg2NCkgQXBwbGVXZWJLaXQvNTM3LjM2IChLSFRNTCwgbGlrZSBHZWNrbykgQ2hyb21lLzEzNS4wLjAuMCBTYWZhcmkvNTM3LjM2fDE3NDU4ODQ3MTg3NDA1-66ef7bd1c406421895b8c43a8ff9f32c-c5b05048fd6b0ea99b7f6ed979ea40e4"
[2025-08-31 15:33:29.687 -03:00] [INF] [123] Jellyfin.Plugin.PlaybackReporting.EventMonitorEntryPoint: Processing playback tracker : "TW96aWxsYS81LjAgKFdpbmRvd3MgTlQgMTAuMDsgV2luNjQ7IHg2NCkgQXBwbGVXZWJLaXQvNTM3LjM2IChLSFRNTCwgbGlrZSBHZWNrbykgQ2hyb21lLzEzNS4wLjAuMCBTYWZhcmkvNTM3LjM2fDE3NDU4ODQ3MTg3NDA1-66ef7bd1c406421895b8c43a8ff9f32c-c5b05048fd6b0ea99b7f6ed979ea40e4"
[2025-08-31 15:33:49.697 -03:00] [INF] [98] Jellyfin.Plugin.PlaybackReporting.EventMonitorEntryPoint: Processing playback tracker : "TW96aWxsYS81LjAgKFdpbmRvd3MgTlQgMTAuMDsgV2luNjQ7IHg2NCkgQXBwbGVXZWJLaXQvNTM3LjM2IChLSFRNTCwgbGlrZSBHZWNrbykgQ2hyb21lLzEzNS4wLjAuMCBTYWZhcmkvNTM3LjM2fDE3NDU4ODQ3MTg3NDA1-66ef7bd1c406421895b8c43a8ff9f32c-c5b05048fd6b0ea99b7f6ed979ea40e4"
[2025-08-31 15:34:19.673 -03:00] [INF] [147] Jellyfin.Plugin.PlaybackReporting.EventMonitorEntryPoint: Processing playback tracker : "TW96aWxsYS81LjAgKFdpbmRvd3MgTlQgMTAuMDsgV2luNjQ7IHg2NCkgQXBwbGVXZWJLaXQvNTM3LjM2IChLSFRNTCwgbGlrZSBHZWNrbykgQ2hyb21lLzEzNS4wLjAuMCBTYWZhcmkvNTM3LjM2fDE3NDU4ODQ3MTg3NDA1-66ef7bd1c406421895b8c43a8ff9f32c-c5b05048fd6b0ea99b7f6ed979ea40e4"
[2025-08-31 15:34:39.694 -03:00] [INF] [147] Jellyfin.Plugin.PlaybackReporting.EventMonitorEntryPoint: Processing playback tracker : "TW96aWxsYS81LjAgKFdpbmRvd3MgTlQgMTAuMDsgV2luNjQ7IHg2NCkgQXBwbGVXZWJLaXQvNTM3LjM2IChLSFRNTCwgbGlrZSBHZWNrbykgQ2hyb21lLzEzNS4wLjAuMCBTYWZhcmkvNTM3LjM2fDE3NDU4ODQ3MTg3NDA1-66ef7bd1c406421895b8c43a8ff9f32c-c5b05048fd6b0ea99b7f6ed979ea40e4"
[2025-08-31 15:35:09.686 -03:00] [INF] [147] Jellyfin.Plugin.PlaybackReporting.EventMonitorEntryPoint: Processing playback tracker : "TW96aWxsYS81LjAgKFdpbmRvd3MgTlQgMTAuMDsgV2luNjQ7IHg2NCkgQXBwbGVXZWJLaXQvNTM3LjM2IChLSFRNTCwgbGlrZSBHZWNrbykgQ2hyb21lLzEzNS4wLjAuMCBTYWZhcmkvNTM3LjM2fDE3NDU4ODQ3MTg3NDA1-66ef7bd1c406421895b8c43a8ff9f32c-c5b05048fd6b0ea99b7f6ed979ea40e4"
[2025-08-31 15:35:39.684 -03:00] [INF] [147] Jellyfin.Plugin.PlaybackReporting.EventMonitorEntryPoint: Processing playback tracker : "TW96aWxsYS81LjAgKFdpbmRvd3MgTlQgMTAuMDsgV2luNjQ7IHg2NCkgQXBwbGVXZWJLaXQvNTM3LjM2IChLSFRNTCwgbGlrZSBHZWNrbykgQ2hyb21lLzEzNS4wLjAuMCBTYWZhcmkvNTM3LjM2fDE3NDU4ODQ3MTg3NDA1-66ef7bd1c406421895b8c43a8ff9f32c-c5b05048fd6b0ea99b7f6ed979ea40e4"
[2025-08-31 15:36:09.687 -03:00] [INF] [94] Jellyfin.Plugin.PlaybackReporting.EventMonitorEntryPoint: Processing playback tracker : "TW96aWxsYS81LjAgKFdpbmRvd3MgTlQgMTAuMDsgV2luNjQ7IHg2NCkgQXBwbGVXZWJLaXQvNTM3LjM2IChLSFRNTCwgbGlrZSBHZWNrbykgQ2hyb21lLzEzNS4wLjAuMCBTYWZhcmkvNTM3LjM2fDE3NDU4ODQ3MTg3NDA1-66ef7bd1c406421895b8c43a8ff9f32c-c5b05048fd6b0ea99b7f6ed979ea40e4"
[2025-08-31 15:36:39.720 -03:00] [INF] [94] Jellyfin.Plugin.PlaybackReporting.EventMonitorEntryPoint: Processing playback tracker : "TW96aWxsYS81LjAgKFdpbmRvd3MgTlQgMTAuMDsgV2luNjQ7IHg2NCkgQXBwbGVXZWJLaXQvNTM3LjM2IChLSFRNTCwgbGlrZSBHZWNrbykgQ2hyb21lLzEzNS4wLjAuMCBTYWZhcmkvNTM3LjM2fDE3NDU4ODQ3MTg3NDA1-66ef7bd1c406421895b8c43a8ff9f32c-c5b05048fd6b0ea99b7f6ed979ea40e4"
[2025-08-31 15:37:11.517 -03:00] [INF] [123] Jellyfin.Plugin.PlaybackReporting.EventMonitorEntryPoint: Processing playback tracker : "TW96aWxsYS81LjAgKFdpbmRvd3MgTlQgMTAuMDsgV2luNjQ7IHg2NCkgQXBwbGVXZWJLaXQvNTM3LjM2IChLSFRNTCwgbGlrZSBHZWNrbykgQ2hyb21lLzEzNS4wLjAuMCBTYWZhcmkvNTM3LjM2fDE3NDU4ODQ3MTg3NDA1-66ef7bd1c406421895b8c43a8ff9f32c-c5b05048fd6b0ea99b7f6ed979ea40e4"
[2025-08-31 15:37:41.539 -03:00] [INF] [146] Jellyfin.Plugin.PlaybackReporting.EventMonitorEntryPoint: Processing playback tracker : "TW96aWxsYS81LjAgKFdpbmRvd3MgTlQgMTAuMDsgV2luNjQ7IHg2NCkgQXBwbGVXZWJLaXQvNTM3LjM2IChLSFRNTCwgbGlrZSBHZWNrbykgQ2hyb21lLzEzNS4wLjAuMCBTYWZhcmkvNTM3LjM2fDE3NDU4ODQ3MTg3NDA1-66ef7bd1c406421895b8c43a8ff9f32c-c5b05048fd6b0ea99b7f6ed979ea40e4"
[2025-08-31 15:38:27.209 -03:00] [INF] [141] Emby.Server.Implementations.Session.SessionWebSocketListener: Sending ForceKeepAlive message to 1 inactive WebSockets.
[2025-08-31 15:39:57.538 -03:00] [INF] [71] Jellyfin.Plugin.PlaybackReporting.EventMonitorEntryPoint: Processing playback tracker : "TW96aWxsYS81LjAgKFdpbmRvd3MgTlQgMTAuMDsgV2luNjQ7IHg2NCkgQXBwbGVXZWJLaXQvNTM3LjM2IChLSFRNTCwgbGlrZSBHZWNrbykgQ2hyb21lLzEzNS4wLjAuMCBTYWZhcmkvNTM3LjM2fDE3NDU4ODQ3MTg3NDA1-66ef7bd1c406421895b8c43a8ff9f32c-c5b05048fd6b0ea99b7f6ed979ea40e4"
[2025-08-31 15:41:57.534 -03:00] [INF] [142] Jellyfin.Plugin.PlaybackReporting.EventMonitorEntryPoint: Processing playback tracker : "TW96aWxsYS81LjAgKFdpbmRvd3MgTlQgMTAuMDsgV2luNjQ7IHg2NCkgQXBwbGVXZWJLaXQvNTM3LjM2IChLSFRNTCwgbGlrZSBHZWNrbykgQ2hyb21lLzEzNS4wLjAuMCBTYWZhcmkvNTM3LjM2fDE3NDU4ODQ3MTg3NDA1-66ef7bd1c406421895b8c43a8ff9f32c-c5b05048fd6b0ea99b7f6ed979ea40e4"
[2025-08-31 15:42:51.208 -03:00] [INF] [71] Emby.Server.Implementations.Session.SessionWebSocketListener: Sending ForceKeepAlive message to 1 inactive WebSockets.
[2025-08-31 15:43:57.529 -03:00] [INF] [71] Jellyfin.Plugin.PlaybackReporting.EventMonitorEntryPoint: Processing playback tracker : "TW96aWxsYS81LjAgKFdpbmRvd3MgTlQgMTAuMDsgV2luNjQ7IHg2NCkgQXBwbGVXZWJLaXQvNTM3LjM2IChLSFRNTCwgbGlrZSBHZWNrbykgQ2hyb21lLzEzNS4wLjAuMCBTYWZhcmkvNTM3LjM2fDE3NDU4ODQ3MTg3NDA1-66ef7bd1c406421895b8c43a8ff9f32c-c5b05048fd6b0ea99b7f6ed979ea40e4"
[2025-08-31 15:45:58.403 -03:00] [INF] [94] Jellyfin.Plugin.PlaybackReporting.EventMonitorEntryPoint: Processing playback tracker : "TW96aWxsYS81LjAgKFdpbmRvd3MgTlQgMTAuMDsgV2luNjQ7IHg2NCkgQXBwbGVXZWJLaXQvNTM3LjM2IChLSFRNTCwgbGlrZSBHZWNrbykgQ2hyb21lLzEzNS4wLjAuMCBTYWZhcmkvNTM3LjM2fDE3NDU4ODQ3MTg3NDA1-66ef7bd1c406421895b8c43a8ff9f32c-c5b05048fd6b0ea99b7f6ed979ea40e4"
[2025-08-31 15:46:39.207 -03:00] [INF] [71] Emby.Server.Implementations.Session.SessionWebSocketListener: Sending ForceKeepAlive message to 1 inactive WebSockets.
[2025-08-31 15:47:57.517 -03:00] [INF] [98] Jellyfin.Plugin.PlaybackReporting.EventMonitorEntryPoint: Processing playback tracker : "TW96aWxsYS81LjAgKFdpbmRvd3MgTlQgMTAuMDsgV2luNjQ7IHg2NCkgQXBwbGVXZWJLaXQvNTM3LjM2IChLSFRNTCwgbGlrZSBHZWNrbykgQ2hyb21lLzEzNS4wLjAuMCBTYWZhcmkvNTM3LjM2fDE3NDU4ODQ3MTg3NDA1-66ef7bd1c406421895b8c43a8ff9f32c-c5b05048fd6b0ea99b7f6ed979ea40e4"
[2025-08-31 15:49:57.533 -03:00] [INF] [102] Jellyfin.Plugin.PlaybackReporting.EventMonitorEntryPoint: Processing playback tracker : "TW96aWxsYS81LjAgKFdpbmRvd3MgTlQgMTAuMDsgV2luNjQ7IHg2NCkgQXBwbGVXZWJLaXQvNTM3LjM2IChLSFRNTCwgbGlrZSBHZWNrbykgQ2hyb21lLzEzNS4wLjAuMCBTYWZhcmkvNTM3LjM2fDE3NDU4ODQ3MTg3NDA1-66ef7bd1c406421895b8c43a8ff9f32c-c5b05048fd6b0ea99b7f6ed979ea40e4"
[2025-08-31 15:50:27.208 -03:00] [INF] [123] Emby.Server.Implementations.Session.SessionWebSocketListener: Sending ForceKeepAlive message to 1 inactive WebSockets.
[2025-08-31 15:51:57.528 -03:00] [INF] [94] Jellyfin.Plugin.PlaybackReporting.EventMonitorEntryPoint: Processing playback tracker : "TW96aWxsYS81LjAgKFdpbmRvd3MgTlQgMTAuMDsgV2luNjQ7IHg2NCkgQXBwbGVXZWJLaXQvNTM3LjM2IChLSFRNTCwgbGlrZSBHZWNrbykgQ2hyb21lLzEzNS4wLjAuMCBTYWZhcmkvNTM3LjM2fDE3NDU4ODQ3MTg3NDA1-66ef7bd1c406421895b8c43a8ff9f32c-c5b05048fd6b0ea99b7f6ed979ea40e4"
[2025-08-31 15:53:57.529 -03:00] [INF] [94] Jellyfin.Plugin.PlaybackReporting.EventMonitorEntryPoint: Processing playback tracker : "TW96aWxsYS81LjAgKFdpbmRvd3MgTlQgMTAuMDsgV2luNjQ7IHg2NCkgQXBwbGVXZWJLaXQvNTM3LjM2IChLSFRNTCwgbGlrZSBHZWNrbykgQ2hyb21lLzEzNS4wLjAuMCBTYWZhcmkvNTM3LjM2fDE3NDU4ODQ3MTg3NDA1-66ef7bd1c406421895b8c43a8ff9f32c-c5b05048fd6b0ea99b7f6ed979ea40e4"
[2025-08-31 15:54:51.208 -03:00] [INF] [174] Emby.Server.Implementations.Session.SessionWebSocketListener: Sending ForceKeepAlive message to 1 inactive WebSockets.
[2025-08-31 15:55:57.517 -03:00] [INF] [142] Jellyfin.Plugin.PlaybackReporting.EventMonitorEntryPoint: Processing playback tracker : "TW96aWxsYS81LjAgKFdpbmRvd3MgTlQgMTAuMDsgV2luNjQ7IHg2NCkgQXBwbGVXZWJLaXQvNTM3LjM2IChLSFRNTCwgbGlrZSBHZWNrbykgQ2hyb21lLzEzNS4wLjAuMCBTYWZhcmkvNTM3LjM2fDE3NDU4ODQ3MTg3NDA1-66ef7bd1c406421895b8c43a8ff9f32c-c5b05048fd6b0ea99b7f6ed979ea40e4"
[2025-08-31 15:57:57.529 -03:00] [INF] [153] Jellyfin.Plugin.PlaybackReporting.EventMonitorEntryPoint: Processing playback tracker : "TW96aWxsYS81LjAgKFdpbmRvd3MgTlQgMTAuMDsgV2luNjQ7IHg2NCkgQXBwbGVXZWJLaXQvNTM3LjM2IChLSFRNTCwgbGlrZSBHZWNrbykgQ2hyb21lLzEzNS4wLjAuMCBTYWZhcmkvNTM3LjM2fDE3NDU4ODQ3MTg3NDA1-66ef7bd1c406421895b8c43a8ff9f32c-c5b05048fd6b0ea99b7f6ed979ea40e4"
[2025-08-31 15:58:39.208 -03:00] [INF] [56] Emby.Server.Implementations.Session.SessionWebSocketListener: Sending ForceKeepAlive message to 1 inactive WebSockets.
[2025-08-31 15:59:30.227 -03:00] [WRN] [158] Emby.Server.Implementations.HttpServer.WebSocketConnection: WS "192.168.1.2" error receiving data: "The remote party closed the WebSocket connection without completing the close handshake."
[2025-08-31 15:59:30.246 -03:00] [INF] [158] Emby.Server.Implementations.HttpServer.WebSocketManager: WS "192.168.1.2" closed
[2025-08-31 15:59:57.527 -03:00] [INF] [43] Jellyfin.Plugin.PlaybackReporting.EventMonitorEntryPoint: Processing playback tracker : "TW96aWxsYS81LjAgKFdpbmRvd3MgTlQgMTAuMDsgV2luNjQ7IHg2NCkgQXBwbGVXZWJLaXQvNTM3LjM2IChLSFRNTCwgbGlrZSBHZWNrbykgQ2hyb21lLzEzNS4wLjAuMCBTYWZhcmkvNTM3LjM2fDE3NDU4ODQ3MTg3NDA1-66ef7bd1c406421895b8c43a8ff9f32c-c5b05048fd6b0ea99b7f6ed979ea40e4"
[2025-08-31 16:01:58.339 -03:00] [INF] [43] Jellyfin.Plugin.PlaybackReporting.EventMonitorEntryPoint: Processing playback tracker : "TW96aWxsYS81LjAgKFdpbmRvd3MgTlQgMTAuMDsgV2luNjQ7IHg2NCkgQXBwbGVXZWJLaXQvNTM3LjM2IChLSFRNTCwgbGlrZSBHZWNrbykgQ2hyb21lLzEzNS4wLjAuMCBTYWZhcmkvNTM3LjM2fDE3NDU4ODQ3MTg3NDA1-66ef7bd1c406421895b8c43a8ff9f32c-c5b05048fd6b0ea99b7f6ed979ea40e4"
[2025-08-31 16:02:27.207 -03:00] [INF] [158] Emby.Server.Implementations.Session.SessionWebSocketListener: Sending ForceKeepAlive message to 1 inactive WebSockets.
[2025-08-31 16:03:57.535 -03:00] [INF] [94] Jellyfin.Plugin.PlaybackReporting.EventMonitorEntryPoint: Processing playback tracker : "TW96aWxsYS81LjAgKFdpbmRvd3MgTlQgMTAuMDsgV2luNjQ7IHg2NCkgQXBwbGVXZWJLaXQvNTM3LjM2IChLSFRNTCwgbGlrZSBHZWNrbykgQ2hyb21lLzEzNS4wLjAuMCBTYWZhcmkvNTM3LjM2fDE3NDU4ODQ3MTg3NDA1-66ef7bd1c406421895b8c43a8ff9f32c-c5b05048fd6b0ea99b7f6ed979ea40e4"
[2025-08-31 16:04:16.643 -03:00] [INF] [123] Emby.Server.Implementations.HttpServer.WebSocketManager: WS "192.168.1.2" request
[2025-08-31 16:04:24.530 -03:00] [INF] [98] Jellyfin.Api.Helpers.MediaInfoHelper: User policy for "luiz". EnablePlaybackRemuxing: True EnableVideoPlaybackTranscoding: True EnableAudioPlaybackTranscoding: True
[2025-08-31 16:04:24.710 -03:00] [INF] [43] Jellyfin.Plugin.PlaybackReporting.EventMonitorEntryPoint: Adding playback tracker : e28afc93d871e52abe50cba6ea9c415a191ec208-66ef7bd1c406421895b8c43a8ff9f32c-c5b05048fd6b0ea99b7f6ed979ea40e4
[2025-08-31 16:04:24.710 -03:00] [INF] [43] Jellyfin.Plugin.PlaybackReporting.Data.PlaybackTracker: PlaybackTracker : Adding Start Event : 08/31/2025 16:04:24
[2025-08-31 16:04:24.710 -03:00] [INF] [43] Jellyfin.Plugin.PlaybackReporting.EventMonitorEntryPoint: Creating StartPlaybackTimer Task
[2025-08-31 16:04:24.711 -03:00] [INF] [43] Jellyfin.Plugin.PlaybackReporting.EventMonitorEntryPoint: StartPlaybackTimer : Entered
[2025-08-31 16:04:25.111 -03:00] [INF] [123] MediaBrowser.MediaEncoding.Transcoding.TranscodeManager: "/usr/lib/jellyfin-ffmpeg/ffmpeg" "-analyzeduration 200M -probesize 1G  -i file:\"/data/serie/Invasion.S01e09.720p.WEB-DL. DUAL/Invasion.S01e09.720p.WEB-DL. DUAL.mkv\" -map_metadata -1 -map_chapters -1 -threads 0 -map 0:0 -map 0:1 -codec:v:0 libx264 -preset veryfast -crf 23 -maxrate 5341032 -bufsize 10682064 -profile:v:0 high -level 41 -x264opts:0 subme=0:me_range=16:rc_lookahead=10:me=hex:open_gop=0 -force_key_frames:0 \"expr:gte(t,n_forced*3)\" -sc_threshold:v:0 0 -vf \"setparams=color_primaries=bt709:color_trc=bt709:colorspace=bt709,scale=trunc(min(max(iw\,ih*a)\,min(3840\,2160*a))/2)*2:trunc(min(max(iw/a\,ih)\,min(3840/a\,2160))/2)*2,format=yuv420p,subtitles=f='/config/data/data/subtitles/4/47266a87-3ee8-ba39-e41f-d3242fd279f3.ass':fontsdir='/config/cache/attachments/c5b05048fd6b0ea99b7f6ed979ea40e4'\" -start_at_zero -codec:a:0 copy -copyts -avoid_negative_ts disabled -max_muxing_queue_size 2048 -f hls -max_delay 5000000 -hls_time 3 -hls_segment_type mpegts -start_number 0 -hls_segment_filename \"/config/cache/transcodes/f923240485a2be8908a071d5955df63d%d.ts\" -hls_playlist_type vod -hls_list_size 0 -y \"/config/cache/transcodes/f923240485a2be8908a071d5955df63d.m3u8\""
[2025-08-31 16:04:25.700 -03:00] [INF] [123] Jellyfin.Plugin.PlaybackReporting.EventMonitorEntryPoint: Processing playback tracker : "e28afc93d871e52abe50cba6ea9c415a191ec208-66ef7bd1c406421895b8c43a8ff9f32c-c5b05048fd6b0ea99b7f6ed979ea40e4"
[2025-08-31 16:04:26.642 -03:00] [INF] [102] MediaBrowser.Controller.MediaEncoding.TranscodingJob: Stopping ffmpeg process with q command for "/config/cache/transcodes/f923240485a2be8908a071d5955df63d.m3u8"
[2025-08-31 16:04:26.940 -03:00] [INF] [102] MediaBrowser.MediaEncoding.Transcoding.TranscodeManager: FFmpeg exited with code 0
[2025-08-31 16:04:26.943 -03:00] [INF] [102] MediaBrowser.MediaEncoding.Transcoding.TranscodeManager: "/usr/lib/jellyfin-ffmpeg/ffmpeg" "-analyzeduration 200M -probesize 1G -ss 00:22:09.000  -i file:\"/data/serie/Invasion.S01e09.720p.WEB-DL. DUAL/Invasion.S01e09.720p.WEB-DL. DUAL.mkv\" -map_metadata -1 -map_chapters -1 -threads 0 -map 0:0 -map 0:1 -codec:v:0 libx264 -preset veryfast -crf 23 -maxrate 5341032 -bufsize 10682064 -profile:v:0 high -level 41 -x264opts:0 subme=0:me_range=16:rc_lookahead=10:me=hex:open_gop=0 -force_key_frames:0 \"expr:gte(t,n_forced*3)\" -sc_threshold:v:0 0 -vf \"setparams=color_primaries=bt709:color_trc=bt709:colorspace=bt709,scale=trunc(min(max(iw\,ih*a)\,min(3840\,2160*a))/2)*2:trunc(min(max(iw/a\,ih)\,min(3840/a\,2160))/2)*2,format=yuv420p,subtitles=f='/config/data/data/subtitles/4/47266a87-3ee8-ba39-e41f-d3242fd279f3.ass':fontsdir='/config/cache/attachments/c5b05048fd6b0ea99b7f6ed979ea40e4'\" -start_at_zero -codec:a:0 copy -copyts -avoid_negative_ts disabled -max_muxing_queue_size 2048 -f hls -max_delay 5000000 -hls_time 3 -hls_segment_type mpegts -start_number 443 -hls_segment_filename \"/config/cache/transcodes/f923240485a2be8908a071d5955df63d%d.ts\" -hls_playlist_type vod -hls_list_size 0 -y \"/config/cache/transcodes/f923240485a2be8908a071d5955df63d.m3u8\""
[2025-08-31 16:04:44.712 -03:00] [INF] [146] Jellyfin.Plugin.PlaybackReporting.EventMonitorEntryPoint: session.RemoteEndPoint : "192.168.1.2"
[2025-08-31 16:04:44.713 -03:00] [INF] [146] Jellyfin.Plugin.PlaybackReporting.EventMonitorEntryPoint: StartPlaybackTimer : event_playing_id     = "c5b05048fd6b0ea99b7f6ed979ea40e4"
[2025-08-31 16:04:44.713 -03:00] [INF] [146] Jellyfin.Plugin.PlaybackReporting.EventMonitorEntryPoint: StartPlaybackTimer : event_user_id        = "66ef7bd1c406421895b8c43a8ff9f32c"
[2025-08-31 16:04:44.713 -03:00] [INF] [146] Jellyfin.Plugin.PlaybackReporting.EventMonitorEntryPoint: StartPlaybackTimer : event_user_id_int    = 1
[2025-08-31 16:04:44.714 -03:00] [INF] [146] Jellyfin.Plugin.PlaybackReporting.EventMonitorEntryPoint: StartPlaybackTimer : session_playing_id   = "c5b05048fd6b0ea99b7f6ed979ea40e4"
[2025-08-31 16:04:44.714 -03:00] [INF] [146] Jellyfin.Plugin.PlaybackReporting.EventMonitorEntryPoint: StartPlaybackTimer : session_user_id      = "66ef7bd1c406421895b8c43a8ff9f32c"
[2025-08-31 16:04:44.714 -03:00] [INF] [146] Jellyfin.Plugin.PlaybackReporting.EventMonitorEntryPoint: StartPlaybackTimer : play_method          = "Transcode (v:h264 a:direct)"
[2025-08-31 16:04:44.714 -03:00] [INF] [146] Jellyfin.Plugin.PlaybackReporting.EventMonitorEntryPoint: StartPlaybackTimer : e.ClientName         = "Android TV"
[2025-08-31 16:04:44.714 -03:00] [INF] [146] Jellyfin.Plugin.PlaybackReporting.EventMonitorEntryPoint: StartPlaybackTimer : e.DeviceName         = "Tv TCL"
[2025-08-31 16:04:44.714 -03:00] [INF] [146] Jellyfin.Plugin.PlaybackReporting.EventMonitorEntryPoint: StartPlaybackTimer : ItemName             = "Invasão - s01e09 - Cheio de estrelas"
[2025-08-31 16:04:44.714 -03:00] [INF] [146] Jellyfin.Plugin.PlaybackReporting.EventMonitorEntryPoint: StartPlaybackTimer : ItemId               = "c5b05048fd6b0ea99b7f6ed979ea40e4"
[2025-08-31 16:04:44.714 -03:00] [INF] [146] Jellyfin.Plugin.PlaybackReporting.EventMonitorEntryPoint: StartPlaybackTimer : ItemType             = "Episode"
[2025-08-31 16:04:44.714 -03:00] [INF] [146] Jellyfin.Plugin.PlaybackReporting.EventMonitorEntryPoint: StartPlaybackTimer : All matches, playback registered
[2025-08-31 16:04:44.714 -03:00] [INF] [146] Jellyfin.Plugin.PlaybackReporting.EventMonitorEntryPoint: Playback tracker found, adding playback info : "e28afc93d871e52abe50cba6ea9c415a191ec208-66ef7bd1c406421895b8c43a8ff9f32c-c5b05048fd6b0ea99b7f6ed979ea40e4"
[2025-08-31 16:04:44.714 -03:00] [INF] [146] Jellyfin.Plugin.PlaybackReporting.EventMonitorEntryPoint: Saving playback tracking activity in DB
[2025-08-31 16:04:44.723 -03:00] [INF] [146] Jellyfin.Plugin.PlaybackReporting.EventMonitorEntryPoint: StartPlaybackTimer : Exited
[2025-08-31 16:04:46.614 -03:00] [INF] [123] Jellyfin.Plugin.PlaybackReporting.EventMonitorEntryPoint: Processing playback tracker : "e28afc93d871e52abe50cba6ea9c415a191ec208-66ef7bd1c406421895b8c43a8ff9f32c-c5b05048fd6b0ea99b7f6ed979ea40e4"
[2025-08-31 16:05:06.648 -03:00] [INF] [123] Jellyfin.Plugin.PlaybackReporting.EventMonitorEntryPoint: Processing playback tracker : "e28afc93d871e52abe50cba6ea9c415a191ec208-66ef7bd1c406421895b8c43a8ff9f32c-c5b05048fd6b0ea99b7f6ed979ea40e4"
[2025-08-31 16:05:26.669 -03:00] [INF] [94] Jellyfin.Plugin.PlaybackReporting.EventMonitorEntryPoint: Processing playback tracker : "e28afc93d871e52abe50cba6ea9c415a191ec208-66ef7bd1c406421895b8c43a8ff9f32c-c5b05048fd6b0ea99b7f6ed979ea40e4"
[2025-08-31 16:05:46.699 -03:00] [INF] [102] Jellyfin.Plugin.PlaybackReporting.EventMonitorEntryPoint: Processing playback tracker : "e28afc93d871e52abe50cba6ea9c415a191ec208-66ef7bd1c406421895b8c43a8ff9f32c-c5b05048fd6b0ea99b7f6ed979ea40e4"
[2025-08-31 16:05:57.546 -03:00] [INF] [94] Jellyfin.Plugin.PlaybackReporting.EventMonitorEntryPoint: Processing playback tracker : "TW96aWxsYS81LjAgKFdpbmRvd3MgTlQgMTAuMDsgV2luNjQ7IHg2NCkgQXBwbGVXZWJLaXQvNTM3LjM2IChLSFRNTCwgbGlrZSBHZWNrbykgQ2hyb21lLzEzNS4wLjAuMCBTYWZhcmkvNTM3LjM2fDE3NDU4ODQ3MTg3NDA1-66ef7bd1c406421895b8c43a8ff9f32c-c5b05048fd6b0ea99b7f6ed979ea40e4"
[2025-08-31 16:06:06.730 -03:00] [INF] [94] Jellyfin.Plugin.PlaybackReporting.EventMonitorEntryPoint: Processing playback tracker : "e28afc93d871e52abe50cba6ea9c415a191ec208-66ef7bd1c406421895b8c43a8ff9f32c-c5b05048fd6b0ea99b7f6ed979ea40e4"
[2025-08-31 16:06:26.756 -03:00] [INF] [56] Jellyfin.Plugin.PlaybackReporting.EventMonitorEntryPoint: Processing playback tracker : "e28afc93d871e52abe50cba6ea9c415a191ec208-66ef7bd1c406421895b8c43a8ff9f32c-c5b05048fd6b0ea99b7f6ed979ea40e4"
[2025-08-31 16:06:38.069 -03:00] [INF] [98] MediaBrowser.MediaEncoding.Transcoding.TranscodeManager: FFmpeg exited with code 0
[2025-08-31 16:06:46.784 -03:00] [INF] [102] Jellyfin.Plugin.PlaybackReporting.EventMonitorEntryPoint: Processing playback tracker : "e28afc93d871e52abe50cba6ea9c415a191ec208-66ef7bd1c406421895b8c43a8ff9f32c-c5b05048fd6b0ea99b7f6ed979ea40e4"
[2025-08-31 16:06:51.208 -03:00] [INF] [123] Emby.Server.Implementations.Session.SessionWebSocketListener: Sending ForceKeepAlive message to 1 inactive WebSockets.
[2025-08-31 16:07:06.818 -03:00] [INF] [153] Jellyfin.Plugin.PlaybackReporting.EventMonitorEntryPoint: Processing playback tracker : "e28afc93d871e52abe50cba6ea9c415a191ec208-66ef7bd1c406421895b8c43a8ff9f32c-c5b05048fd6b0ea99b7f6ed979ea40e4"
[2025-08-31 16:07:26.847 -03:00] [INF] [123] Jellyfin.Plugin.PlaybackReporting.EventMonitorEntryPoint: Processing playback tracker : "e28afc93d871e52abe50cba6ea9c415a191ec208-66ef7bd1c406421895b8c43a8ff9f32c-c5b05048fd6b0ea99b7f6ed979ea40e4"
[2025-08-31 16:07:46.872 -03:00] [INF] [102] Jellyfin.Plugin.PlaybackReporting.EventMonitorEntryPoint: Processing playback tracker : "e28afc93d871e52abe50cba6ea9c415a191ec208-66ef7bd1c406421895b8c43a8ff9f32c-c5b05048fd6b0ea99b7f6ed979ea40e4"
[2025-08-31 16:07:57.520 -03:00] [INF] [153] Jellyfin.Plugin.PlaybackReporting.EventMonitorEntryPoint: Processing playback tracker : "TW96aWxsYS81LjAgKFdpbmRvd3MgTlQgMTAuMDsgV2luNjQ7IHg2NCkgQXBwbGVXZWJLaXQvNTM3LjM2IChLSFRNTCwgbGlrZSBHZWNrbykgQ2hyb21lLzEzNS4wLjAuMCBTYWZhcmkvNTM3LjM2fDE3NDU4ODQ3MTg3NDA1-66ef7bd1c406421895b8c43a8ff9f32c-c5b05048fd6b0ea99b7f6ed979ea40e4"
[2025-08-31 16:08:06.896 -03:00] [INF] [98] Jellyfin.Plugin.PlaybackReporting.EventMonitorEntryPoint: Processing playback tracker : "e28afc93d871e52abe50cba6ea9c415a191ec208-66ef7bd1c406421895b8c43a8ff9f32c-c5b05048fd6b0ea99b7f6ed979ea40e4"
[2025-08-31 16:08:26.922 -03:00] [INF] [98] Jellyfin.Plugin.PlaybackReporting.EventMonitorEntryPoint: Processing playback tracker : "e28afc93d871e52abe50cba6ea9c415a191ec208-66ef7bd1c406421895b8c43a8ff9f32c-c5b05048fd6b0ea99b7f6ed979ea40e4"
[2025-08-31 16:08:46.951 -03:00] [INF] [123] Jellyfin.Plugin.PlaybackReporting.EventMonitorEntryPoint: Processing playback tracker : "e28afc93d871e52abe50cba6ea9c415a191ec208-66ef7bd1c406421895b8c43a8ff9f32c-c5b05048fd6b0ea99b7f6ed979ea40e4"
[2025-08-31 16:09:06.984 -03:00] [INF] [98] Jellyfin.Plugin.PlaybackReporting.EventMonitorEntryPoint: Processing playback tracker : "e28afc93d871e52abe50cba6ea9c415a191ec208-66ef7bd1c406421895b8c43a8ff9f32c-c5b05048fd6b0ea99b7f6ed979ea40e4"
[2025-08-31 16:09:27.004 -03:00] [INF] [98] Jellyfin.Plugin.PlaybackReporting.EventMonitorEntryPoint: Processing playback tracker : "e28afc93d871e52abe50cba6ea9c415a191ec208-66ef7bd1c406421895b8c43a8ff9f32c-c5b05048fd6b0ea99b7f6ed979ea40e4"
[2025-08-31 16:09:47.041 -03:00] [INF] [153] Jellyfin.Plugin.PlaybackReporting.EventMonitorEntryPoint: Processing playback tracker : "e28afc93d871e52abe50cba6ea9c415a191ec208-66ef7bd1c406421895b8c43a8ff9f32c-c5b05048fd6b0ea99b7f6ed979ea40e4"
[2025-08-31 16:09:57.515 -03:00] [INF] [123] Jellyfin.Plugin.PlaybackReporting.EventMonitorEntryPoint: Processing playback tracker : "TW96aWxsYS81LjAgKFdpbmRvd3MgTlQgMTAuMDsgV2luNjQ7IHg2NCkgQXBwbGVXZWJLaXQvNTM3LjM2IChLSFRNTCwgbGlrZSBHZWNrbykgQ2hyb21lLzEzNS4wLjAuMCBTYWZhcmkvNTM3LjM2fDE3NDU4ODQ3MTg3NDA1-66ef7bd1c406421895b8c43a8ff9f32c-c5b05048fd6b0ea99b7f6ed979ea40e4"
[2025-08-31 16:10:07.069 -03:00] [INF] [123] Jellyfin.Plugin.PlaybackReporting.EventMonitorEntryPoint: Processing playback tracker : "e28afc93d871e52abe50cba6ea9c415a191ec208-66ef7bd1c406421895b8c43a8ff9f32c-c5b05048fd6b0ea99b7f6ed979ea40e4"
[2025-08-31 16:10:27.129 -03:00] [INF] [170] Jellyfin.Plugin.PlaybackReporting.EventMonitorEntryPoint: Processing playback tracker : "e28afc93d871e52abe50cba6ea9c415a191ec208-66ef7bd1c406421895b8c43a8ff9f32c-c5b05048fd6b0ea99b7f6ed979ea40e4"
[2025-08-31 16:10:39.208 -03:00] [INF] [170] Emby.Server.Implementations.Session.SessionWebSocketListener: Sending ForceKeepAlive message to 1 inactive WebSockets.
[2025-08-31 16:10:47.176 -03:00] [INF] [98] Jellyfin.Plugin.PlaybackReporting.EventMonitorEntryPoint: Processing playback tracker : "e28afc93d871e52abe50cba6ea9c415a191ec208-66ef7bd1c406421895b8c43a8ff9f32c-c5b05048fd6b0ea99b7f6ed979ea40e4"
[2025-08-31 16:11:07.232 -03:00] [INF] [23] Jellyfin.Plugin.PlaybackReporting.EventMonitorEntryPoint: Processing playback tracker : "e28afc93d871e52abe50cba6ea9c415a191ec208-66ef7bd1c406421895b8c43a8ff9f32c-c5b05048fd6b0ea99b7f6ed979ea40e4"
[2025-08-31 16:11:27.273 -03:00] [INF] [98] Jellyfin.Plugin.PlaybackReporting.EventMonitorEntryPoint: Processing playback tracker : "e28afc93d871e52abe50cba6ea9c415a191ec208-66ef7bd1c406421895b8c43a8ff9f32c-c5b05048fd6b0ea99b7f6ed979ea40e4"
[2025-08-31 16:11:47.325 -03:00] [INF] [23] Jellyfin.Plugin.PlaybackReporting.EventMonitorEntryPoint: Processing playback tracker : "e28afc93d871e52abe50cba6ea9c415a191ec208-66ef7bd1c406421895b8c43a8ff9f32c-c5b05048fd6b0ea99b7f6ed979ea40e4"
[2025-08-31 16:11:57.521 -03:00] [INF] [98] Jellyfin.Plugin.PlaybackReporting.EventMonitorEntryPoint: Processing playback tracker : "TW96aWxsYS81LjAgKFdpbmRvd3MgTlQgMTAuMDsgV2luNjQ7IHg2NCkgQXBwbGVXZWJLaXQvNTM3LjM2IChLSFRNTCwgbGlrZSBHZWNrbykgQ2hyb21lLzEzNS4wLjAuMCBTYWZhcmkvNTM3LjM2fDE3NDU4ODQ3MTg3NDA1-66ef7bd1c406421895b8c43a8ff9f32c-c5b05048fd6b0ea99b7f6ed979ea40e4"
[2025-08-31 16:12:07.377 -03:00] [INF] [153] Jellyfin.Plugin.PlaybackReporting.EventMonitorEntryPoint: Processing playback tracker : "e28afc93d871e52abe50cba6ea9c415a191ec208-66ef7bd1c406421895b8c43a8ff9f32c-c5b05048fd6b0ea99b7f6ed979ea40e4"
[2025-08-31 16:12:27.413 -03:00] [INF] [142] Jellyfin.Plugin.PlaybackReporting.EventMonitorEntryPoint: Processing playback tracker : "e28afc93d871e52abe50cba6ea9c415a191ec208-66ef7bd1c406421895b8c43a8ff9f32c-c5b05048fd6b0ea99b7f6ed979ea40e4"
[2025-08-31 16:12:47.466 -03:00] [INF] [98] Jellyfin.Plugin.PlaybackReporting.EventMonitorEntryPoint: Processing playback tracker : "e28afc93d871e52abe50cba6ea9c415a191ec208-66ef7bd1c406421895b8c43a8ff9f32c-c5b05048fd6b0ea99b7f6ed979ea40e4"
[2025-08-31 16:13:07.526 -03:00] [INF] [71] Jellyfin.Plugin.PlaybackReporting.EventMonitorEntryPoint: Processing playback tracker : "e28afc93d871e52abe50cba6ea9c415a191ec208-66ef7bd1c406421895b8c43a8ff9f32c-c5b05048fd6b0ea99b7f6ed979ea40e4"
[2025-08-31 16:13:27.559 -03:00] [INF] [23] Jellyfin.Plugin.PlaybackReporting.EventMonitorEntryPoint: Processing playback tracker : "e28afc93d871e52abe50cba6ea9c415a191ec208-66ef7bd1c406421895b8c43a8ff9f32c-c5b05048fd6b0ea99b7f6ed979ea40e4"
[2025-08-31 16:13:47.615 -03:00] [INF] [23] Jellyfin.Plugin.PlaybackReporting.EventMonitorEntryPoint: Processing playback tracker : "e28afc93d871e52abe50cba6ea9c415a191ec208-66ef7bd1c406421895b8c43a8ff9f32c-c5b05048fd6b0ea99b7f6ed979ea40e4"
[2025-08-31 16:13:57.533 -03:00] [INF] [23] Jellyfin.Plugin.PlaybackReporting.EventMonitorEntryPoint: Processing playback tracker : "TW96aWxsYS81LjAgKFdpbmRvd3MgTlQgMTAuMDsgV2luNjQ7IHg2NCkgQXBwbGVXZWJLaXQvNTM3LjM2IChLSFRNTCwgbGlrZSBHZWNrbykgQ2hyb21lLzEzNS4wLjAuMCBTYWZhcmkvNTM3LjM2fDE3NDU4ODQ3MTg3NDA1-66ef7bd1c406421895b8c43a8ff9f32c-c5b05048fd6b0ea99b7f6ed979ea40e4"
[2025-08-31 16:14:07.666 -03:00] [INF] [23] Jellyfin.Plugin.PlaybackReporting.EventMonitorEntryPoint: Processing playback tracker : "e28afc93d871e52abe50cba6ea9c415a191ec208-66ef7bd1c406421895b8c43a8ff9f32c-c5b05048fd6b0ea99b7f6ed979ea40e4"
[2025-08-31 16:14:27.208 -03:00] [INF] [158] Emby.Server.Implementations.Session.SessionWebSocketListener: Sending ForceKeepAlive message to 1 inactive WebSockets.
[2025-08-31 16:14:27.710 -03:00] [INF] [10] Jellyfin.Plugin.PlaybackReporting.EventMonitorEntryPoint: Processing playback tracker : "e28afc93d871e52abe50cba6ea9c415a191ec208-66ef7bd1c406421895b8c43a8ff9f32c-c5b05048fd6b0ea99b7f6ed979ea40e4"
[2025-08-31 16:14:47.761 -03:00] [INF] [158] Jellyfin.Plugin.PlaybackReporting.EventMonitorEntryPoint: Processing playback tracker : "e28afc93d871e52abe50cba6ea9c415a191ec208-66ef7bd1c406421895b8c43a8ff9f32c-c5b05048fd6b0ea99b7f6ed979ea40e4"
[2025-08-31 16:15:07.813 -03:00] [INF] [10] Jellyfin.Plugin.PlaybackReporting.EventMonitorEntryPoint: Processing playback tracker : "e28afc93d871e52abe50cba6ea9c415a191ec208-66ef7bd1c406421895b8c43a8ff9f32c-c5b05048fd6b0ea99b7f6ed979ea40e4"
[2025-08-31 16:15:27.861 -03:00] [INF] [153] Jellyfin.Plugin.PlaybackReporting.EventMonitorEntryPoint: Processing playback tracker : "e28afc93d871e52abe50cba6ea9c415a191ec208-66ef7bd1c406421895b8c43a8ff9f32c-c5b05048fd6b0ea99b7f6ed979ea40e4"
[2025-08-31 16:15:47.916 -03:00] [INF] [71] Jellyfin.Plugin.PlaybackReporting.EventMonitorEntryPoint: Processing playback tracker : "e28afc93d871e52abe50cba6ea9c415a191ec208-66ef7bd1c406421895b8c43a8ff9f32c-c5b05048fd6b0ea99b7f6ed979ea40e4"
[2025-08-31 16:15:57.522 -03:00] [INF] [158] Jellyfin.Plugin.PlaybackReporting.EventMonitorEntryPoint: Processing playback tracker : "TW96aWxsYS81LjAgKFdpbmRvd3MgTlQgMTAuMDsgV2luNjQ7IHg2NCkgQXBwbGVXZWJLaXQvNTM3LjM2IChLSFRNTCwgbGlrZSBHZWNrbykgQ2hyb21lLzEzNS4wLjAuMCBTYWZhcmkvNTM3LjM2fDE3NDU4ODQ3MTg3NDA1-66ef7bd1c406421895b8c43a8ff9f32c-c5b05048fd6b0ea99b7f6ed979ea40e4"
[2025-08-31 16:16:07.970 -03:00] [INF] [71] Jellyfin.Plugin.PlaybackReporting.EventMonitorEntryPoint: Processing playback tracker : "e28afc93d871e52abe50cba6ea9c415a191ec208-66ef7bd1c406421895b8c43a8ff9f32c-c5b05048fd6b0ea99b7f6ed979ea40e4"
[2025-08-31 16:16:28.005 -03:00] [INF] [10] Jellyfin.Plugin.PlaybackReporting.EventMonitorEntryPoint: Processing playback tracker : "e28afc93d871e52abe50cba6ea9c415a191ec208-66ef7bd1c406421895b8c43a8ff9f32c-c5b05048fd6b0ea99b7f6ed979ea40e4"
[2025-08-31 16:16:48.061 -03:00] [INF] [10] Jellyfin.Plugin.PlaybackReporting.EventMonitorEntryPoint: Processing playback tracker : "e28afc93d871e52abe50cba6ea9c415a191ec208-66ef7bd1c406421895b8c43a8ff9f32c-c5b05048fd6b0ea99b7f6ed979ea40e4"
[2025-08-31 16:17:08.125 -03:00] [INF] [142] Jellyfin.Plugin.PlaybackReporting.EventMonitorEntryPoint: Processing playback tracker : "e28afc93d871e52abe50cba6ea9c415a191ec208-66ef7bd1c406421895b8c43a8ff9f32c-c5b05048fd6b0ea99b7f6ed979ea40e4"
[2025-08-31 16:17:28.171 -03:00] [INF] [153] Jellyfin.Plugin.PlaybackReporting.EventMonitorEntryPoint: Processing playback tracker : "e28afc93d871e52abe50cba6ea9c415a191ec208-66ef7bd1c406421895b8c43a8ff9f32c-c5b05048fd6b0ea99b7f6ed979ea40e4"
[2025-08-31 16:17:48.219 -03:00] [INF] [23] Jellyfin.Plugin.PlaybackReporting.EventMonitorEntryPoint: Processing playback tracker : "e28afc93d871e52abe50cba6ea9c415a191ec208-66ef7bd1c406421895b8c43a8ff9f32c-c5b05048fd6b0ea99b7f6ed979ea40e4"
[2025-08-31 16:17:58.363 -03:00] [INF] [142] Jellyfin.Plugin.PlaybackReporting.EventMonitorEntryPoint: Processing playback tracker : "TW96aWxsYS81LjAgKFdpbmRvd3MgTlQgMTAuMDsgV2luNjQ7IHg2NCkgQXBwbGVXZWJLaXQvNTM3LjM2IChLSFRNTCwgbGlrZSBHZWNrbykgQ2hyb21lLzEzNS4wLjAuMCBTYWZhcmkvNTM3LjM2fDE3NDU4ODQ3MTg3NDA1-66ef7bd1c406421895b8c43a8ff9f32c-c5b05048fd6b0ea99b7f6ed979ea40e4"
[2025-08-31 16:18:08.269 -03:00] [INF] [23] Jellyfin.Plugin.PlaybackReporting.EventMonitorEntryPoint: Processing playback tracker : "e28afc93d871e52abe50cba6ea9c415a191ec208-66ef7bd1c406421895b8c43a8ff9f32c-c5b05048fd6b0ea99b7f6ed979ea40e4"
[2025-08-31 16:18:28.308 -03:00] [INF] [10] Jellyfin.Plugin.PlaybackReporting.EventMonitorEntryPoint: Processing playback tracker : "e28afc93d871e52abe50cba6ea9c415a191ec208-66ef7bd1c406421895b8c43a8ff9f32c-c5b05048fd6b0ea99b7f6ed979ea40e4"
[2025-08-31 16:18:48.363 -03:00] [INF] [142] Jellyfin.Plugin.PlaybackReporting.EventMonitorEntryPoint: Processing playback tracker : "e28afc93d871e52abe50cba6ea9c415a191ec208-66ef7bd1c406421895b8c43a8ff9f32c-c5b05048fd6b0ea99b7f6ed979ea40e4"
[2025-08-31 16:18:51.208 -03:00] [INF] [142] Emby.Server.Implementations.Session.SessionWebSocketListener: Sending ForceKeepAlive message to 1 inactive WebSockets.
[2025-08-31 16:19:08.427 -03:00] [INF] [170] Jellyfin.Plugin.PlaybackReporting.EventMonitorEntryPoint: Processing playback tracker : "e28afc93d871e52abe50cba6ea9c415a191ec208-66ef7bd1c406421895b8c43a8ff9f32c-c5b05048fd6b0ea99b7f6ed979ea40e4"
[2025-08-31 16:19:28.465 -03:00] [INF] [170] Jellyfin.Plugin.PlaybackReporting.EventMonitorEntryPoint: Processing playback tracker : "e28afc93d871e52abe50cba6ea9c415a191ec208-66ef7bd1c406421895b8c43a8ff9f32c-c5b05048fd6b0ea99b7f6ed979ea40e4"
[2025-08-31 16:19:48.506 -03:00] [INF] [158] Jellyfin.Plugin.PlaybackReporting.EventMonitorEntryPoint: Processing playback tracker : "e28afc93d871e52abe50cba6ea9c415a191ec208-66ef7bd1c406421895b8c43a8ff9f32c-c5b05048fd6b0ea99b7f6ed979ea40e4"
[2025-08-31 16:19:57.508 -03:00] [INF] [142] Jellyfin.Plugin.PlaybackReporting.EventMonitorEntryPoint: Processing playback tracker : "TW96aWxsYS81LjAgKFdpbmRvd3MgTlQgMTAuMDsgV2luNjQ7IHg2NCkgQXBwbGVXZWJLaXQvNTM3LjM2IChLSFRNTCwgbGlrZSBHZWNrbykgQ2hyb21lLzEzNS4wLjAuMCBTYWZhcmkvNTM3LjM2fDE3NDU4ODQ3MTg3NDA1-66ef7bd1c406421895b8c43a8ff9f32c-c5b05048fd6b0ea99b7f6ed979ea40e4"
[2025-08-31 16:20:08.557 -03:00] [INF] [142] Jellyfin.Plugin.PlaybackReporting.EventMonitorEntryPoint: Processing playback tracker : "e28afc93d871e52abe50cba6ea9c415a191ec208-66ef7bd1c406421895b8c43a8ff9f32c-c5b05048fd6b0ea99b7f6ed979ea40e4"
[2025-08-31 16:20:28.613 -03:00] [INF] [23] Jellyfin.Plugin.PlaybackReporting.EventMonitorEntryPoint: Processing playback tracker : "e28afc93d871e52abe50cba6ea9c415a191ec208-66ef7bd1c406421895b8c43a8ff9f32c-c5b05048fd6b0ea99b7f6ed979ea40e4"
[2025-08-31 16:20:48.670 -03:00] [INF] [23] Jellyfin.Plugin.PlaybackReporting.EventMonitorEntryPoint: Processing playback tracker : "e28afc93d871e52abe50cba6ea9c415a191ec208-66ef7bd1c406421895b8c43a8ff9f32c-c5b05048fd6b0ea99b7f6ed979ea40e4"
[2025-08-31 16:21:08.719 -03:00] [INF] [97] Jellyfin.Plugin.PlaybackReporting.EventMonitorEntryPoint: Processing playback tracker : "e28afc93d871e52abe50cba6ea9c415a191ec208-66ef7bd1c406421895b8c43a8ff9f32c-c5b05048fd6b0ea99b7f6ed979ea40e4"
[2025-08-31 16:21:28.769 -03:00] [INF] [142] Jellyfin.Plugin.PlaybackReporting.EventMonitorEntryPoint: Processing playback tracker : "e28afc93d871e52abe50cba6ea9c415a191ec208-66ef7bd1c406421895b8c43a8ff9f32c-c5b05048fd6b0ea99b7f6ed979ea40e4"
[2025-08-31 16:21:48.813 -03:00] [INF] [97] Jellyfin.Plugin.PlaybackReporting.EventMonitorEntryPoint: Processing playback tracker : "e28afc93d871e52abe50cba6ea9c415a191ec208-66ef7bd1c406421895b8c43a8ff9f32c-c5b05048fd6b0ea99b7f6ed979ea40e4"
[2025-08-31 16:21:57.516 -03:00] [INF] [153] Jellyfin.Plugin.PlaybackReporting.EventMonitorEntryPoint: Processing playback tracker : "TW96aWxsYS81LjAgKFdpbmRvd3MgTlQgMTAuMDsgV2luNjQ7IHg2NCkgQXBwbGVXZWJLaXQvNTM3LjM2IChLSFRNTCwgbGlrZSBHZWNrbykgQ2hyb21lLzEzNS4wLjAuMCBTYWZhcmkvNTM3LjM2fDE3NDU4ODQ3MTg3NDA1-66ef7bd1c406421895b8c43a8ff9f32c-c5b05048fd6b0ea99b7f6ed979ea40e4"
[2025-08-31 16:22:08.861 -03:00] [INF] [153] Jellyfin.Plugin.PlaybackReporting.EventMonitorEntryPoint: Processing playback tracker : "e28afc93d871e52abe50cba6ea9c415a191ec208-66ef7bd1c406421895b8c43a8ff9f32c-c5b05048fd6b0ea99b7f6ed979ea40e4"
[2025-08-31 16:22:28.914 -03:00] [INF] [56] Jellyfin.Plugin.PlaybackReporting.EventMonitorEntryPoint: Processing playback tracker : "e28afc93d871e52abe50cba6ea9c415a191ec208-66ef7bd1c406421895b8c43a8ff9f32c-c5b05048fd6b0ea99b7f6ed979ea40e4"
[2025-08-31 16:22:39.208 -03:00] [INF] [23] Emby.Server.Implementations.Session.SessionWebSocketListener: Sending ForceKeepAlive message to 1 inactive WebSockets.
[2025-08-31 16:22:48.968 -03:00] [INF] [142] Jellyfin.Plugin.PlaybackReporting.EventMonitorEntryPoint: Processing playback tracker : "e28afc93d871e52abe50cba6ea9c415a191ec208-66ef7bd1c406421895b8c43a8ff9f32c-c5b05048fd6b0ea99b7f6ed979ea40e4"
[2025-08-31 16:23:09.023 -03:00] [INF] [56] Jellyfin.Plugin.PlaybackReporting.EventMonitorEntryPoint: Processing playback tracker : "e28afc93d871e52abe50cba6ea9c415a191ec208-66ef7bd1c406421895b8c43a8ff9f32c-c5b05048fd6b0ea99b7f6ed979ea40e4"
[2025-08-31 16:23:29.061 -03:00] [INF] [153] Jellyfin.Plugin.PlaybackReporting.EventMonitorEntryPoint: Processing playback tracker : "e28afc93d871e52abe50cba6ea9c415a191ec208-66ef7bd1c406421895b8c43a8ff9f32c-c5b05048fd6b0ea99b7f6ed979ea40e4"
[2025-08-31 16:23:49.113 -03:00] [INF] [56] Jellyfin.Plugin.PlaybackReporting.EventMonitorEntryPoint: Processing playback tracker : "e28afc93d871e52abe50cba6ea9c415a191ec208-66ef7bd1c406421895b8c43a8ff9f32c-c5b05048fd6b0ea99b7f6ed979ea40e4"
[2025-08-31 16:23:57.516 -03:00] [INF] [153] Jellyfin.Plugin.PlaybackReporting.EventMonitorEntryPoint: Processing playback tracker : "TW96aWxsYS81LjAgKFdpbmRvd3MgTlQgMTAuMDsgV2luNjQ7IHg2NCkgQXBwbGVXZWJLaXQvNTM3LjM2IChLSFRNTCwgbGlrZSBHZWNrbykgQ2hyb21lLzEzNS4wLjAuMCBTYWZhcmkvNTM3LjM2fDE3NDU4ODQ3MTg3NDA1-66ef7bd1c406421895b8c43a8ff9f32c-c5b05048fd6b0ea99b7f6ed979ea40e4"
[2025-08-31 16:24:09.168 -03:00] [INF] [97] Jellyfin.Plugin.PlaybackReporting.EventMonitorEntryPoint: Processing playback tracker : "e28afc93d871e52abe50cba6ea9c415a191ec208-66ef7bd1c406421895b8c43a8ff9f32c-c5b05048fd6b0ea99b7f6ed979ea40e4"
[2025-08-31 16:24:29.222 -03:00] [INF] [158] Jellyfin.Plugin.PlaybackReporting.EventMonitorEntryPoint: Processing playback tracker : "e28afc93d871e52abe50cba6ea9c415a191ec208-66ef7bd1c406421895b8c43a8ff9f32c-c5b05048fd6b0ea99b7f6ed979ea40e4"
[2025-08-31 16:24:49.269 -03:00] [INF] [97] Jellyfin.Plugin.PlaybackReporting.EventMonitorEntryPoint: Processing playback tracker : "e28afc93d871e52abe50cba6ea9c415a191ec208-66ef7bd1c406421895b8c43a8ff9f32c-c5b05048fd6b0ea99b7f6ed979ea40e4"
[2025-08-31 16:25:09.328 -03:00] [INF] [158] Jellyfin.Plugin.PlaybackReporting.EventMonitorEntryPoint: Processing playback tracker : "e28afc93d871e52abe50cba6ea9c415a191ec208-66ef7bd1c406421895b8c43a8ff9f32c-c5b05048fd6b0ea99b7f6ed979ea40e4"
[2025-08-31 16:25:29.379 -03:00] [INF] [158] Jellyfin.Plugin.PlaybackReporting.EventMonitorEntryPoint: Processing playback tracker : "e28afc93d871e52abe50cba6ea9c415a191ec208-66ef7bd1c406421895b8c43a8ff9f32c-c5b05048fd6b0ea99b7f6ed979ea40e4"
[2025-08-31 16:25:49.435 -03:00] [INF] [23] Jellyfin.Plugin.PlaybackReporting.EventMonitorEntryPoint: Processing playback tracker : "e28afc93d871e52abe50cba6ea9c415a191ec208-66ef7bd1c406421895b8c43a8ff9f32c-c5b05048fd6b0ea99b7f6ed979ea40e4"
[2025-08-31 16:25:57.518 -03:00] [INF] [97] Jellyfin.Plugin.PlaybackReporting.EventMonitorEntryPoint: Processing playback tracker : "TW96aWxsYS81LjAgKFdpbmRvd3MgTlQgMTAuMDsgV2luNjQ7IHg2NCkgQXBwbGVXZWJLaXQvNTM3LjM2IChLSFRNTCwgbGlrZSBHZWNrbykgQ2hyb21lLzEzNS4wLjAuMCBTYWZhcmkvNTM3LjM2fDE3NDU4ODQ3MTg3NDA1-66ef7bd1c406421895b8c43a8ff9f32c-c5b05048fd6b0ea99b7f6ed979ea40e4"
[2025-08-31 16:26:09.485 -03:00] [INF] [97] Jellyfin.Plugin.PlaybackReporting.EventMonitorEntryPoint: Processing playback tracker : "e28afc93d871e52abe50cba6ea9c415a191ec208-66ef7bd1c406421895b8c43a8ff9f32c-c5b05048fd6b0ea99b7f6ed979ea40e4"
[2025-08-31 16:26:27.208 -03:00] [INF] [153] Emby.Server.Implementations.Session.SessionWebSocketListener: Sending ForceKeepAlive message to 1 inactive WebSockets.
[2025-08-31 16:26:29.534 -03:00] [INF] [153] Jellyfin.Plugin.PlaybackReporting.EventMonitorEntryPoint: Processing playback tracker : "e28afc93d871e52abe50cba6ea9c415a191ec208-66ef7bd1c406421895b8c43a8ff9f32c-c5b05048fd6b0ea99b7f6ed979ea40e4"
[2025-08-31 16:26:49.588 -03:00] [INF] [56] Jellyfin.Plugin.PlaybackReporting.EventMonitorEntryPoint: Processing playback tracker : "e28afc93d871e52abe50cba6ea9c415a191ec208-66ef7bd1c406421895b8c43a8ff9f32c-c5b05048fd6b0ea99b7f6ed979ea40e4"
[2025-08-31 16:27:09.643 -03:00] [INF] [158] Jellyfin.Plugin.PlaybackReporting.EventMonitorEntryPoint: Processing playback tracker : "e28afc93d871e52abe50cba6ea9c415a191ec208-66ef7bd1c406421895b8c43a8ff9f32c-c5b05048fd6b0ea99b7f6ed979ea40e4"
[2025-08-31 16:27:29.693 -03:00] [INF] [147] Jellyfin.Plugin.PlaybackReporting.EventMonitorEntryPoint: Processing playback tracker : "e28afc93d871e52abe50cba6ea9c415a191ec208-66ef7bd1c406421895b8c43a8ff9f32c-c5b05048fd6b0ea99b7f6ed979ea40e4"
[2025-08-31 16:27:49.734 -03:00] [INF] [174] Jellyfin.Plugin.PlaybackReporting.EventMonitorEntryPoint: Processing playback tracker : "e28afc93d871e52abe50cba6ea9c415a191ec208-66ef7bd1c406421895b8c43a8ff9f32c-c5b05048fd6b0ea99b7f6ed979ea40e4"
[2025-08-31 16:27:57.517 -03:00] [INF] [158] Jellyfin.Plugin.PlaybackReporting.EventMonitorEntryPoint: Processing playback tracker : "TW96aWxsYS81LjAgKFdpbmRvd3MgTlQgMTAuMDsgV2luNjQ7IHg2NCkgQXBwbGVXZWJLaXQvNTM3LjM2IChLSFRNTCwgbGlrZSBHZWNrbykgQ2hyb21lLzEzNS4wLjAuMCBTYWZhcmkvNTM3LjM2fDE3NDU4ODQ3MTg3NDA1-66ef7bd1c406421895b8c43a8ff9f32c-c5b05048fd6b0ea99b7f6ed979ea40e4"
[2025-08-31 16:28:09.792 -03:00] [INF] [97] Jellyfin.Plugin.PlaybackReporting.EventMonitorEntryPoint: Processing playback tracker : "e28afc93d871e52abe50cba6ea9c415a191ec208-66ef7bd1c406421895b8c43a8ff9f32c-c5b05048fd6b0ea99b7f6ed979ea40e4"
[2025-08-31 16:28:29.849 -03:00] [INF] [165] Jellyfin.Plugin.PlaybackReporting.EventMonitorEntryPoint: Processing playback tracker : "e28afc93d871e52abe50cba6ea9c415a191ec208-66ef7bd1c406421895b8c43a8ff9f32c-c5b05048fd6b0ea99b7f6ed979ea40e4"
[2025-08-31 16:28:49.895 -03:00] [INF] [165] Jellyfin.Plugin.PlaybackReporting.EventMonitorEntryPoint: Processing playback tracker : "e28afc93d871e52abe50cba6ea9c415a191ec208-66ef7bd1c406421895b8c43a8ff9f32c-c5b05048fd6b0ea99b7f6ed979ea40e4"
[2025-08-31 16:29:09.944 -03:00] [INF] [165] Jellyfin.Plugin.PlaybackReporting.EventMonitorEntryPoint: Processing playback tracker : "e28afc93d871e52abe50cba6ea9c415a191ec208-66ef7bd1c406421895b8c43a8ff9f32c-c5b05048fd6b0ea99b7f6ed979ea40e4"
[2025-08-31 16:29:29.979 -03:00] [INF] [165] Jellyfin.Plugin.PlaybackReporting.EventMonitorEntryPoint: Processing playback tracker : "e28afc93d871e52abe50cba6ea9c415a191ec208-66ef7bd1c406421895b8c43a8ff9f32c-c5b05048fd6b0ea99b7f6ed979ea40e4"
[2025-08-31 16:29:50.038 -03:00] [INF] [174] Jellyfin.Plugin.PlaybackReporting.EventMonitorEntryPoint: Processing playback tracker : "e28afc93d871e52abe50cba6ea9c415a191ec208-66ef7bd1c406421895b8c43a8ff9f32c-c5b05048fd6b0ea99b7f6ed979ea40e4"
[2025-08-31 16:29:57.514 -03:00] [INF] [158] Jellyfin.Plugin.PlaybackReporting.EventMonitorEntryPoint: Processing playback tracker : "TW96aWxsYS81LjAgKFdpbmRvd3MgTlQgMTAuMDsgV2luNjQ7IHg2NCkgQXBwbGVXZWJLaXQvNTM3LjM2IChLSFRNTCwgbGlrZSBHZWNrbykgQ2hyb21lLzEzNS4wLjAuMCBTYWZhcmkvNTM3LjM2fDE3NDU4ODQ3MTg3NDA1-66ef7bd1c406421895b8c43a8ff9f32c-c5b05048fd6b0ea99b7f6ed979ea40e4"
[2025-08-31 16:30:10.091 -03:00] [INF] [158] Jellyfin.Plugin.PlaybackReporting.EventMonitorEntryPoint: Processing playback tracker : "e28afc93d871e52abe50cba6ea9c415a191ec208-66ef7bd1c406421895b8c43a8ff9f32c-c5b05048fd6b0ea99b7f6ed979ea40e4"
[2025-08-31 16:30:30.129 -03:00] [INF] [56] Jellyfin.Plugin.PlaybackReporting.EventMonitorEntryPoint: Processing playback tracker : "e28afc93d871e52abe50cba6ea9c415a191ec208-66ef7bd1c406421895b8c43a8ff9f32c-c5b05048fd6b0ea99b7f6ed979ea40e4"
[2025-08-31 16:30:50.193 -03:00] [INF] [174] Jellyfin.Plugin.PlaybackReporting.EventMonitorEntryPoint: Processing playback tracker : "e28afc93d871e52abe50cba6ea9c415a191ec208-66ef7bd1c406421895b8c43a8ff9f32c-c5b05048fd6b0ea99b7f6ed979ea40e4"
[2025-08-31 16:30:51.208 -03:00] [INF] [147] Emby.Server.Implementations.Session.SessionWebSocketListener: Sending ForceKeepAlive message to 1 inactive WebSockets.
[2025-08-31 16:31:10.249 -03:00] [INF] [56] Jellyfin.Plugin.PlaybackReporting.EventMonitorEntryPoint: Processing playback tracker : "e28afc93d871e52abe50cba6ea9c415a191ec208-66ef7bd1c406421895b8c43a8ff9f32c-c5b05048fd6b0ea99b7f6ed979ea40e4"
[2025-08-31 16:31:30.287 -03:00] [INF] [56] Jellyfin.Plugin.PlaybackReporting.EventMonitorEntryPoint: Processing playback tracker : "e28afc93d871e52abe50cba6ea9c415a191ec208-66ef7bd1c406421895b8c43a8ff9f32c-c5b05048fd6b0ea99b7f6ed979ea40e4"
[2025-08-31 16:31:50.340 -03:00] [INF] [56] Jellyfin.Plugin.PlaybackReporting.EventMonitorEntryPoint: Processing playback tracker : "e28afc93d871e52abe50cba6ea9c415a191ec208-66ef7bd1c406421895b8c43a8ff9f32c-c5b05048fd6b0ea99b7f6ed979ea40e4"
[2025-08-31 16:31:58.292 -03:00] [INF] [158] Jellyfin.Plugin.PlaybackReporting.EventMonitorEntryPoint: Processing playback tracker : "TW96aWxsYS81LjAgKFdpbmRvd3MgTlQgMTAuMDsgV2luNjQ7IHg2NCkgQXBwbGVXZWJLaXQvNTM3LjM2IChLSFRNTCwgbGlrZSBHZWNrbykgQ2hyb21lLzEzNS4wLjAuMCBTYWZhcmkvNTM3LjM2fDE3NDU4ODQ3MTg3NDA1-66ef7bd1c406421895b8c43a8ff9f32c-c5b05048fd6b0ea99b7f6ed979ea40e4"
[2025-08-31 16:32:10.396 -03:00] [INF] [97] Jellyfin.Plugin.PlaybackReporting.EventMonitorEntryPoint: Processing playback tracker : "e28afc93d871e52abe50cba6ea9c415a191ec208-66ef7bd1c406421895b8c43a8ff9f32c-c5b05048fd6b0ea99b7f6ed979ea40e4"
[2025-08-31 16:32:30.446 -03:00] [INF] [97] Jellyfin.Plugin.PlaybackReporting.EventMonitorEntryPoint: Processing playback tracker : "e28afc93d871e52abe50cba6ea9c415a191ec208-66ef7bd1c406421895b8c43a8ff9f32c-c5b05048fd6b0ea99b7f6ed979ea40e4"
[2025-08-31 16:32:50.499 -03:00] [INF] [56] Jellyfin.Plugin.PlaybackReporting.EventMonitorEntryPoint: Processing playback tracker : "e28afc93d871e52abe50cba6ea9c415a191ec208-66ef7bd1c406421895b8c43a8ff9f32c-c5b05048fd6b0ea99b7f6ed979ea40e4"
[2025-08-31 16:33:10.554 -03:00] [INF] [158] Jellyfin.Plugin.PlaybackReporting.EventMonitorEntryPoint: Processing playback tracker : "e28afc93d871e52abe50cba6ea9c415a191ec208-66ef7bd1c406421895b8c43a8ff9f32c-c5b05048fd6b0ea99b7f6ed979ea40e4"
[2025-08-31 16:33:30.594 -03:00] [INF] [56] Jellyfin.Plugin.PlaybackReporting.EventMonitorEntryPoint: Processing playback tracker : "e28afc93d871e52abe50cba6ea9c415a191ec208-66ef7bd1c406421895b8c43a8ff9f32c-c5b05048fd6b0ea99b7f6ed979ea40e4"
[2025-08-31 16:33:50.644 -03:00] [INF] [147] Jellyfin.Plugin.PlaybackReporting.EventMonitorEntryPoint: Processing playback tracker : "e28afc93d871e52abe50cba6ea9c415a191ec208-66ef7bd1c406421895b8c43a8ff9f32c-c5b05048fd6b0ea99b7f6ed979ea40e4"
[2025-08-31 16:33:58.310 -03:00] [INF] [82] Jellyfin.Plugin.PlaybackReporting.EventMonitorEntryPoint: Processing playback tracker : "TW96aWxsYS81LjAgKFdpbmRvd3MgTlQgMTAuMDsgV2luNjQ7IHg2NCkgQXBwbGVXZWJLaXQvNTM3LjM2IChLSFRNTCwgbGlrZSBHZWNrbykgQ2hyb21lLzEzNS4wLjAuMCBTYWZhcmkvNTM3LjM2fDE3NDU4ODQ3MTg3NDA1-66ef7bd1c406421895b8c43a8ff9f32c-c5b05048fd6b0ea99b7f6ed979ea40e4"
[2025-08-31 16:34:10.698 -03:00] [INF] [147] Jellyfin.Plugin.PlaybackReporting.EventMonitorEntryPoint: Processing playback tracker : "e28afc93d871e52abe50cba6ea9c415a191ec208-66ef7bd1c406421895b8c43a8ff9f32c-c5b05048fd6b0ea99b7f6ed979ea40e4"
[2025-08-31 16:34:30.747 -03:00] [INF] [174] Jellyfin.Plugin.PlaybackReporting.EventMonitorEntryPoint: Processing playback tracker : "e28afc93d871e52abe50cba6ea9c415a191ec208-66ef7bd1c406421895b8c43a8ff9f32c-c5b05048fd6b0ea99b7f6ed979ea40e4"
[2025-08-31 16:34:39.208 -03:00] [INF] [165] Emby.Server.Implementations.Session.SessionWebSocketListener: Sending ForceKeepAlive message to 1 inactive WebSockets.
[2025-08-31 16:34:58.099 -03:00] [INF] [165] Jellyfin.Plugin.PlaybackReporting.EventMonitorEntryPoint: Processing playback tracker : "e28afc93d871e52abe50cba6ea9c415a191ec208-66ef7bd1c406421895b8c43a8ff9f32c-c5b05048fd6b0ea99b7f6ed979ea40e4"
[2025-08-31 16:35:28.096 -03:00] [INF] [147] Jellyfin.Plugin.PlaybackReporting.EventMonitorEntryPoint: Processing playback tracker : "e28afc93d871e52abe50cba6ea9c415a191ec208-66ef7bd1c406421895b8c43a8ff9f32c-c5b05048fd6b0ea99b7f6ed979ea40e4"
[2025-08-31 16:35:57.510 -03:00] [INF] [165] Jellyfin.Plugin.PlaybackReporting.EventMonitorEntryPoint: Processing playback tracker : "TW96aWxsYS81LjAgKFdpbmRvd3MgTlQgMTAuMDsgV2luNjQ7IHg2NCkgQXBwbGVXZWJLaXQvNTM3LjM2IChLSFRNTCwgbGlrZSBHZWNrbykgQ2hyb21lLzEzNS4wLjAuMCBTYWZhcmkvNTM3LjM2fDE3NDU4ODQ3MTg3NDA1-66ef7bd1c406421895b8c43a8ff9f32c-c5b05048fd6b0ea99b7f6ed979ea40e4"
[2025-08-31 16:35:58.108 -03:00] [INF] [158] Jellyfin.Plugin.PlaybackReporting.EventMonitorEntryPoint: Processing playback tracker : "e28afc93d871e52abe50cba6ea9c415a191ec208-66ef7bd1c406421895b8c43a8ff9f32c-c5b05048fd6b0ea99b7f6ed979ea40e4"
[2025-08-31 16:36:28.117 -03:00] [INF] [165] Jellyfin.Plugin.PlaybackReporting.EventMonitorEntryPoint: Processing playback tracker : "e28afc93d871e52abe50cba6ea9c415a191ec208-66ef7bd1c406421895b8c43a8ff9f32c-c5b05048fd6b0ea99b7f6ed979ea40e4"
[2025-08-31 16:36:58.127 -03:00] [INF] [97] Jellyfin.Plugin.PlaybackReporting.EventMonitorEntryPoint: Processing playback tracker : "e28afc93d871e52abe50cba6ea9c415a191ec208-66ef7bd1c406421895b8c43a8ff9f32c-c5b05048fd6b0ea99b7f6ed979ea40e4"
[2025-08-31 16:37:28.135 -03:00] [INF] [158] Jellyfin.Plugin.PlaybackReporting.EventMonitorEntryPoint: Processing playback tracker : "e28afc93d871e52abe50cba6ea9c415a191ec208-66ef7bd1c406421895b8c43a8ff9f32c-c5b05048fd6b0ea99b7f6ed979ea40e4"
[2025-08-31 16:37:57.517 -03:00] [INF] [165] Jellyfin.Plugin.PlaybackReporting.EventMonitorEntryPoint: Processing playback tracker : "TW96aWxsYS81LjAgKFdpbmRvd3MgTlQgMTAuMDsgV2luNjQ7IHg2NCkgQXBwbGVXZWJLaXQvNTM3LjM2IChLSFRNTCwgbGlrZSBHZWNrbykgQ2hyb21lLzEzNS4wLjAuMCBTYWZhcmkvNTM3LjM2fDE3NDU4ODQ3MTg3NDA1-66ef7bd1c406421895b8c43a8ff9f32c-c5b05048fd6b0ea99b7f6ed979ea40e4"
[2025-08-31 16:37:58.142 -03:00] [INF] [158] Jellyfin.Plugin.PlaybackReporting.EventMonitorEntryPoint: Processing playback tracker : "e28afc93d871e52abe50cba6ea9c415a191ec208-66ef7bd1c406421895b8c43a8ff9f32c-c5b05048fd6b0ea99b7f6ed979ea40e4"
[2025-08-31 16:38:27.208 -03:00] [INF] [158] Emby.Server.Implementations.Session.SessionWebSocketListener: Sending ForceKeepAlive message to 1 inactive WebSockets.
[2025-08-31 16:38:28.168 -03:00] [INF] [56] Jellyfin.Plugin.PlaybackReporting.EventMonitorEntryPoint: Processing playback tracker : "e28afc93d871e52abe50cba6ea9c415a191ec208-66ef7bd1c406421895b8c43a8ff9f32c-c5b05048fd6b0ea99b7f6ed979ea40e4"
[2025-08-31 16:38:58.162 -03:00] [INF] [158] Jellyfin.Plugin.PlaybackReporting.EventMonitorEntryPoint: Processing playback tracker : "e28afc93d871e52abe50cba6ea9c415a191ec208-66ef7bd1c406421895b8c43a8ff9f32c-c5b05048fd6b0ea99b7f6ed979ea40e4"
[2025-08-31 16:39:18.839 -03:00] [INF] [97] Jellyfin.Plugin.PlaybackReporting.EventMonitorEntryPoint: Processing playback tracker : "e28afc93d871e52abe50cba6ea9c415a191ec208-66ef7bd1c406421895b8c43a8ff9f32c-c5b05048fd6b0ea99b7f6ed979ea40e4"
[2025-08-31 16:39:38.867 -03:00] [INF] [147] Jellyfin.Plugin.PlaybackReporting.EventMonitorEntryPoint: Processing playback tracker : "e28afc93d871e52abe50cba6ea9c415a191ec208-66ef7bd1c406421895b8c43a8ff9f32c-c5b05048fd6b0ea99b7f6ed979ea40e4"
[2025-08-31 16:39:58.341 -03:00] [INF] [56] Jellyfin.Plugin.PlaybackReporting.EventMonitorEntryPoint: Processing playback tracker : "TW96aWxsYS81LjAgKFdpbmRvd3MgTlQgMTAuMDsgV2luNjQ7IHg2NCkgQXBwbGVXZWJLaXQvNTM3LjM2IChLSFRNTCwgbGlrZSBHZWNrbykgQ2hyb21lLzEzNS4wLjAuMCBTYWZhcmkvNTM3LjM2fDE3NDU4ODQ3MTg3NDA1-66ef7bd1c406421895b8c43a8ff9f32c-c5b05048fd6b0ea99b7f6ed979ea40e4"
[2025-08-31 16:39:58.899 -03:00] [INF] [147] Jellyfin.Plugin.PlaybackReporting.EventMonitorEntryPoint: Processing playback tracker : "e28afc93d871e52abe50cba6ea9c415a191ec208-66ef7bd1c406421895b8c43a8ff9f32c-c5b05048fd6b0ea99b7f6ed979ea40e4"
[2025-08-31 16:40:19.861 -03:00] [INF] [56] Jellyfin.Plugin.PlaybackReporting.EventMonitorEntryPoint: Processing playback tracker : "e28afc93d871e52abe50cba6ea9c415a191ec208-66ef7bd1c406421895b8c43a8ff9f32c-c5b05048fd6b0ea99b7f6ed979ea40e4"
[2025-08-31 16:40:39.886 -03:00] [INF] [97] Jellyfin.Plugin.PlaybackReporting.EventMonitorEntryPoint: Processing playback tracker : "e28afc93d871e52abe50cba6ea9c415a191ec208-66ef7bd1c406421895b8c43a8ff9f32c-c5b05048fd6b0ea99b7f6ed979ea40e4"
[2025-08-31 16:40:59.914 -03:00] [INF] [82] Jellyfin.Plugin.PlaybackReporting.EventMonitorEntryPoint: Processing playback tracker : "e28afc93d871e52abe50cba6ea9c415a191ec208-66ef7bd1c406421895b8c43a8ff9f32c-c5b05048fd6b0ea99b7f6ed979ea40e4"
[2025-08-31 16:41:19.938 -03:00] [INF] [82] Jellyfin.Plugin.PlaybackReporting.EventMonitorEntryPoint: Processing playback tracker : "e28afc93d871e52abe50cba6ea9c415a191ec208-66ef7bd1c406421895b8c43a8ff9f32c-c5b05048fd6b0ea99b7f6ed979ea40e4"
[2025-08-31 16:41:39.967 -03:00] [INF] [56] Jellyfin.Plugin.PlaybackReporting.EventMonitorEntryPoint: Processing playback tracker : "e28afc93d871e52abe50cba6ea9c415a191ec208-66ef7bd1c406421895b8c43a8ff9f32c-c5b05048fd6b0ea99b7f6ed979ea40e4"
[2025-08-31 16:41:57.519 -03:00] [INF] [82] Jellyfin.Plugin.PlaybackReporting.EventMonitorEntryPoint: Processing playback tracker : "TW96aWxsYS81LjAgKFdpbmRvd3MgTlQgMTAuMDsgV2luNjQ7IHg2NCkgQXBwbGVXZWJLaXQvNTM3LjM2IChLSFRNTCwgbGlrZSBHZWNrbykgQ2hyb21lLzEzNS4wLjAuMCBTYWZhcmkvNTM3LjM2fDE3NDU4ODQ3MTg3NDA1-66ef7bd1c406421895b8c43a8ff9f32c-c5b05048fd6b0ea99b7f6ed979ea40e4"
[2025-08-31 16:41:59.998 -03:00] [INF] [82] Jellyfin.Plugin.PlaybackReporting.EventMonitorEntryPoint: Processing playback tracker : "e28afc93d871e52abe50cba6ea9c415a191ec208-66ef7bd1c406421895b8c43a8ff9f32c-c5b05048fd6b0ea99b7f6ed979ea40e4"
[2025-08-31 16:42:20.025 -03:00] [INF] [147] Jellyfin.Plugin.PlaybackReporting.EventMonitorEntryPoint: Processing playback tracker : "e28afc93d871e52abe50cba6ea9c415a191ec208-66ef7bd1c406421895b8c43a8ff9f32c-c5b05048fd6b0ea99b7f6ed979ea40e4"
[2025-08-31 16:42:40.059 -03:00] [INF] [23] Jellyfin.Plugin.PlaybackReporting.EventMonitorEntryPoint: Processing playback tracker : "e28afc93d871e52abe50cba6ea9c415a191ec208-66ef7bd1c406421895b8c43a8ff9f32c-c5b05048fd6b0ea99b7f6ed979ea40e4"
[2025-08-31 16:42:51.208 -03:00] [INF] [97] Emby.Server.Implementations.Session.SessionWebSocketListener: Sending ForceKeepAlive message to 1 inactive WebSockets.
[2025-08-31 16:43:00.083 -03:00] [INF] [147] Jellyfin.Plugin.PlaybackReporting.EventMonitorEntryPoint: Processing playback tracker : "e28afc93d871e52abe50cba6ea9c415a191ec208-66ef7bd1c406421895b8c43a8ff9f32c-c5b05048fd6b0ea99b7f6ed979ea40e4"
[2025-08-31 16:43:20.116 -03:00] [INF] [174] Jellyfin.Plugin.PlaybackReporting.EventMonitorEntryPoint: Processing playback tracker : "e28afc93d871e52abe50cba6ea9c415a191ec208-66ef7bd1c406421895b8c43a8ff9f32c-c5b05048fd6b0ea99b7f6ed979ea40e4"
[2025-08-31 16:43:40.144 -03:00] [INF] [170] Jellyfin.Plugin.PlaybackReporting.EventMonitorEntryPoint: Processing playback tracker : "e28afc93d871e52abe50cba6ea9c415a191ec208-66ef7bd1c406421895b8c43a8ff9f32c-c5b05048fd6b0ea99b7f6ed979ea40e4"
[2025-08-31 16:43:57.503 -03:00] [INF] [147] Jellyfin.Plugin.PlaybackReporting.EventMonitorEntryPoint: Processing playback tracker : "TW96aWxsYS81LjAgKFdpbmRvd3MgTlQgMTAuMDsgV2luNjQ7IHg2NCkgQXBwbGVXZWJLaXQvNTM3LjM2IChLSFRNTCwgbGlrZSBHZWNrbykgQ2hyb21lLzEzNS4wLjAuMCBTYWZhcmkvNTM3LjM2fDE3NDU4ODQ3MTg3NDA1-66ef7bd1c406421895b8c43a8ff9f32c-c5b05048fd6b0ea99b7f6ed979ea40e4"
[2025-08-31 16:44:00.175 -03:00] [INF] [147] Jellyfin.Plugin.PlaybackReporting.EventMonitorEntryPoint: Processing playback tracker : "e28afc93d871e52abe50cba6ea9c415a191ec208-66ef7bd1c406421895b8c43a8ff9f32c-c5b05048fd6b0ea99b7f6ed979ea40e4"
[2025-08-31 16:44:20.207 -03:00] [INF] [170] Jellyfin.Plugin.PlaybackReporting.EventMonitorEntryPoint: Processing playback tracker : "e28afc93d871e52abe50cba6ea9c415a191ec208-66ef7bd1c406421895b8c43a8ff9f32c-c5b05048fd6b0ea99b7f6ed979ea40e4"
[2025-08-31 16:44:40.236 -03:00] [INF] [170] Jellyfin.Plugin.PlaybackReporting.EventMonitorEntryPoint: Processing playback tracker : "e28afc93d871e52abe50cba6ea9c415a191ec208-66ef7bd1c406421895b8c43a8ff9f32c-c5b05048fd6b0ea99b7f6ed979ea40e4"
[2025-08-31 16:45:00.264 -03:00] [INF] [165] Jellyfin.Plugin.PlaybackReporting.EventMonitorEntryPoint: Processing playback tracker : "e28afc93d871e52abe50cba6ea9c415a191ec208-66ef7bd1c406421895b8c43a8ff9f32c-c5b05048fd6b0ea99b7f6ed979ea40e4"
[2025-08-31 16:45:20.315 -03:00] [INF] [165] Jellyfin.Plugin.PlaybackReporting.EventMonitorEntryPoint: Processing playback tracker : "e28afc93d871e52abe50cba6ea9c415a191ec208-66ef7bd1c406421895b8c43a8ff9f32c-c5b05048fd6b0ea99b7f6ed979ea40e4"
[2025-08-31 16:45:40.369 -03:00] [INF] [165] Jellyfin.Plugin.PlaybackReporting.EventMonitorEntryPoint: Processing playback tracker : "e28afc93d871e52abe50cba6ea9c415a191ec208-66ef7bd1c406421895b8c43a8ff9f32c-c5b05048fd6b0ea99b7f6ed979ea40e4"
[2025-08-31 16:45:48.123 -03:00] [INF] [142] MediaBrowser.MediaEncoding.Transcoding.TranscodeManager: Deleting partial stream file(s) "/config/cache/transcodes/f923240485a2be8908a071d5955df63d.m3u8"
[2025-08-31 16:45:48.263 -03:00] [INF] [142] Jellyfin.Api.Helpers.MediaInfoHelper: User policy for "luiz". EnablePlaybackRemuxing: True EnableVideoPlaybackTranscoding: True EnableAudioPlaybackTranscoding: True
[2025-08-31 16:45:48.480 -03:00] [INF] [165] Jellyfin.Plugin.PlaybackReporting.EventMonitorEntryPoint: Adding playback tracker : e28afc93d871e52abe50cba6ea9c415a191ec208-66ef7bd1c406421895b8c43a8ff9f32c-2c00cd62f5521a25dfe24a4634a5ebd8
[2025-08-31 16:45:48.481 -03:00] [INF] [165] Jellyfin.Plugin.PlaybackReporting.Data.PlaybackTracker: PlaybackTracker : Adding Start Event : 08/31/2025 16:45:48
[2025-08-31 16:45:48.481 -03:00] [INF] [165] Jellyfin.Plugin.PlaybackReporting.EventMonitorEntryPoint: Creating StartPlaybackTimer Task
[2025-08-31 16:45:48.481 -03:00] [INF] [97] Jellyfin.Plugin.PlaybackReporting.EventMonitorEntryPoint: StartPlaybackTimer : Entered
[2025-08-31 16:45:48.750 -03:00] [INF] [165] MediaBrowser.MediaEncoding.Subtitles.SubtitleEncoder: "/usr/lib/jellyfin-ffmpeg/ffmpeg" "-i file:\"/data/serie/Invasion.S01e10.1080p.WEB-DL.DUAL/Invasion.S01e10.1080p.WEB-DL.DUAL.mkv\" -copyts -map 0:3 -an -vn -c:s copy \"/config/data/data/subtitles/1/1e5d581e-f5af-7abc-3e40-902c99c27f6d.ass\""
[2025-08-31 16:45:49.457 -03:00] [INF] [97] Jellyfin.Plugin.PlaybackReporting.EventMonitorEntryPoint: Processing playback tracker : "e28afc93d871e52abe50cba6ea9c415a191ec208-66ef7bd1c406421895b8c43a8ff9f32c-2c00cd62f5521a25dfe24a4634a5ebd8"
[2025-08-31 16:45:49.701 -03:00] [INF] [170] Emby.Server.Implementations.Session.SessionManager: Playback stopped reported by app "Android TV" "0.18.11" playing "Cheio de estrelas". Stopped at "3400133" ms
[2025-08-31 16:45:49.711 -03:00] [INF] [97] Jellyfin.Plugin.PlaybackReporting.EventMonitorEntryPoint: Playback stop tracker found, processing stop : "e28afc93d871e52abe50cba6ea9c415a191ec208-66ef7bd1c406421895b8c43a8ff9f32c-c5b05048fd6b0ea99b7f6ed979ea40e4"
[2025-08-31 16:45:49.711 -03:00] [INF] [97] Jellyfin.Plugin.PlaybackReporting.Data.PlaybackTracker: PlaybackTracker : Adding Stop Event : 08/31/2025 16:45:49
[2025-08-31 16:45:49.711 -03:00] [INF] [97] Jellyfin.Plugin.PlaybackReporting.EventMonitorEntryPoint: Saving playback tracking activity in DB
[2025-08-31 16:45:58.287 -03:00] [INF] [170] Jellyfin.Plugin.PlaybackReporting.EventMonitorEntryPoint: Processing playback tracker : "TW96aWxsYS81LjAgKFdpbmRvd3MgTlQgMTAuMDsgV2luNjQ7IHg2NCkgQXBwbGVXZWJLaXQvNTM3LjM2IChLSFRNTCwgbGlrZSBHZWNrbykgQ2hyb21lLzEzNS4wLjAuMCBTYWZhcmkvNTM3LjM2fDE3NDU4ODQ3MTg3NDA1-66ef7bd1c406421895b8c43a8ff9f32c-c5b05048fd6b0ea99b7f6ed979ea40e4"
[2025-08-31 16:46:08.487 -03:00] [INF] [97] Jellyfin.Plugin.PlaybackReporting.EventMonitorEntryPoint: session.RemoteEndPoint : "192.168.1.2"
[2025-08-31 16:46:08.488 -03:00] [INF] [97] Jellyfin.Plugin.PlaybackReporting.EventMonitorEntryPoint: StartPlaybackTimer : event_playing_id     = "2c00cd62f5521a25dfe24a4634a5ebd8"
[2025-08-31 16:46:08.488 -03:00] [INF] [97] Jellyfin.Plugin.PlaybackReporting.EventMonitorEntryPoint: StartPlaybackTimer : event_user_id        = "66ef7bd1c406421895b8c43a8ff9f32c"
[2025-08-31 16:46:08.488 -03:00] [INF] [97] Jellyfin.Plugin.PlaybackReporting.EventMonitorEntryPoint: StartPlaybackTimer : event_user_id_int    = 1
[2025-08-31 16:46:08.489 -03:00] [INF] [97] Jellyfin.Plugin.PlaybackReporting.EventMonitorEntryPoint: StartPlaybackTimer : session_playing_id   = ""
[2025-08-31 16:46:08.489 -03:00] [INF] [97] Jellyfin.Plugin.PlaybackReporting.EventMonitorEntryPoint: StartPlaybackTimer : session_user_id      = "66ef7bd1c406421895b8c43a8ff9f32c"
[2025-08-31 16:46:08.489 -03:00] [INF] [97] Jellyfin.Plugin.PlaybackReporting.EventMonitorEntryPoint: StartPlaybackTimer : play_method          = "na"
[2025-08-31 16:46:08.489 -03:00] [INF] [97] Jellyfin.Plugin.PlaybackReporting.EventMonitorEntryPoint: StartPlaybackTimer : e.ClientName         = "Android TV"
[2025-08-31 16:46:08.489 -03:00] [INF] [97] Jellyfin.Plugin.PlaybackReporting.EventMonitorEntryPoint: StartPlaybackTimer : e.DeviceName         = "Tv TCL"
[2025-08-31 16:46:08.489 -03:00] [INF] [97] Jellyfin.Plugin.PlaybackReporting.EventMonitorEntryPoint: StartPlaybackTimer : ItemName             = "Invasão - s01e10 - Primeiro dia"
[2025-08-31 16:46:08.489 -03:00] [INF] [97] Jellyfin.Plugin.PlaybackReporting.EventMonitorEntryPoint: StartPlaybackTimer : ItemId               = "2c00cd62f5521a25dfe24a4634a5ebd8"
[2025-08-31 16:46:08.490 -03:00] [INF] [97] Jellyfin.Plugin.PlaybackReporting.EventMonitorEntryPoint: StartPlaybackTimer : ItemType             = "Episode"
[2025-08-31 16:46:08.490 -03:00] [INF] [97] Jellyfin.Plugin.PlaybackReporting.EventMonitorEntryPoint: StartPlaybackTimer : Details do not match for play item
[2025-08-31 16:46:08.490 -03:00] [INF] [97] Jellyfin.Plugin.PlaybackReporting.EventMonitorEntryPoint: StartPlaybackTimer : Exited
[2025-08-31 16:46:17.611 -03:00] [INF] [97] MediaBrowser.MediaEncoding.Subtitles.SubtitleEncoder: Setting ass font within "/config/data/data/subtitles/1/1e5d581e-f5af-7abc-3e40-902c99c27f6d.ass"
[2025-08-31 16:46:17.649 -03:00] [INF] [170] MediaBrowser.MediaEncoding.Subtitles.SubtitleEncoder: ffmpeg subtitle extraction completed for "file:\"/data/serie/Invasion.S01e10.1080p.WEB-DL.DUAL/Invasion.S01e10.1080p.WEB-DL.DUAL.mkv\"" to "/config/data/data/subtitles/1/1e5d581e-f5af-7abc-3e40-902c99c27f6d.ass"
[2025-08-31 16:46:17.654 -03:00] [INF] [165] MediaBrowser.MediaEncoding.Attachments.AttachmentExtractor: "/usr/lib/jellyfin-ffmpeg/ffmpeg" "-dump_attachment:t \"\" -y  -i file:\"/data/serie/Invasion.S01e10.1080p.WEB-DL.DUAL/Invasion.S01e10.1080p.WEB-DL.DUAL.mkv\" -t 0 -f null null"
[2025-08-31 16:46:17.757 -03:00] [INF] [170] MediaBrowser.MediaEncoding.Attachments.AttachmentExtractor: ffmpeg attachment extraction completed for "file:\"/data/serie/Invasion.S01e10.1080p.WEB-DL.DUAL/Invasion.S01e10.1080p.WEB-DL.DUAL.mkv\"" to "/config/cache/attachments/2c00cd62f5521a25dfe24a4634a5ebd8"
[2025-08-31 16:46:17.757 -03:00] [INF] [170] MediaBrowser.MediaEncoding.Transcoding.TranscodeManager: "/usr/lib/jellyfin-ffmpeg/ffmpeg" "-analyzeduration 200M -probesize 1G  -i file:\"/data/serie/Invasion.S01e10.1080p.WEB-DL.DUAL/Invasion.S01e10.1080p.WEB-DL.DUAL.mkv\" -map_metadata -1 -map_chapters -1 -threads 0 -map 0:0 -map 0:1 -codec:v:0 libx264 -preset veryfast -crf 23 -maxrate 3732132 -bufsize 7464264 -profile:v:0 high -level 41 -x264opts:0 subme=0:me_range=16:rc_lookahead=10:me=hex:open_gop=0 -force_key_frames:0 \"expr:gte(t,n_forced*3)\" -sc_threshold:v:0 0 -vf \"setparams=color_primaries=bt709:color_trc=bt709:colorspace=bt709,scale=trunc(min(max(iw\,ih*a)\,min(3840\,2160*a))/2)*2:trunc(min(max(iw/a\,ih)\,min(3840/a\,2160))/2)*2,format=yuv420p,subtitles=f='/config/data/data/subtitles/1/1e5d581e-f5af-7abc-3e40-902c99c27f6d.ass':fontsdir='/config/cache/attachments/2c00cd62f5521a25dfe24a4634a5ebd8'\" -start_at_zero -codec:a:0 copy -copyts -avoid_negative_ts disabled -max_muxing_queue_size 2048 -f hls -max_delay 5000000 -hls_time 3 -hls_segment_type mpegts -start_number 0 -hls_segment_filename \"/config/cache/transcodes/a247b15286d4a5de4885d59edc71b6a7%d.ts\" -hls_playlist_type vod -hls_list_size 0 -y \"/config/cache/transcodes/a247b15286d4a5de4885d59edc71b6a7.m3u8\""
[2025-08-31 16:46:17.902 -03:00] [INF] [170] MediaBrowser.Controller.MediaEncoding.TranscodingJob: Stopping ffmpeg process with q command for "/config/cache/transcodes/a247b15286d4a5de4885d59edc71b6a7.m3u8"
[2025-08-31 16:46:17.983 -03:00] [ERR] [97] Jellyfin.Api.Middleware.ExceptionMiddleware: Error processing request: "A task was canceled". URL "GET" "/videos/2c00cd62-f552-1a25-dfe2-4a4634a5ebd8/hls1/main/0.ts".
[2025-08-31 16:46:18.417 -03:00] [INF] [158] MediaBrowser.MediaEncoding.Transcoding.TranscodeManager: FFmpeg exited with code 0
[2025-08-31 16:46:18.417 -03:00] [INF] [170] MediaBrowser.MediaEncoding.Transcoding.TranscodeManager: Deleting partial stream file(s) "/config/cache/transcodes/a247b15286d4a5de4885d59edc71b6a7.m3u8"
[2025-08-31 16:46:19.941 -03:00] [INF] [170] Emby.Server.Implementations.Session.SessionManager: Playback stopped reported by app "Android TV" "0.18.11" playing "Primeiro dia". Stopped at "0" ms
[2025-08-31 16:46:19.948 -03:00] [INF] [97] Jellyfin.Plugin.PlaybackReporting.EventMonitorEntryPoint: Playback stop tracker found, processing stop : "e28afc93d871e52abe50cba6ea9c415a191ec208-66ef7bd1c406421895b8c43a8ff9f32c-2c00cd62f5521a25dfe24a4634a5ebd8"
[2025-08-31 16:46:19.948 -03:00] [INF] [97] Jellyfin.Plugin.PlaybackReporting.Data.PlaybackTracker: PlaybackTracker : Adding Stop Event : 08/31/2025 16:46:19
[2025-08-31 16:46:19.948 -03:00] [INF] [97] Jellyfin.Plugin.PlaybackReporting.EventMonitorEntryPoint: Playback stop but TrackedPlaybackInfo not found! not storing activity in DB
[2025-08-31 16:46:21.659 -03:00] [INF] [170] Jellyfin.Api.Helpers.MediaInfoHelper: User policy for "luiz". EnablePlaybackRemuxing: True EnableVideoPlaybackTranscoding: True EnableAudioPlaybackTranscoding: True
[2025-08-31 16:46:21.736 -03:00] [INF] [153] Jellyfin.Plugin.PlaybackReporting.EventMonitorEntryPoint: Adding playback tracker : e28afc93d871e52abe50cba6ea9c415a191ec208-66ef7bd1c406421895b8c43a8ff9f32c-2c00cd62f5521a25dfe24a4634a5ebd8
[2025-08-31 16:46:21.736 -03:00] [INF] [153] Jellyfin.Plugin.PlaybackReporting.Data.PlaybackTracker: PlaybackTracker : Adding Start Event : 08/31/2025 16:46:21
[2025-08-31 16:46:21.736 -03:00] [INF] [153] Jellyfin.Plugin.PlaybackReporting.EventMonitorEntryPoint: Creating StartPlaybackTimer Task
[2025-08-31 16:46:21.736 -03:00] [INF] [97] Jellyfin.Plugin.PlaybackReporting.EventMonitorEntryPoint: StartPlaybackTimer : Entered
[2025-08-31 16:46:22.382 -03:00] [INF] [97] Jellyfin.Plugin.PlaybackReporting.EventMonitorEntryPoint: Processing playback tracker : "e28afc93d871e52abe50cba6ea9c415a191ec208-66ef7bd1c406421895b8c43a8ff9f32c-2c00cd62f5521a25dfe24a4634a5ebd8"
[2025-08-31 16:46:30.543 -03:00] [INF] [153] Emby.Server.Implementations.Session.SessionManager: Playback stopped reported by app "Android TV" "0.18.11" playing "Primeiro dia". Stopped at "8226" ms
[2025-08-31 16:46:30.548 -03:00] [INF] [142] Jellyfin.Plugin.PlaybackReporting.EventMonitorEntryPoint: Playback stop tracker found, processing stop : "e28afc93d871e52abe50cba6ea9c415a191ec208-66ef7bd1c406421895b8c43a8ff9f32c-2c00cd62f5521a25dfe24a4634a5ebd8"
[2025-08-31 16:46:30.548 -03:00] [INF] [142] Jellyfin.Plugin.PlaybackReporting.Data.PlaybackTracker: PlaybackTracker : Adding Stop Event : 08/31/2025 16:46:30
[2025-08-31 16:46:30.548 -03:00] [INF] [142] Jellyfin.Plugin.PlaybackReporting.EventMonitorEntryPoint: Playback stop but TrackedPlaybackInfo not found! not storing activity in DB
[2025-08-31 16:46:30.560 -03:00] [INF] [165] Jellyfin.Api.Helpers.MediaInfoHelper: User policy for "luiz". EnablePlaybackRemuxing: True EnableVideoPlaybackTranscoding: True EnableAudioPlaybackTranscoding: True
[2025-08-31 16:46:30.784 -03:00] [INF] [165] Jellyfin.Plugin.PlaybackReporting.EventMonitorEntryPoint: Adding playback tracker : e28afc93d871e52abe50cba6ea9c415a191ec208-66ef7bd1c406421895b8c43a8ff9f32c-2c00cd62f5521a25dfe24a4634a5ebd8
[2025-08-31 16:46:30.784 -03:00] [INF] [165] Jellyfin.Plugin.PlaybackReporting.Data.PlaybackTracker: PlaybackTracker : Adding Start Event : 08/31/2025 16:46:30
[2025-08-31 16:46:30.784 -03:00] [INF] [165] Jellyfin.Plugin.PlaybackReporting.EventMonitorEntryPoint: Creating StartPlaybackTimer Task
[2025-08-31 16:46:30.784 -03:00] [INF] [142] Jellyfin.Plugin.PlaybackReporting.EventMonitorEntryPoint: StartPlaybackTimer : Entered
[2025-08-31 16:46:31.119 -03:00] [INF] [158] MediaBrowser.MediaEncoding.Transcoding.TranscodeManager: "/usr/lib/jellyfin-ffmpeg/ffmpeg" "-analyzeduration 200M -probesize 1G  -i file:\"/data/serie/Invasion.S01e10.1080p.WEB-DL.DUAL/Invasion.S01e10.1080p.WEB-DL.DUAL.mkv\" -map_metadata -1 -map_chapters -1 -threads 0 -map 0:0 -map 0:1 -codec:v:0 libx264 -preset veryfast -crf 23 -maxrate 3732132 -bufsize 7464264 -profile:v:0 high -level 41 -x264opts:0 subme=0:me_range=16:rc_lookahead=10:me=hex:open_gop=0 -force_key_frames:0 \"expr:gte(t,n_forced*3)\" -sc_threshold:v:0 0 -vf \"setparams=color_primaries=bt709:color_trc=bt709:colorspace=bt709,scale=trunc(min(max(iw\,ih*a)\,min(3840\,2160*a))/2)*2:trunc(min(max(iw/a\,ih)\,min(3840/a\,2160))/2)*2,format=yuv420p,subtitles=f='/config/data/data/subtitles/1/1e5d581e-f5af-7abc-3e40-902c99c27f6d.ass':fontsdir='/config/cache/attachments/2c00cd62f5521a25dfe24a4634a5ebd8'\" -start_at_zero -codec:a:0 copy -copyts -avoid_negative_ts disabled -max_muxing_queue_size 2048 -f hls -max_delay 5000000 -hls_time 3 -hls_segment_type mpegts -start_number 0 -hls_segment_filename \"/config/cache/transcodes/3d480c0e65bcb36b3d46d44a41a4bad8%d.ts\" -hls_playlist_type vod -hls_list_size 0 -y \"/config/cache/transcodes/3d480c0e65bcb36b3d46d44a41a4bad8.m3u8\""
[2025-08-31 16:46:31.777 -03:00] [INF] [158] Jellyfin.Plugin.PlaybackReporting.EventMonitorEntryPoint: Processing playback tracker : "e28afc93d871e52abe50cba6ea9c415a191ec208-66ef7bd1c406421895b8c43a8ff9f32c-2c00cd62f5521a25dfe24a4634a5ebd8"
[2025-08-31 16:46:39.208 -03:00] [INF] [10] Emby.Server.Implementations.Session.SessionWebSocketListener: Sending ForceKeepAlive message to 1 inactive WebSockets.
[2025-08-31 16:46:40.743 -03:00] [INF] [158] MediaBrowser.Controller.MediaEncoding.TranscodingJob: Stopping ffmpeg process with q command for "/config/cache/transcodes/3d480c0e65bcb36b3d46d44a41a4bad8.m3u8"
[2025-08-31 16:46:41.388 -03:00] [INF] [158] MediaBrowser.MediaEncoding.Transcoding.TranscodeManager: FFmpeg exited with code 0
[2025-08-31 16:46:41.391 -03:00] [INF] [158] MediaBrowser.MediaEncoding.Transcoding.TranscodeManager: Deleting partial stream file(s) "/config/cache/transcodes/3d480c0e65bcb36b3d46d44a41a4bad8.m3u8"
[2025-08-31 16:46:41.739 -03:00] [INF] [97] Jellyfin.Plugin.PlaybackReporting.EventMonitorEntryPoint: session.RemoteEndPoint : "192.168.1.2"
[2025-08-31 16:46:41.739 -03:00] [INF] [97] Jellyfin.Plugin.PlaybackReporting.EventMonitorEntryPoint: StartPlaybackTimer : event_playing_id     = "2c00cd62f5521a25dfe24a4634a5ebd8"
[2025-08-31 16:46:41.739 -03:00] [INF] [97] Jellyfin.Plugin.PlaybackReporting.EventMonitorEntryPoint: StartPlaybackTimer : event_user_id        = "66ef7bd1c406421895b8c43a8ff9f32c"
[2025-08-31 16:46:41.739 -03:00] [INF] [97] Jellyfin.Plugin.PlaybackReporting.EventMonitorEntryPoint: StartPlaybackTimer : event_user_id_int    = 1
[2025-08-31 16:46:41.739 -03:00] [INF] [97] Jellyfin.Plugin.PlaybackReporting.EventMonitorEntryPoint: StartPlaybackTimer : session_playing_id   = "2c00cd62f5521a25dfe24a4634a5ebd8"
[2025-08-31 16:46:41.739 -03:00] [INF] [97] Jellyfin.Plugin.PlaybackReporting.EventMonitorEntryPoint: StartPlaybackTimer : session_user_id      = "66ef7bd1c406421895b8c43a8ff9f32c"
[2025-08-31 16:46:41.739 -03:00] [INF] [97] Jellyfin.Plugin.PlaybackReporting.EventMonitorEntryPoint: StartPlaybackTimer : play_method          = "Transcode (v:h264 a:direct)"
[2025-08-31 16:46:41.739 -03:00] [INF] [97] Jellyfin.Plugin.PlaybackReporting.EventMonitorEntryPoint: StartPlaybackTimer : e.ClientName         = "Android TV"
[2025-08-31 16:46:41.739 -03:00] [INF] [97] Jellyfin.Plugin.PlaybackReporting.EventMonitorEntryPoint: StartPlaybackTimer : e.DeviceName         = "Tv TCL"
[2025-08-31 16:46:41.739 -03:00] [INF] [97] Jellyfin.Plugin.PlaybackReporting.EventMonitorEntryPoint: StartPlaybackTimer : ItemName             = "Invasão - s01e10 - Primeiro dia"
[2025-08-31 16:46:41.739 -03:00] [INF] [97] Jellyfin.Plugin.PlaybackReporting.EventMonitorEntryPoint: StartPlaybackTimer : ItemId               = "2c00cd62f5521a25dfe24a4634a5ebd8"
[2025-08-31 16:46:41.739 -03:00] [INF] [97] Jellyfin.Plugin.PlaybackReporting.EventMonitorEntryPoint: StartPlaybackTimer : ItemType             = "Episode"
[2025-08-31 16:46:41.739 -03:00] [INF] [97] Jellyfin.Plugin.PlaybackReporting.EventMonitorEntryPoint: StartPlaybackTimer : All matches, playback registered
[2025-08-31 16:46:41.739 -03:00] [INF] [97] Jellyfin.Plugin.PlaybackReporting.EventMonitorEntryPoint: Playback tracker found, adding playback info : "e28afc93d871e52abe50cba6ea9c415a191ec208-66ef7bd1c406421895b8c43a8ff9f32c-2c00cd62f5521a25dfe24a4634a5ebd8"
[2025-08-31 16:46:41.739 -03:00] [INF] [97] Jellyfin.Plugin.PlaybackReporting.EventMonitorEntryPoint: Saving playback tracking activity in DB
[2025-08-31 16:46:41.745 -03:00] [INF] [97] Jellyfin.Plugin.PlaybackReporting.EventMonitorEntryPoint: StartPlaybackTimer : Exited
[2025-08-31 16:46:42.899 -03:00] [INF] [170] Emby.Server.Implementations.Session.SessionManager: Playback stopped reported by app "Android TV" "0.18.11" playing "Primeiro dia". Stopped at "16159" ms
[2025-08-31 16:46:42.904 -03:00] [INF] [97] Jellyfin.Plugin.PlaybackReporting.EventMonitorEntryPoint: Playback stop tracker found, processing stop : "e28afc93d871e52abe50cba6ea9c415a191ec208-66ef7bd1c406421895b8c43a8ff9f32c-2c00cd62f5521a25dfe24a4634a5ebd8"
[2025-08-31 16:46:42.905 -03:00] [INF] [97] Jellyfin.Plugin.PlaybackReporting.Data.PlaybackTracker: PlaybackTracker : Adding Stop Event : 08/31/2025 16:46:42
[2025-08-31 16:46:42.905 -03:00] [INF] [97] Jellyfin.Plugin.PlaybackReporting.EventMonitorEntryPoint: Saving playback tracking activity in DB
[2025-08-31 16:46:43.489 -03:00] [INF] [170] Jellyfin.Api.Helpers.MediaInfoHelper: User policy for "luiz". EnablePlaybackRemuxing: True EnableVideoPlaybackTranscoding: True EnableAudioPlaybackTranscoding: True
[2025-08-31 16:46:43.554 -03:00] [INF] [170] Jellyfin.Plugin.PlaybackReporting.EventMonitorEntryPoint: Adding playback tracker : e28afc93d871e52abe50cba6ea9c415a191ec208-66ef7bd1c406421895b8c43a8ff9f32c-2c00cd62f5521a25dfe24a4634a5ebd8
[2025-08-31 16:46:43.554 -03:00] [INF] [170] Jellyfin.Plugin.PlaybackReporting.Data.PlaybackTracker: PlaybackTracker : Adding Start Event : 08/31/2025 16:46:43
[2025-08-31 16:46:43.554 -03:00] [INF] [170] Jellyfin.Plugin.PlaybackReporting.EventMonitorEntryPoint: Creating StartPlaybackTimer Task
[2025-08-31 16:46:43.554 -03:00] [INF] [165] Jellyfin.Plugin.PlaybackReporting.EventMonitorEntryPoint: StartPlaybackTimer : Entered
[2025-08-31 16:46:43.877 -03:00] [INF] [165] MediaBrowser.MediaEncoding.Transcoding.TranscodeManager: "/usr/lib/jellyfin-ffmpeg/ffmpeg" "-analyzeduration 200M -probesize 1G  -i file:\"/data/serie/Invasion.S01e10.1080p.WEB-DL.DUAL/Invasion.S01e10.1080p.WEB-DL.DUAL.mkv\" -map_metadata -1 -map_chapters -1 -threads 0 -map 0:0 -map 0:1 -codec:v:0 libx264 -preset veryfast -crf 23 -maxrate 3732132 -bufsize 7464264 -profile:v:0 high -level 41 -x264opts:0 subme=0:me_range=16:rc_lookahead=10:me=hex:open_gop=0 -force_key_frames:0 \"expr:gte(t,n_forced*3)\" -sc_threshold:v:0 0 -vf \"setparams=color_primaries=bt709:color_trc=bt709:colorspace=bt709,scale=trunc(min(max(iw\,ih*a)\,min(3840\,2160*a))/2)*2:trunc(min(max(iw/a\,ih)\,min(3840/a\,2160))/2)*2,format=yuv420p,subtitles=f='/config/data/data/subtitles/1/1e5d581e-f5af-7abc-3e40-902c99c27f6d.ass':fontsdir='/config/cache/attachments/2c00cd62f5521a25dfe24a4634a5ebd8'\" -start_at_zero -codec:a:0 copy -copyts -avoid_negative_ts disabled -max_muxing_queue_size 2048 -f hls -max_delay 5000000 -hls_time 3 -hls_segment_type mpegts -start_number 0 -hls_segment_filename \"/config/cache/transcodes/e547a29f0e892f6b595738ce492cf5a3%d.ts\" -hls_playlist_type vod -hls_list_size 0 -y \"/config/cache/transcodes/e547a29f0e892f6b595738ce492cf5a3.m3u8\""
[2025-08-31 16:46:44.547 -03:00] [INF] [158] Jellyfin.Plugin.PlaybackReporting.EventMonitorEntryPoint: Processing playback tracker : "e28afc93d871e52abe50cba6ea9c415a191ec208-66ef7bd1c406421895b8c43a8ff9f32c-2c00cd62f5521a25dfe24a4634a5ebd8"
[2025-08-31 16:46:50.785 -03:00] [INF] [158] Jellyfin.Plugin.PlaybackReporting.EventMonitorEntryPoint: session.RemoteEndPoint : "192.168.1.2"
[2025-08-31 16:46:50.785 -03:00] [INF] [158] Jellyfin.Plugin.PlaybackReporting.EventMonitorEntryPoint: StartPlaybackTimer : event_playing_id     = "2c00cd62f5521a25dfe24a4634a5ebd8"
[2025-08-31 16:46:50.785 -03:00] [INF] [158] Jellyfin.Plugin.PlaybackReporting.EventMonitorEntryPoint: StartPlaybackTimer : event_user_id        = "66ef7bd1c406421895b8c43a8ff9f32c"
[2025-08-31 16:46:50.785 -03:00] [INF] [158] Jellyfin.Plugin.PlaybackReporting.EventMonitorEntryPoint: StartPlaybackTimer : event_user_id_int    = 1
[2025-08-31 16:46:50.785 -03:00] [INF] [158] Jellyfin.Plugin.PlaybackReporting.EventMonitorEntryPoint: StartPlaybackTimer : session_playing_id   = "2c00cd62f5521a25dfe24a4634a5ebd8"
[2025-08-31 16:46:50.785 -03:00] [INF] [158] Jellyfin.Plugin.PlaybackReporting.EventMonitorEntryPoint: StartPlaybackTimer : session_user_id      = "66ef7bd1c406421895b8c43a8ff9f32c"
[2025-08-31 16:46:50.785 -03:00] [INF] [158] Jellyfin.Plugin.PlaybackReporting.EventMonitorEntryPoint: StartPlaybackTimer : play_method          = "Transcode (v:h264 a:direct)"
[2025-08-31 16:46:50.785 -03:00] [INF] [158] Jellyfin.Plugin.PlaybackReporting.EventMonitorEntryPoint: StartPlaybackTimer : e.ClientName         = "Android TV"
[2025-08-31 16:46:50.785 -03:00] [INF] [158] Jellyfin.Plugin.PlaybackReporting.EventMonitorEntryPoint: StartPlaybackTimer : e.DeviceName         = "Tv TCL"
[2025-08-31 16:46:50.785 -03:00] [INF] [158] Jellyfin.Plugin.PlaybackReporting.EventMonitorEntryPoint: StartPlaybackTimer : ItemName             = "Invasão - s01e10 - Primeiro dia"
[2025-08-31 16:46:50.785 -03:00] [INF] [158] Jellyfin.Plugin.PlaybackReporting.EventMonitorEntryPoint: StartPlaybackTimer : ItemId               = "2c00cd62f5521a25dfe24a4634a5ebd8"
[2025-08-31 16:46:50.785 -03:00] [INF] [158] Jellyfin.Plugin.PlaybackReporting.EventMonitorEntryPoint: StartPlaybackTimer : ItemType             = "Episode"
[2025-08-31 16:46:50.785 -03:00] [INF] [158] Jellyfin.Plugin.PlaybackReporting.EventMonitorEntryPoint: StartPlaybackTimer : All matches, playback registered
[2025-08-31 16:46:50.785 -03:00] [INF] [158] Jellyfin.Plugin.PlaybackReporting.EventMonitorEntryPoint: Playback tracker found, adding playback info : "e28afc93d871e52abe50cba6ea9c415a191ec208-66ef7bd1c406421895b8c43a8ff9f32c-2c00cd62f5521a25dfe24a4634a5ebd8"
[2025-08-31 16:46:50.785 -03:00] [INF] [158] Jellyfin.Plugin.PlaybackReporting.EventMonitorEntryPoint: Saving playback tracking activity in DB
[2025-08-31 16:46:50.795 -03:00] [INF] [158] Jellyfin.Plugin.PlaybackReporting.EventMonitorEntryPoint: StartPlaybackTimer : Exited
[2025-08-31 16:47:03.555 -03:00] [INF] [165] Jellyfin.Plugin.PlaybackReporting.EventMonitorEntryPoint: session.RemoteEndPoint : "192.168.1.2"
[2025-08-31 16:47:03.555 -03:00] [INF] [165] Jellyfin.Plugin.PlaybackReporting.EventMonitorEntryPoint: StartPlaybackTimer : event_playing_id     = "2c00cd62f5521a25dfe24a4634a5ebd8"
[2025-08-31 16:47:03.555 -03:00] [INF] [165] Jellyfin.Plugin.PlaybackReporting.EventMonitorEntryPoint: StartPlaybackTimer : event_user_id        = "66ef7bd1c406421895b8c43a8ff9f32c"
[2025-08-31 16:47:03.555 -03:00] [INF] [165] Jellyfin.Plugin.PlaybackReporting.EventMonitorEntryPoint: StartPlaybackTimer : event_user_id_int    = 1
[2025-08-31 16:47:03.555 -03:00] [INF] [165] Jellyfin.Plugin.PlaybackReporting.EventMonitorEntryPoint: StartPlaybackTimer : session_playing_id   = "2c00cd62f5521a25dfe24a4634a5ebd8"
[2025-08-31 16:47:03.555 -03:00] [INF] [165] Jellyfin.Plugin.PlaybackReporting.EventMonitorEntryPoint: StartPlaybackTimer : session_user_id      = "66ef7bd1c406421895b8c43a8ff9f32c"
[2025-08-31 16:47:03.555 -03:00] [INF] [165] Jellyfin.Plugin.PlaybackReporting.EventMonitorEntryPoint: StartPlaybackTimer : play_method          = "Transcode (v:h264 a:direct)"
[2025-08-31 16:47:03.555 -03:00] [INF] [165] Jellyfin.Plugin.PlaybackReporting.EventMonitorEntryPoint: StartPlaybackTimer : e.ClientName         = "Android TV"
[2025-08-31 16:47:03.555 -03:00] [INF] [165] Jellyfin.Plugin.PlaybackReporting.EventMonitorEntryPoint: StartPlaybackTimer : e.DeviceName         = "Tv TCL"
[2025-08-31 16:47:03.555 -03:00] [INF] [165] Jellyfin.Plugin.PlaybackReporting.EventMonitorEntryPoint: StartPlaybackTimer : ItemName             = "Invasão - s01e10 - Primeiro dia"
[2025-08-31 16:47:03.555 -03:00] [INF] [165] Jellyfin.Plugin.PlaybackReporting.EventMonitorEntryPoint: StartPlaybackTimer : ItemId               = "2c00cd62f5521a25dfe24a4634a5ebd8"
[2025-08-31 16:47:03.555 -03:00] [INF] [165] Jellyfin.Plugin.PlaybackReporting.EventMonitorEntryPoint: StartPlaybackTimer : ItemType             = "Episode"
[2025-08-31 16:47:03.555 -03:00] [INF] [165] Jellyfin.Plugin.PlaybackReporting.EventMonitorEntryPoint: StartPlaybackTimer : All matches, playback registered
[2025-08-31 16:47:03.555 -03:00] [INF] [165] Jellyfin.Plugin.PlaybackReporting.EventMonitorEntryPoint: Playback tracker found, adding playback info : "e28afc93d871e52abe50cba6ea9c415a191ec208-66ef7bd1c406421895b8c43a8ff9f32c-2c00cd62f5521a25dfe24a4634a5ebd8"
[2025-08-31 16:47:03.555 -03:00] [INF] [165] Jellyfin.Plugin.PlaybackReporting.EventMonitorEntryPoint: Saving playback tracking activity in DB
[2025-08-31 16:47:03.562 -03:00] [INF] [165] Jellyfin.Plugin.PlaybackReporting.EventMonitorEntryPoint: StartPlaybackTimer : Exited
[2025-08-31 16:47:04.567 -03:00] [INF] [165] Jellyfin.Plugin.PlaybackReporting.EventMonitorEntryPoint: Processing playback tracker : "e28afc93d871e52abe50cba6ea9c415a191ec208-66ef7bd1c406421895b8c43a8ff9f32c-2c00cd62f5521a25dfe24a4634a5ebd8"
[2025-08-31 16:47:24.595 -03:00] [INF] [97] Jellyfin.Plugin.PlaybackReporting.EventMonitorEntryPoint: Processing playback tracker : "e28afc93d871e52abe50cba6ea9c415a191ec208-66ef7bd1c406421895b8c43a8ff9f32c-2c00cd62f5521a25dfe24a4634a5ebd8"
[2025-08-31 16:47:43.645 -03:00] [INF] [165] MediaBrowser.Controller.MediaEncoding.TranscodingJob: Stopping ffmpeg process with q command for "/config/cache/transcodes/e547a29f0e892f6b595738ce492cf5a3.m3u8"
[2025-08-31 16:47:44.136 -03:00] [INF] [165] MediaBrowser.MediaEncoding.Transcoding.TranscodeManager: FFmpeg exited with code 0
[2025-08-31 16:47:44.136 -03:00] [INF] [165] MediaBrowser.MediaEncoding.Transcoding.TranscodeManager: Deleting partial stream file(s) "/config/cache/transcodes/e547a29f0e892f6b595738ce492cf5a3.m3u8"
[2025-08-31 16:47:44.629 -03:00] [INF] [165] Jellyfin.Plugin.PlaybackReporting.EventMonitorEntryPoint: Processing playback tracker : "e28afc93d871e52abe50cba6ea9c415a191ec208-66ef7bd1c406421895b8c43a8ff9f32c-2c00cd62f5521a25dfe24a4634a5ebd8"
[2025-08-31 16:47:45.696 -03:00] [INF] [10] Emby.Server.Implementations.Session.SessionManager: Playback stopped reported by app "Android TV" "0.18.11" playing "Primeiro dia". Stopped at "57957" ms
[2025-08-31 16:47:45.705 -03:00] [INF] [165] Jellyfin.Plugin.PlaybackReporting.EventMonitorEntryPoint: Playback stop tracker found, processing stop : "e28afc93d871e52abe50cba6ea9c415a191ec208-66ef7bd1c406421895b8c43a8ff9f32c-2c00cd62f5521a25dfe24a4634a5ebd8"
[2025-08-31 16:47:45.705 -03:00] [INF] [165] Jellyfin.Plugin.PlaybackReporting.Data.PlaybackTracker: PlaybackTracker : Adding Stop Event : 08/31/2025 16:47:45
[2025-08-31 16:47:45.705 -03:00] [INF] [165] Jellyfin.Plugin.PlaybackReporting.EventMonitorEntryPoint: Saving playback tracking activity in DB
[2025-08-31 16:47:45.993 -03:00] [INF] [158] Jellyfin.Api.Helpers.MediaInfoHelper: User policy for "luiz". EnablePlaybackRemuxing: True EnableVideoPlaybackTranscoding: True EnableAudioPlaybackTranscoding: True
[2025-08-31 16:47:46.053 -03:00] [INF] [10] Jellyfin.Plugin.PlaybackReporting.EventMonitorEntryPoint: Adding playback tracker : e28afc93d871e52abe50cba6ea9c415a191ec208-66ef7bd1c406421895b8c43a8ff9f32c-2c00cd62f5521a25dfe24a4634a5ebd8
[2025-08-31 16:47:46.053 -03:00] [INF] [10] Jellyfin.Plugin.PlaybackReporting.Data.PlaybackTracker: PlaybackTracker : Adding Start Event : 08/31/2025 16:47:46
[2025-08-31 16:47:46.053 -03:00] [INF] [10] Jellyfin.Plugin.PlaybackReporting.EventMonitorEntryPoint: Creating StartPlaybackTimer Task
[2025-08-31 16:47:46.053 -03:00] [INF] [174] Jellyfin.Plugin.PlaybackReporting.EventMonitorEntryPoint: StartPlaybackTimer : Entered
[2025-08-31 16:47:46.326 -03:00] [INF] [174] MediaBrowser.MediaEncoding.Transcoding.TranscodeManager: "/usr/lib/jellyfin-ffmpeg/ffmpeg" "-analyzeduration 200M -probesize 1G  -i file:\"/data/serie/Invasion.S01e10.1080p.WEB-DL.DUAL/Invasion.S01e10.1080p.WEB-DL.DUAL.mkv\" -map_metadata -1 -map_chapters -1 -threads 0 -map 0:0 -map 0:1 -codec:v:0 libx264 -preset veryfast -crf 23 -maxrate 3732132 -bufsize 7464264 -profile:v:0 high -level 41 -x264opts:0 subme=0:me_range=16:rc_lookahead=10:me=hex:open_gop=0 -force_key_frames:0 \"expr:gte(t,n_forced*3)\" -sc_threshold:v:0 0 -vf \"setparams=color_primaries=bt709:color_trc=bt709:colorspace=bt709,scale=trunc(min(max(iw\,ih*a)\,min(3840\,2160*a))/2)*2:trunc(min(max(iw/a\,ih)\,min(3840/a\,2160))/2)*2,format=yuv420p,subtitles=f='/config/data/data/subtitles/1/1e5d581e-f5af-7abc-3e40-902c99c27f6d.ass':fontsdir='/config/cache/attachments/2c00cd62f5521a25dfe24a4634a5ebd8'\" -start_at_zero -codec:a:0 copy -copyts -avoid_negative_ts disabled -max_muxing_queue_size 2048 -f hls -max_delay 5000000 -hls_time 3 -hls_segment_type mpegts -start_number 0 -hls_segment_filename \"/config/cache/transcodes/9d3dd8baddbc010cb4ae3fe44f482d9b%d.ts\" -hls_playlist_type vod -hls_list_size 0 -y \"/config/cache/transcodes/9d3dd8baddbc010cb4ae3fe44f482d9b.m3u8\""
[2025-08-31 16:47:47.045 -03:00] [INF] [10] Jellyfin.Plugin.PlaybackReporting.EventMonitorEntryPoint: Processing playback tracker : "e28afc93d871e52abe50cba6ea9c415a191ec208-66ef7bd1c406421895b8c43a8ff9f32c-2c00cd62f5521a25dfe24a4634a5ebd8"
[2025-08-31 16:47:57.510 -03:00] [INF] [174] Jellyfin.Plugin.PlaybackReporting.EventMonitorEntryPoint: Processing playback tracker : "TW96aWxsYS81LjAgKFdpbmRvd3MgTlQgMTAuMDsgV2luNjQ7IHg2NCkgQXBwbGVXZWJLaXQvNTM3LjM2IChLSFRNTCwgbGlrZSBHZWNrbykgQ2hyb21lLzEzNS4wLjAuMCBTYWZhcmkvNTM3LjM2fDE3NDU4ODQ3MTg3NDA1-66ef7bd1c406421895b8c43a8ff9f32c-c5b05048fd6b0ea99b7f6ed979ea40e4"
[2025-08-31 16:48:06.054 -03:00] [INF] [82] Jellyfin.Plugin.PlaybackReporting.EventMonitorEntryPoint: session.RemoteEndPoint : "192.168.1.2"
[2025-08-31 16:48:06.054 -03:00] [INF] [82] Jellyfin.Plugin.PlaybackReporting.EventMonitorEntryPoint: StartPlaybackTimer : event_playing_id     = "2c00cd62f5521a25dfe24a4634a5ebd8"
[2025-08-31 16:48:06.054 -03:00] [INF] [82] Jellyfin.Plugin.PlaybackReporting.EventMonitorEntryPoint: StartPlaybackTimer : event_user_id        = "66ef7bd1c406421895b8c43a8ff9f32c"
[2025-08-31 16:48:06.054 -03:00] [INF] [82] Jellyfin.Plugin.PlaybackReporting.EventMonitorEntryPoint: StartPlaybackTimer : event_user_id_int    = 1
[2025-08-31 16:48:06.054 -03:00] [INF] [82] Jellyfin.Plugin.PlaybackReporting.EventMonitorEntryPoint: StartPlaybackTimer : session_playing_id   = "2c00cd62f5521a25dfe24a4634a5ebd8"
[2025-08-31 16:48:06.054 -03:00] [INF] [82] Jellyfin.Plugin.PlaybackReporting.EventMonitorEntryPoint: StartPlaybackTimer : session_user_id      = "66ef7bd1c406421895b8c43a8ff9f32c"
[2025-08-31 16:48:06.054 -03:00] [INF] [82] Jellyfin.Plugin.PlaybackReporting.EventMonitorEntryPoint: StartPlaybackTimer : play_method          = "Transcode (v:h264 a:direct)"
[2025-08-31 16:48:06.054 -03:00] [INF] [82] Jellyfin.Plugin.PlaybackReporting.EventMonitorEntryPoint: StartPlaybackTimer : e.ClientName         = "Android TV"
[2025-08-31 16:48:06.054 -03:00] [INF] [82] Jellyfin.Plugin.PlaybackReporting.EventMonitorEntryPoint: StartPlaybackTimer : e.DeviceName         = "Tv TCL"
[2025-08-31 16:48:06.054 -03:00] [INF] [82] Jellyfin.Plugin.PlaybackReporting.EventMonitorEntryPoint: StartPlaybackTimer : ItemName             = "Invasão - s01e10 - Primeiro dia"
[2025-08-31 16:48:06.054 -03:00] [INF] [82] Jellyfin.Plugin.PlaybackReporting.EventMonitorEntryPoint: StartPlaybackTimer : ItemId               = "2c00cd62f5521a25dfe24a4634a5ebd8"
[2025-08-31 16:48:06.054 -03:00] [INF] [82] Jellyfin.Plugin.PlaybackReporting.EventMonitorEntryPoint: StartPlaybackTimer : ItemType             = "Episode"
[2025-08-31 16:48:06.054 -03:00] [INF] [82] Jellyfin.Plugin.PlaybackReporting.EventMonitorEntryPoint: StartPlaybackTimer : All matches, playback registered
[2025-08-31 16:48:06.054 -03:00] [INF] [82] Jellyfin.Plugin.PlaybackReporting.EventMonitorEntryPoint: Playback tracker found, adding playback info : "e28afc93d871e52abe50cba6ea9c415a191ec208-66ef7bd1c406421895b8c43a8ff9f32c-2c00cd62f5521a25dfe24a4634a5ebd8"
[2025-08-31 16:48:06.054 -03:00] [INF] [82] Jellyfin.Plugin.PlaybackReporting.EventMonitorEntryPoint: Saving playback tracking activity in DB
[2025-08-31 16:48:06.062 -03:00] [INF] [82] Jellyfin.Plugin.PlaybackReporting.EventMonitorEntryPoint: StartPlaybackTimer : Exited
[2025-08-31 16:48:07.319 -03:00] [INF] [82] Jellyfin.Plugin.PlaybackReporting.EventMonitorEntryPoint: Processing playback tracker : "e28afc93d871e52abe50cba6ea9c415a191ec208-66ef7bd1c406421895b8c43a8ff9f32c-2c00cd62f5521a25dfe24a4634a5ebd8"
[2025-08-31 16:48:27.345 -03:00] [INF] [56] Jellyfin.Plugin.PlaybackReporting.EventMonitorEntryPoint: Processing playback tracker : "e28afc93d871e52abe50cba6ea9c415a191ec208-66ef7bd1c406421895b8c43a8ff9f32c-2c00cd62f5521a25dfe24a4634a5ebd8"
[2025-08-31 16:48:47.361 -03:00] [INF] [158] Jellyfin.Plugin.PlaybackReporting.EventMonitorEntryPoint: Processing playback tracker : "e28afc93d871e52abe50cba6ea9c415a191ec208-66ef7bd1c406421895b8c43a8ff9f32c-2c00cd62f5521a25dfe24a4634a5ebd8"
[2025-08-31 16:49:07.879 -03:00] [INF] [174] Jellyfin.Plugin.PlaybackReporting.EventMonitorEntryPoint: Processing playback tracker : "e28afc93d871e52abe50cba6ea9c415a191ec208-66ef7bd1c406421895b8c43a8ff9f32c-2c00cd62f5521a25dfe24a4634a5ebd8"
[2025-08-31 16:49:12.416 -03:00] [INF] [51] Jellyfin.Server.Implementations.Users.UserManager: Authentication request for "luiz" has succeeded.
[2025-08-31 16:49:12.416 -03:00] [INF] [51] Emby.Server.Implementations.Session.SessionManager: Current/Max sessions for user "luiz": 3/0
[2025-08-31 16:49:12.416 -03:00] [INF] [51] Emby.Server.Implementations.Session.SessionManager: Creating new access token for user 66ef7bd1-c406-4218-95b8-c43a8ff9f32c
[2025-08-31 16:49:12.466 -03:00] [INF] [44] Emby.Server.Implementations.HttpServer.WebSocketManager: WS "192.168.1.10" request
[2025-08-31 16:49:28.742 -03:00] [INF] [44] MediaBrowser.MediaEncoding.Transcoding.TranscodeManager: Deleting partial stream file(s) "/config/cache/transcodes/663d3ba665a0b2d46d5539dfd86e067a.m3u8"
[2025-08-31 16:49:30.264 -03:00] [INF] [84] Emby.Server.Implementations.Session.SessionManager: Playback stopped reported by app "Jellyfin Web" "10.10.7" playing "Cheio de estrelas". Stopped at "1329238" ms
[2025-08-31 16:49:30.270 -03:00] [INF] [84] Jellyfin.Plugin.PlaybackReporting.EventMonitorEntryPoint: Playback stop tracker found, processing stop : "TW96aWxsYS81LjAgKFdpbmRvd3MgTlQgMTAuMDsgV2luNjQ7IHg2NCkgQXBwbGVXZWJLaXQvNTM3LjM2IChLSFRNTCwgbGlrZSBHZWNrbykgQ2hyb21lLzEzNS4wLjAuMCBTYWZhcmkvNTM3LjM2fDE3NDU4ODQ3MTg3NDA1-66ef7bd1c406421895b8c43a8ff9f32c-c5b05048fd6b0ea99b7f6ed979ea40e4"
[2025-08-31 16:49:30.270 -03:00] [INF] [84] Jellyfin.Plugin.PlaybackReporting.Data.PlaybackTracker: PlaybackTracker : Adding Stop Event : 08/31/2025 16:49:30
[2025-08-31 16:49:30.270 -03:00] [INF] [84] Jellyfin.Plugin.PlaybackReporting.EventMonitorEntryPoint: Saving playback tracking activity in DB
[2025-08-31 16:49:37.896 -03:00] [INF] [44] Jellyfin.Plugin.PlaybackReporting.EventMonitorEntryPoint: Processing playback tracker : "e28afc93d871e52abe50cba6ea9c415a191ec208-66ef7bd1c406421895b8c43a8ff9f32c-2c00cd62f5521a25dfe24a4634a5ebd8"
[2025-08-31 16:50:07.924 -03:00] [INF] [84] Jellyfin.Plugin.PlaybackReporting.EventMonitorEntryPoint: Processing playback tracker : "e28afc93d871e52abe50cba6ea9c415a191ec208-66ef7bd1c406421895b8c43a8ff9f32c-2c00cd62f5521a25dfe24a4634a5ebd8"
[2025-08-31 16:50:27.207 -03:00] [INF] [116] Emby.Server.Implementations.Session.SessionWebSocketListener: Sending ForceKeepAlive message to 1 inactive WebSockets.
[2025-08-31 16:50:37.937 -03:00] [INF] [160] Jellyfin.Plugin.PlaybackReporting.EventMonitorEntryPoint: Processing playback tracker : "e28afc93d871e52abe50cba6ea9c415a191ec208-66ef7bd1c406421895b8c43a8ff9f32c-2c00cd62f5521a25dfe24a4634a5ebd8"
[2025-08-31 16:51:07.949 -03:00] [INF] [160] Jellyfin.Plugin.PlaybackReporting.EventMonitorEntryPoint: Processing playback tracker : "e28afc93d871e52abe50cba6ea9c415a191ec208-66ef7bd1c406421895b8c43a8ff9f32c-2c00cd62f5521a25dfe24a4634a5ebd8"
[2025-08-31 16:51:37.958 -03:00] [INF] [174] Jellyfin.Plugin.PlaybackReporting.EventMonitorEntryPoint: Processing playback tracker : "e28afc93d871e52abe50cba6ea9c415a191ec208-66ef7bd1c406421895b8c43a8ff9f32c-2c00cd62f5521a25dfe24a4634a5ebd8"
[2025-08-31 16:52:07.966 -03:00] [INF] [21] Jellyfin.Plugin.PlaybackReporting.EventMonitorEntryPoint: Processing playback tracker : "e28afc93d871e52abe50cba6ea9c415a191ec208-66ef7bd1c406421895b8c43a8ff9f32c-2c00cd62f5521a25dfe24a4634a5ebd8"
[2025-08-31 16:52:37.981 -03:00] [INF] [84] Jellyfin.Plugin.PlaybackReporting.EventMonitorEntryPoint: Processing playback tracker : "e28afc93d871e52abe50cba6ea9c415a191ec208-66ef7bd1c406421895b8c43a8ff9f32c-2c00cd62f5521a25dfe24a4634a5ebd8"
[2025-08-31 16:53:07.990 -03:00] [INF] [21] Jellyfin.Plugin.PlaybackReporting.EventMonitorEntryPoint: Processing playback tracker : "e28afc93d871e52abe50cba6ea9c415a191ec208-66ef7bd1c406421895b8c43a8ff9f32c-2c00cd62f5521a25dfe24a4634a5ebd8"
[2025-08-31 16:53:38.003 -03:00] [INF] [116] Jellyfin.Plugin.PlaybackReporting.EventMonitorEntryPoint: Processing playback tracker : "e28afc93d871e52abe50cba6ea9c415a191ec208-66ef7bd1c406421895b8c43a8ff9f32c-2c00cd62f5521a25dfe24a4634a5ebd8"
[2025-08-31 16:53:44.116 -03:00] [INF] [116] MediaBrowser.MediaEncoding.Transcoding.TranscodeManager: FFmpeg exited with code 0
[2025-08-31 16:54:08.003 -03:00] [INF] [116] Jellyfin.Plugin.PlaybackReporting.EventMonitorEntryPoint: Processing playback tracker : "e28afc93d871e52abe50cba6ea9c415a191ec208-66ef7bd1c406421895b8c43a8ff9f32c-2c00cd62f5521a25dfe24a4634a5ebd8"
[2025-08-31 16:54:38.013 -03:00] [INF] [122] Jellyfin.Plugin.PlaybackReporting.EventMonitorEntryPoint: Processing playback tracker : "e28afc93d871e52abe50cba6ea9c415a191ec208-66ef7bd1c406421895b8c43a8ff9f32c-2c00cd62f5521a25dfe24a4634a5ebd8"
[2025-08-31 16:54:51.209 -03:00] [INF] [122] Emby.Server.Implementations.Session.SessionWebSocketListener: Sending ForceKeepAlive message to 1 inactive WebSockets.
[2025-08-31 16:55:08.024 -03:00] [INF] [122] Jellyfin.Plugin.PlaybackReporting.EventMonitorEntryPoint: Processing playback tracker : "e28afc93d871e52abe50cba6ea9c415a191ec208-66ef7bd1c406421895b8c43a8ff9f32c-2c00cd62f5521a25dfe24a4634a5ebd8"
[2025-08-31 16:55:38.039 -03:00] [INF] [122] Jellyfin.Plugin.PlaybackReporting.EventMonitorEntryPoint: Processing playback tracker : "e28afc93d871e52abe50cba6ea9c415a191ec208-66ef7bd1c406421895b8c43a8ff9f32c-2c00cd62f5521a25dfe24a4634a5ebd8"
[2025-08-31 16:56:08.045 -03:00] [INF] [116] Jellyfin.Plugin.PlaybackReporting.EventMonitorEntryPoint: Processing playback tracker : "e28afc93d871e52abe50cba6ea9c415a191ec208-66ef7bd1c406421895b8c43a8ff9f32c-2c00cd62f5521a25dfe24a4634a5ebd8"
[2025-08-31 16:56:38.054 -03:00] [INF] [116] Jellyfin.Plugin.PlaybackReporting.EventMonitorEntryPoint: Processing playback tracker : "e28afc93d871e52abe50cba6ea9c415a191ec208-66ef7bd1c406421895b8c43a8ff9f32c-2c00cd62f5521a25dfe24a4634a5ebd8"
[2025-08-31 16:57:08.062 -03:00] [INF] [160] Jellyfin.Plugin.PlaybackReporting.EventMonitorEntryPoint: Processing playback tracker : "e28afc93d871e52abe50cba6ea9c415a191ec208-66ef7bd1c406421895b8c43a8ff9f32c-2c00cd62f5521a25dfe24a4634a5ebd8"
[2025-08-31 16:57:38.076 -03:00] [INF] [114] Jellyfin.Plugin.PlaybackReporting.EventMonitorEntryPoint: Processing playback tracker : "e28afc93d871e52abe50cba6ea9c415a191ec208-66ef7bd1c406421895b8c43a8ff9f32c-2c00cd62f5521a25dfe24a4634a5ebd8"
[2025-08-31 16:58:08.088 -03:00] [INF] [160] Jellyfin.Plugin.PlaybackReporting.EventMonitorEntryPoint: Processing playback tracker : "e28afc93d871e52abe50cba6ea9c415a191ec208-66ef7bd1c406421895b8c43a8ff9f32c-2c00cd62f5521a25dfe24a4634a5ebd8"
[2025-08-31 16:58:34.355 -03:00] [INF] [160] Jellyfin.Plugin.OpenSubtitles.OpenSubtitleDownloader: Remaining downloads: 19
[2025-08-31 16:58:34.876 -03:00] [INF] [114] MediaBrowser.Providers.Subtitles.SubtitleManager: Saving subtitles to "/data/serie/Invasion.S01e10.1080p.WEB-DL.DUAL/Invasion.S01e10.1080p.WEB-DL.DUAL.pob.forced.srt"
[2025-08-31 16:58:34.940 -03:00] [INF] [56] MediaBrowser.MediaEncoding.Encoder.MediaEncoder: Starting "/usr/lib/jellyfin-ffmpeg/ffprobe" with args "-analyzeduration 200M -probesize 1G -i file:\"/data/serie/Invasion.S01e10.1080p.WEB-DL.DUAL/Invasion.S01e10.1080p.WEB-DL.DUAL.mkv\" -threads 0 -v warning -print_format json -show_streams -show_chapters -show_format"
[2025-08-31 16:58:34.971 -03:00] [INF] [114] MediaBrowser.MediaEncoding.Encoder.MediaEncoder: Starting "/usr/lib/jellyfin-ffmpeg/ffprobe" with args "-analyzeduration 200M -probesize 1G -i file:\"/data/serie/Invasion.S01e10.1080p.WEB-DL.DUAL/Invasion.S01e10.1080p.WEB-DL.DUAL.pob.forced.srt\" -threads 0 -v warning -print_format json -show_streams -show_format"
[2025-08-31 16:58:38.100 -03:00] [INF] [114] Jellyfin.Plugin.PlaybackReporting.EventMonitorEntryPoint: Processing playback tracker : "e28afc93d871e52abe50cba6ea9c415a191ec208-66ef7bd1c406421895b8c43a8ff9f32c-2c00cd62f5521a25dfe24a4634a5ebd8"
[2025-08-31 16:58:39.208 -03:00] [INF] [114] Emby.Server.Implementations.Session.SessionWebSocketListener: Sending ForceKeepAlive message to 1 inactive WebSockets.
[2025-08-31 16:59:08.107 -03:00] [INF] [114] Jellyfin.Plugin.PlaybackReporting.EventMonitorEntryPoint: Processing playback tracker : "e28afc93d871e52abe50cba6ea9c415a191ec208-66ef7bd1c406421895b8c43a8ff9f32c-2c00cd62f5521a25dfe24a4634a5ebd8"
[2025-08-31 16:59:35.023 -03:00] [INF] [160] IntroSkipper.Services.Entrypoint: Initiating automatic analysis task
[2025-08-31 16:59:35.075 -03:00] [INF] [160] IntroSkipper.Manager.QueueManager: Running enqueue of items in library "Séries"
[2025-08-31 16:59:35.080 -03:00] [INF] [160] IntroSkipper.Manager.QueueManager: Running enqueue of items in library "Filmes"
[2025-08-31 16:59:38.117 -03:00] [INF] [160] Jellyfin.Plugin.PlaybackReporting.EventMonitorEntryPoint: Processing playback tracker : "e28afc93d871e52abe50cba6ea9c415a191ec208-66ef7bd1c406421895b8c43a8ff9f32c-2c00cd62f5521a25dfe24a4634a5ebd8"
[2025-08-31 17:00:08.131 -03:00] [INF] [160] Jellyfin.Plugin.PlaybackReporting.EventMonitorEntryPoint: Processing playback tracker : "e28afc93d871e52abe50cba6ea9c415a191ec208-66ef7bd1c406421895b8c43a8ff9f32c-2c00cd62f5521a25dfe24a4634a5ebd8"
[2025-08-31 17:00:38.130 -03:00] [INF] [160] Jellyfin.Plugin.PlaybackReporting.EventMonitorEntryPoint: Processing playback tracker : "e28afc93d871e52abe50cba6ea9c415a191ec208-66ef7bd1c406421895b8c43a8ff9f32c-2c00cd62f5521a25dfe24a4634a5ebd8"
[2025-08-31 17:01:08.142 -03:00] [INF] [23] Jellyfin.Plugin.PlaybackReporting.EventMonitorEntryPoint: Processing playback tracker : "e28afc93d871e52abe50cba6ea9c415a191ec208-66ef7bd1c406421895b8c43a8ff9f32c-2c00cd62f5521a25dfe24a4634a5ebd8"
[2025-08-31 17:01:18.136 -03:00] [INF] [23] MediaBrowser.MediaEncoding.Transcoding.TranscodeManager: Deleting partial stream file(s) "/config/cache/transcodes/9d3dd8baddbc010cb4ae3fe44f482d9b.m3u8"
[2025-08-31 17:01:19.720 -03:00] [INF] [84] Emby.Server.Implementations.Session.SessionManager: Playback stopped reported by app "Android TV" "0.18.11" playing "Primeiro dia". Stopped at "65359" ms
[2025-08-31 17:01:19.731 -03:00] [INF] [23] Jellyfin.Plugin.PlaybackReporting.EventMonitorEntryPoint: Playback stop tracker found, processing stop : "e28afc93d871e52abe50cba6ea9c415a191ec208-66ef7bd1c406421895b8c43a8ff9f32c-2c00cd62f5521a25dfe24a4634a5ebd8"
[2025-08-31 17:01:19.731 -03:00] [INF] [23] Jellyfin.Plugin.PlaybackReporting.Data.PlaybackTracker: PlaybackTracker : Adding Stop Event : 08/31/2025 17:01:19
[2025-08-31 17:01:19.731 -03:00] [INF] [23] Jellyfin.Plugin.PlaybackReporting.EventMonitorEntryPoint: Saving playback tracking activity in DB
[2025-08-31 17:01:20.110 -03:00] [INF] [23] Jellyfin.Api.Helpers.MediaInfoHelper: User policy for "luiz". EnablePlaybackRemuxing: True EnableVideoPlaybackTranscoding: True EnableAudioPlaybackTranscoding: True
[2025-08-31 17:01:20.241 -03:00] [INF] [153] Jellyfin.Plugin.PlaybackReporting.EventMonitorEntryPoint: Adding playback tracker : e28afc93d871e52abe50cba6ea9c415a191ec208-66ef7bd1c406421895b8c43a8ff9f32c-2c00cd62f5521a25dfe24a4634a5ebd8
[2025-08-31 17:01:20.241 -03:00] [INF] [153] Jellyfin.Plugin.PlaybackReporting.Data.PlaybackTracker: PlaybackTracker : Adding Start Event : 08/31/2025 17:01:20
[2025-08-31 17:01:20.241 -03:00] [INF] [153] Jellyfin.Plugin.PlaybackReporting.EventMonitorEntryPoint: Creating StartPlaybackTimer Task
[2025-08-31 17:01:20.241 -03:00] [INF] [153] Jellyfin.Plugin.PlaybackReporting.EventMonitorEntryPoint: StartPlaybackTimer : Entered
[2025-08-31 17:01:20.769 -03:00] [INF] [51] Jellyfin.Plugin.PlaybackReporting.EventMonitorEntryPoint: Processing playback tracker : "e28afc93d871e52abe50cba6ea9c415a191ec208-66ef7bd1c406421895b8c43a8ff9f32c-2c00cd62f5521a25dfe24a4634a5ebd8"
[2025-08-31 17:01:27.141 -03:00] [INF] [142] Emby.Server.Implementations.Session.SessionManager: Playback stopped reported by app "Android TV" "0.18.11" playing "Primeiro dia". Stopped at "6433" ms
[2025-08-31 17:01:27.151 -03:00] [INF] [142] Jellyfin.Plugin.PlaybackReporting.EventMonitorEntryPoint: Playback stop tracker found, processing stop : "e28afc93d871e52abe50cba6ea9c415a191ec208-66ef7bd1c406421895b8c43a8ff9f32c-2c00cd62f5521a25dfe24a4634a5ebd8"
[2025-08-31 17:01:27.151 -03:00] [INF] [142] Jellyfin.Plugin.PlaybackReporting.Data.PlaybackTracker: PlaybackTracker : Adding Stop Event : 08/31/2025 17:01:27
[2025-08-31 17:01:27.151 -03:00] [INF] [142] Jellyfin.Plugin.PlaybackReporting.EventMonitorEntryPoint: Playback stop but TrackedPlaybackInfo not found! not storing activity in DB
[2025-08-31 17:01:27.200 -03:00] [INF] [82] Jellyfin.Api.Helpers.MediaInfoHelper: User policy for "luiz". EnablePlaybackRemuxing: True EnableVideoPlaybackTranscoding: True EnableAudioPlaybackTranscoding: True
[2025-08-31 17:01:27.417 -03:00] [INF] [84] Jellyfin.Plugin.PlaybackReporting.EventMonitorEntryPoint: Adding playback tracker : e28afc93d871e52abe50cba6ea9c415a191ec208-66ef7bd1c406421895b8c43a8ff9f32c-2c00cd62f5521a25dfe24a4634a5ebd8
[2025-08-31 17:01:27.417 -03:00] [INF] [84] Jellyfin.Plugin.PlaybackReporting.Data.PlaybackTracker: PlaybackTracker : Adding Start Event : 08/31/2025 17:01:27
[2025-08-31 17:01:27.417 -03:00] [INF] [84] Jellyfin.Plugin.PlaybackReporting.EventMonitorEntryPoint: Creating StartPlaybackTimer Task
[2025-08-31 17:01:27.417 -03:00] [INF] [84] Jellyfin.Plugin.PlaybackReporting.EventMonitorEntryPoint: StartPlaybackTimer : Entered
[2025-08-31 17:01:27.661 -03:00] [INF] [153] MediaBrowser.MediaEncoding.Subtitles.SubtitleEncoder: "/usr/lib/jellyfin-ffmpeg/ffmpeg" "-i file:\"/data/serie/Invasion.S01e10.1080p.WEB-DL.DUAL/Invasion.S01e10.1080p.WEB-DL.DUAL.mkv\" -copyts -map 0:3 -an -vn -c:s copy \"/config/data/data/subtitles/b/be94f70d-6915-b230-36d5-a843518714f2.ass\""
[2025-08-31 17:01:28.410 -03:00] [INF] [160] Jellyfin.Plugin.PlaybackReporting.EventMonitorEntryPoint: Processing playback tracker : "e28afc93d871e52abe50cba6ea9c415a191ec208-66ef7bd1c406421895b8c43a8ff9f32c-2c00cd62f5521a25dfe24a4634a5ebd8"
[2025-08-31 17:01:40.241 -03:00] [INF] [84] Jellyfin.Plugin.PlaybackReporting.EventMonitorEntryPoint: session.RemoteEndPoint : "192.168.1.2"
[2025-08-31 17:01:40.241 -03:00] [INF] [84] Jellyfin.Plugin.PlaybackReporting.EventMonitorEntryPoint: StartPlaybackTimer : event_playing_id     = "2c00cd62f5521a25dfe24a4634a5ebd8"
[2025-08-31 17:01:40.241 -03:00] [INF] [84] Jellyfin.Plugin.PlaybackReporting.EventMonitorEntryPoint: StartPlaybackTimer : event_user_id        = "66ef7bd1c406421895b8c43a8ff9f32c"
[2025-08-31 17:01:40.241 -03:00] [INF] [84] Jellyfin.Plugin.PlaybackReporting.EventMonitorEntryPoint: StartPlaybackTimer : event_user_id_int    = 1
[2025-08-31 17:01:40.241 -03:00] [INF] [84] Jellyfin.Plugin.PlaybackReporting.EventMonitorEntryPoint: StartPlaybackTimer : session_playing_id   = "2c00cd62f5521a25dfe24a4634a5ebd8"
[2025-08-31 17:01:40.241 -03:00] [INF] [84] Jellyfin.Plugin.PlaybackReporting.EventMonitorEntryPoint: StartPlaybackTimer : session_user_id      = "66ef7bd1c406421895b8c43a8ff9f32c"
[2025-08-31 17:01:40.241 -03:00] [INF] [84] Jellyfin.Plugin.PlaybackReporting.EventMonitorEntryPoint: StartPlaybackTimer : play_method          = "DirectPlay"
[2025-08-31 17:01:40.241 -03:00] [INF] [84] Jellyfin.Plugin.PlaybackReporting.EventMonitorEntryPoint: StartPlaybackTimer : e.ClientName         = "Android TV"
[2025-08-31 17:01:40.241 -03:00] [INF] [84] Jellyfin.Plugin.PlaybackReporting.EventMonitorEntryPoint: StartPlaybackTimer : e.DeviceName         = "Tv TCL"
[2025-08-31 17:01:40.241 -03:00] [INF] [84] Jellyfin.Plugin.PlaybackReporting.EventMonitorEntryPoint: StartPlaybackTimer : ItemName             = "Invasão - s01e10 - Primeiro dia"
[2025-08-31 17:01:40.241 -03:00] [INF] [84] Jellyfin.Plugin.PlaybackReporting.EventMonitorEntryPoint: StartPlaybackTimer : ItemId               = "2c00cd62f5521a25dfe24a4634a5ebd8"
[2025-08-31 17:01:40.241 -03:00] [INF] [84] Jellyfin.Plugin.PlaybackReporting.EventMonitorEntryPoint: StartPlaybackTimer : ItemType             = "Episode"
[2025-08-31 17:01:40.241 -03:00] [INF] [84] Jellyfin.Plugin.PlaybackReporting.EventMonitorEntryPoint: StartPlaybackTimer : All matches, playback registered
[2025-08-31 17:01:40.241 -03:00] [INF] [84] Jellyfin.Plugin.PlaybackReporting.EventMonitorEntryPoint: Playback tracker found, adding playback info : "e28afc93d871e52abe50cba6ea9c415a191ec208-66ef7bd1c406421895b8c43a8ff9f32c-2c00cd62f5521a25dfe24a4634a5ebd8"
[2025-08-31 17:01:40.241 -03:00] [INF] [84] Jellyfin.Plugin.PlaybackReporting.EventMonitorEntryPoint: Saving playback tracking activity in DB
[2025-08-31 17:01:40.248 -03:00] [INF] [84] Jellyfin.Plugin.PlaybackReporting.EventMonitorEntryPoint: StartPlaybackTimer : Exited
[2025-08-31 17:01:47.418 -03:00] [INF] [23] Jellyfin.Plugin.PlaybackReporting.EventMonitorEntryPoint: session.RemoteEndPoint : "192.168.1.2"
[2025-08-31 17:01:47.418 -03:00] [INF] [23] Jellyfin.Plugin.PlaybackReporting.EventMonitorEntryPoint: StartPlaybackTimer : event_playing_id     = "2c00cd62f5521a25dfe24a4634a5ebd8"
[2025-08-31 17:01:47.418 -03:00] [INF] [23] Jellyfin.Plugin.PlaybackReporting.EventMonitorEntryPoint: StartPlaybackTimer : event_user_id        = "66ef7bd1c406421895b8c43a8ff9f32c"
[2025-08-31 17:01:47.418 -03:00] [INF] [23] Jellyfin.Plugin.PlaybackReporting.EventMonitorEntryPoint: StartPlaybackTimer : event_user_id_int    = 1
[2025-08-31 17:01:47.418 -03:00] [INF] [23] Jellyfin.Plugin.PlaybackReporting.EventMonitorEntryPoint: StartPlaybackTimer : session_playing_id   = "2c00cd62f5521a25dfe24a4634a5ebd8"
[2025-08-31 17:01:47.418 -03:00] [INF] [23] Jellyfin.Plugin.PlaybackReporting.EventMonitorEntryPoint: StartPlaybackTimer : session_user_id      = "66ef7bd1c406421895b8c43a8ff9f32c"
[2025-08-31 17:01:47.418 -03:00] [INF] [23] Jellyfin.Plugin.PlaybackReporting.EventMonitorEntryPoint: StartPlaybackTimer : play_method          = "DirectPlay"
[2025-08-31 17:01:47.418 -03:00] [INF] [23] Jellyfin.Plugin.PlaybackReporting.EventMonitorEntryPoint: StartPlaybackTimer : e.ClientName         = "Android TV"
[2025-08-31 17:01:47.418 -03:00] [INF] [23] Jellyfin.Plugin.PlaybackReporting.EventMonitorEntryPoint: StartPlaybackTimer : e.DeviceName         = "Tv TCL"
[2025-08-31 17:01:47.418 -03:00] [INF] [23] Jellyfin.Plugin.PlaybackReporting.EventMonitorEntryPoint: StartPlaybackTimer : ItemName             = "Invasão - s01e10 - Primeiro dia"
[2025-08-31 17:01:47.418 -03:00] [INF] [23] Jellyfin.Plugin.PlaybackReporting.EventMonitorEntryPoint: StartPlaybackTimer : ItemId               = "2c00cd62f5521a25dfe24a4634a5ebd8"
[2025-08-31 17:01:47.418 -03:00] [INF] [23] Jellyfin.Plugin.PlaybackReporting.EventMonitorEntryPoint: StartPlaybackTimer : ItemType             = "Episode"
[2025-08-31 17:01:47.418 -03:00] [INF] [23] Jellyfin.Plugin.PlaybackReporting.EventMonitorEntryPoint: StartPlaybackTimer : All matches, playback registered
[2025-08-31 17:01:47.418 -03:00] [INF] [23] Jellyfin.Plugin.PlaybackReporting.EventMonitorEntryPoint: Playback tracker found, adding playback info : "e28afc93d871e52abe50cba6ea9c415a191ec208-66ef7bd1c406421895b8c43a8ff9f32c-2c00cd62f5521a25dfe24a4634a5ebd8"
[2025-08-31 17:01:47.418 -03:00] [INF] [23] Jellyfin.Plugin.PlaybackReporting.EventMonitorEntryPoint: Saving playback tracking activity in DB
[2025-08-31 17:01:47.426 -03:00] [INF] [23] Jellyfin.Plugin.PlaybackReporting.EventMonitorEntryPoint: StartPlaybackTimer : Exited
[2025-08-31 17:01:48.410 -03:00] [INF] [23] Jellyfin.Plugin.PlaybackReporting.EventMonitorEntryPoint: Processing playback tracker : "e28afc93d871e52abe50cba6ea9c415a191ec208-66ef7bd1c406421895b8c43a8ff9f32c-2c00cd62f5521a25dfe24a4634a5ebd8"
[2025-08-31 17:01:49.868 -03:00] [INF] [165] Emby.Server.Implementations.Session.SessionManager: Playback stopped reported by app "Android TV" "0.18.11" playing "Primeiro dia". Stopped at "6433" ms
[2025-08-31 17:01:49.874 -03:00] [INF] [165] Jellyfin.Plugin.PlaybackReporting.EventMonitorEntryPoint: Playback stop tracker found, processing stop : "e28afc93d871e52abe50cba6ea9c415a191ec208-66ef7bd1c406421895b8c43a8ff9f32c-2c00cd62f5521a25dfe24a4634a5ebd8"
[2025-08-31 17:01:49.874 -03:00] [INF] [165] Jellyfin.Plugin.PlaybackReporting.Data.PlaybackTracker: PlaybackTracker : Adding Stop Event : 08/31/2025 17:01:49
[2025-08-31 17:01:49.874 -03:00] [INF] [165] Jellyfin.Plugin.PlaybackReporting.EventMonitorEntryPoint: Saving playback tracking activity in DB
[2025-08-31 17:01:52.964 -03:00] [INF] [158] Jellyfin.Api.Helpers.MediaInfoHelper: User policy for "luiz". EnablePlaybackRemuxing: True EnableVideoPlaybackTranscoding: True EnableAudioPlaybackTranscoding: True
[2025-08-31 17:01:53.034 -03:00] [INF] [23] Jellyfin.Plugin.PlaybackReporting.EventMonitorEntryPoint: Adding playback tracker : e28afc93d871e52abe50cba6ea9c415a191ec208-66ef7bd1c406421895b8c43a8ff9f32c-2c00cd62f5521a25dfe24a4634a5ebd8
[2025-08-31 17:01:53.035 -03:00] [INF] [23] Jellyfin.Plugin.PlaybackReporting.Data.PlaybackTracker: PlaybackTracker : Adding Start Event : 08/31/2025 17:01:53
[2025-08-31 17:01:53.035 -03:00] [INF] [23] Jellyfin.Plugin.PlaybackReporting.EventMonitorEntryPoint: Creating StartPlaybackTimer Task
[2025-08-31 17:01:53.035 -03:00] [INF] [158] Jellyfin.Plugin.PlaybackReporting.EventMonitorEntryPoint: StartPlaybackTimer : Entered
[2025-08-31 17:01:53.495 -03:00] [INF] [10] Jellyfin.Plugin.PlaybackReporting.EventMonitorEntryPoint: Processing playback tracker : "e28afc93d871e52abe50cba6ea9c415a191ec208-66ef7bd1c406421895b8c43a8ff9f32c-2c00cd62f5521a25dfe24a4634a5ebd8"
[2025-08-31 17:01:59.133 -03:00] [INF] [160] MediaBrowser.MediaEncoding.Subtitles.SubtitleEncoder: Setting ass font within "/config/data/data/subtitles/b/be94f70d-6915-b230-36d5-a843518714f2.ass"
[2025-08-31 17:01:59.134 -03:00] [INF] [82] MediaBrowser.MediaEncoding.Subtitles.SubtitleEncoder: ffmpeg subtitle extraction completed for "file:\"/data/serie/Invasion.S01e10.1080p.WEB-DL.DUAL/Invasion.S01e10.1080p.WEB-DL.DUAL.mkv\"" to "/config/data/data/subtitles/b/be94f70d-6915-b230-36d5-a843518714f2.ass"
[2025-08-31 17:01:59.134 -03:00] [INF] [153] MediaBrowser.MediaEncoding.Transcoding.TranscodeManager: "/usr/lib/jellyfin-ffmpeg/ffmpeg" "-analyzeduration 200M -probesize 1G  -i file:\"/data/serie/Invasion.S01e10.1080p.WEB-DL.DUAL/Invasion.S01e10.1080p.WEB-DL.DUAL.mkv\" -map_metadata -1 -map_chapters -1 -threads 6 -map 0:0 -map 0:1 -codec:v:0 libx265 -tag:v:0 hvc1 -preset veryfast -crf 28 -maxrate 3732132 -bufsize 7464264 -profile:v:0 main -x265-params:0 no-scenecut=1:no-open-gop=1:no-info=1:subme=3:merange=25:rc-lookahead=10:me=star:ctu=32:max-tu-size=32:min-cu-size=16:rskip=2:rskip-edge-threshold=2:no-sao=1:no-strong-intra-smoothing=1 -force_key_frames:0 \"expr:gte(t,n_forced*3)\" -vf \"setparams=color_primaries=bt709:color_trc=bt709:colorspace=bt709,scale=trunc(min(max(iw\,ih*a)\,min(3840\,2160*a))/2)*2:trunc(min(max(iw/a\,ih)\,min(3840/a\,2160))/2)*2,format=yuv420p,subtitles=f='/config/data/data/subtitles/b/be94f70d-6915-b230-36d5-a843518714f2.ass':fontsdir='/config/cache/attachments/2c00cd62f5521a25dfe24a4634a5ebd8'\" -start_at_zero -codec:a:0 copy -copyts -avoid_negative_ts disabled -max_muxing_queue_size 2048 -f hls -max_delay 5000000 -hls_time 3 -hls_segment_type mpegts -start_number 0 -hls_segment_filename \"/config/cache/transcodes/bad28c6d790333eeee68901f4a345acc%d.ts\" -hls_playlist_type vod -hls_list_size 0 -y \"/config/cache/transcodes/bad28c6d790333eeee68901f4a345acc.m3u8\""
[2025-08-31 17:02:13.036 -03:00] [INF] [160] Jellyfin.Plugin.PlaybackReporting.EventMonitorEntryPoint: session.RemoteEndPoint : "192.168.1.2"
[2025-08-31 17:02:13.036 -03:00] [INF] [160] Jellyfin.Plugin.PlaybackReporting.EventMonitorEntryPoint: StartPlaybackTimer : event_playing_id     = "2c00cd62f5521a25dfe24a4634a5ebd8"
[2025-08-31 17:02:13.037 -03:00] [INF] [160] Jellyfin.Plugin.PlaybackReporting.EventMonitorEntryPoint: StartPlaybackTimer : event_user_id        = "66ef7bd1c406421895b8c43a8ff9f32c"
[2025-08-31 17:02:13.037 -03:00] [INF] [160] Jellyfin.Plugin.PlaybackReporting.EventMonitorEntryPoint: StartPlaybackTimer : event_user_id_int    = 1
[2025-08-31 17:02:13.037 -03:00] [INF] [160] Jellyfin.Plugin.PlaybackReporting.EventMonitorEntryPoint: StartPlaybackTimer : session_playing_id   = "2c00cd62f5521a25dfe24a4634a5ebd8"
[2025-08-31 17:02:13.037 -03:00] [INF] [160] Jellyfin.Plugin.PlaybackReporting.EventMonitorEntryPoint: StartPlaybackTimer : session_user_id      = "66ef7bd1c406421895b8c43a8ff9f32c"
[2025-08-31 17:02:13.037 -03:00] [INF] [160] Jellyfin.Plugin.PlaybackReporting.EventMonitorEntryPoint: StartPlaybackTimer : play_method          = "DirectPlay"
[2025-08-31 17:02:13.037 -03:00] [INF] [160] Jellyfin.Plugin.PlaybackReporting.EventMonitorEntryPoint: StartPlaybackTimer : e.ClientName         = "Android TV"
[2025-08-31 17:02:13.037 -03:00] [INF] [160] Jellyfin.Plugin.PlaybackReporting.EventMonitorEntryPoint: StartPlaybackTimer : e.DeviceName         = "Tv TCL"
[2025-08-31 17:02:13.037 -03:00] [INF] [160] Jellyfin.Plugin.PlaybackReporting.EventMonitorEntryPoint: StartPlaybackTimer : ItemName             = "Invasão - s01e10 - Primeiro dia"
[2025-08-31 17:02:13.037 -03:00] [INF] [160] Jellyfin.Plugin.PlaybackReporting.EventMonitorEntryPoint: StartPlaybackTimer : ItemId               = "2c00cd62f5521a25dfe24a4634a5ebd8"
[2025-08-31 17:02:13.037 -03:00] [INF] [160] Jellyfin.Plugin.PlaybackReporting.EventMonitorEntryPoint: StartPlaybackTimer : ItemType             = "Episode"
[2025-08-31 17:02:13.037 -03:00] [INF] [160] Jellyfin.Plugin.PlaybackReporting.EventMonitorEntryPoint: StartPlaybackTimer : All matches, playback registered
[2025-08-31 17:02:13.038 -03:00] [INF] [160] Jellyfin.Plugin.PlaybackReporting.EventMonitorEntryPoint: Playback tracker found, adding playback info : "e28afc93d871e52abe50cba6ea9c415a191ec208-66ef7bd1c406421895b8c43a8ff9f32c-2c00cd62f5521a25dfe24a4634a5ebd8"
[2025-08-31 17:02:13.038 -03:00] [INF] [160] Jellyfin.Plugin.PlaybackReporting.EventMonitorEntryPoint: Saving playback tracking activity in DB
[2025-08-31 17:02:13.046 -03:00] [INF] [160] Jellyfin.Plugin.PlaybackReporting.EventMonitorEntryPoint: StartPlaybackTimer : Exited
[2025-08-31 17:02:13.547 -03:00] [INF] [160] Jellyfin.Plugin.PlaybackReporting.EventMonitorEntryPoint: Processing playback tracker : "e28afc93d871e52abe50cba6ea9c415a191ec208-66ef7bd1c406421895b8c43a8ff9f32c-2c00cd62f5521a25dfe24a4634a5ebd8"
[2025-08-31 17:02:27.207 -03:00] [INF] [160] Emby.Server.Implementations.Session.SessionWebSocketListener: Sending ForceKeepAlive message to 1 inactive WebSockets.
[2025-08-31 17:02:33.575 -03:00] [INF] [165] Jellyfin.Plugin.PlaybackReporting.EventMonitorEntryPoint: Processing playback tracker : "e28afc93d871e52abe50cba6ea9c415a191ec208-66ef7bd1c406421895b8c43a8ff9f32c-2c00cd62f5521a25dfe24a4634a5ebd8"
[2025-08-31 17:02:53.605 -03:00] [INF] [165] Jellyfin.Plugin.PlaybackReporting.EventMonitorEntryPoint: Processing playback tracker : "e28afc93d871e52abe50cba6ea9c415a191ec208-66ef7bd1c406421895b8c43a8ff9f32c-2c00cd62f5521a25dfe24a4634a5ebd8"
[2025-08-31 17:03:00.967 -03:00] [INF] [160] MediaBrowser.MediaEncoding.Transcoding.TranscodeManager: Transcoding kill timer stopped for JobId "a237f39268e44ac1b82420b5f10282e0" PlaySessionId "24f14df6e48d42749ac8b35041dccf8c". Killing transcoding
[2025-08-31 17:03:00.970 -03:00] [INF] [160] MediaBrowser.Controller.MediaEncoding.TranscodingJob: Stopping ffmpeg process with q command for "/config/cache/transcodes/bad28c6d790333eeee68901f4a345acc.m3u8"
[2025-08-31 17:03:01.865 -03:00] [INF] [160] MediaBrowser.MediaEncoding.Transcoding.TranscodeManager: FFmpeg exited with code 0
[2025-08-31 17:03:01.865 -03:00] [INF] [160] MediaBrowser.MediaEncoding.Transcoding.TranscodeManager: Deleting partial stream file(s) "/config/cache/transcodes/bad28c6d790333eeee68901f4a345acc.m3u8"
[2025-08-31 17:03:13.637 -03:00] [INF] [160] Jellyfin.Plugin.PlaybackReporting.EventMonitorEntryPoint: Processing playback tracker : "e28afc93d871e52abe50cba6ea9c415a191ec208-66ef7bd1c406421895b8c43a8ff9f32c-2c00cd62f5521a25dfe24a4634a5ebd8"
[2025-08-31 17:03:33.662 -03:00] [INF] [165] Jellyfin.Plugin.PlaybackReporting.EventMonitorEntryPoint: Processing playback tracker : "e28afc93d871e52abe50cba6ea9c415a191ec208-66ef7bd1c406421895b8c43a8ff9f32c-2c00cd62f5521a25dfe24a4634a5ebd8"
[2025-08-31 17:03:53.692 -03:00] [INF] [82] Jellyfin.Plugin.PlaybackReporting.EventMonitorEntryPoint: Processing playback tracker : "e28afc93d871e52abe50cba6ea9c415a191ec208-66ef7bd1c406421895b8c43a8ff9f32c-2c00cd62f5521a25dfe24a4634a5ebd8"
[2025-08-31 17:04:13.715 -03:00] [INF] [153] Jellyfin.Plugin.PlaybackReporting.EventMonitorEntryPoint: Processing playback tracker : "e28afc93d871e52abe50cba6ea9c415a191ec208-66ef7bd1c406421895b8c43a8ff9f32c-2c00cd62f5521a25dfe24a4634a5ebd8"
[2025-08-31 17:04:34.156 -03:00] [INF] [165] Jellyfin.Plugin.PlaybackReporting.EventMonitorEntryPoint: Processing playback tracker : "e28afc93d871e52abe50cba6ea9c415a191ec208-66ef7bd1c406421895b8c43a8ff9f32c-2c00cd62f5521a25dfe24a4634a5ebd8"
[2025-08-31 17:04:54.214 -03:00] [INF] [82] Jellyfin.Plugin.PlaybackReporting.EventMonitorEntryPoint: Processing playback tracker : "e28afc93d871e52abe50cba6ea9c415a191ec208-66ef7bd1c406421895b8c43a8ff9f32c-2c00cd62f5521a25dfe24a4634a5ebd8"
[2025-08-31 17:05:14.259 -03:00] [INF] [56] Jellyfin.Plugin.PlaybackReporting.EventMonitorEntryPoint: Processing playback tracker : "e28afc93d871e52abe50cba6ea9c415a191ec208-66ef7bd1c406421895b8c43a8ff9f32c-2c00cd62f5521a25dfe24a4634a5ebd8"
[2025-08-31 17:05:34.300 -03:00] [INF] [158] Jellyfin.Plugin.PlaybackReporting.EventMonitorEntryPoint: Processing playback tracker : "e28afc93d871e52abe50cba6ea9c415a191ec208-66ef7bd1c406421895b8c43a8ff9f32c-2c00cd62f5521a25dfe24a4634a5ebd8"
[2025-08-31 17:05:54.350 -03:00] [INF] [165] Jellyfin.Plugin.PlaybackReporting.EventMonitorEntryPoint: Processing playback tracker : "e28afc93d871e52abe50cba6ea9c415a191ec208-66ef7bd1c406421895b8c43a8ff9f32c-2c00cd62f5521a25dfe24a4634a5ebd8"
[2025-08-31 17:06:14.405 -03:00] [INF] [165] Jellyfin.Plugin.PlaybackReporting.EventMonitorEntryPoint: Processing playback tracker : "e28afc93d871e52abe50cba6ea9c415a191ec208-66ef7bd1c406421895b8c43a8ff9f32c-2c00cd62f5521a25dfe24a4634a5ebd8"
[2025-08-31 17:06:34.444 -03:00] [INF] [153] Jellyfin.Plugin.PlaybackReporting.EventMonitorEntryPoint: Processing playback tracker : "e28afc93d871e52abe50cba6ea9c415a191ec208-66ef7bd1c406421895b8c43a8ff9f32c-2c00cd62f5521a25dfe24a4634a5ebd8"
[2025-08-31 17:06:51.208 -03:00] [INF] [82] Emby.Server.Implementations.Session.SessionWebSocketListener: Sending ForceKeepAlive message to 1 inactive WebSockets.
[2025-08-31 17:06:54.495 -03:00] [INF] [158] Jellyfin.Plugin.PlaybackReporting.EventMonitorEntryPoint: Processing playback tracker : "e28afc93d871e52abe50cba6ea9c415a191ec208-66ef7bd1c406421895b8c43a8ff9f32c-2c00cd62f5521a25dfe24a4634a5ebd8"
[2025-08-31 17:07:06.301 -03:00] [INF] [82] Jellyfin.Plugin.PlaybackReporting.Api.PlaybackReportingActivityController: PlaybackReportingActivityController Loaded
[2025-08-31 17:07:06.335 -03:00] [INF] [82] Jellyfin.Plugin.PlaybackReporting.Data.ActivityRepository: Default journal_mode for "/config/data/data/playback_reporting.db" is "delete"
[2025-08-31 17:07:14.556 -03:00] [INF] [44] Jellyfin.Plugin.PlaybackReporting.EventMonitorEntryPoint: Processing playback tracker : "e28afc93d871e52abe50cba6ea9c415a191ec208-66ef7bd1c406421895b8c43a8ff9f32c-2c00cd62f5521a25dfe24a4634a5ebd8"
[2025-08-31 17:07:34.604 -03:00] [INF] [101] Jellyfin.Plugin.PlaybackReporting.EventMonitorEntryPoint: Processing playback tracker : "e28afc93d871e52abe50cba6ea9c415a191ec208-66ef7bd1c406421895b8c43a8ff9f32c-2c00cd62f5521a25dfe24a4634a5ebd8"
[2025-08-31 17:07:54.658 -03:00] [INF] [160] Jellyfin.Plugin.PlaybackReporting.EventMonitorEntryPoint: Processing playback tracker : "e28afc93d871e52abe50cba6ea9c415a191ec208-66ef7bd1c406421895b8c43a8ff9f32c-2c00cd62f5521a25dfe24a4634a5ebd8"
[2025-08-31 17:08:14.711 -03:00] [INF] [101] Jellyfin.Plugin.PlaybackReporting.EventMonitorEntryPoint: Processing playback tracker : "e28afc93d871e52abe50cba6ea9c415a191ec208-66ef7bd1c406421895b8c43a8ff9f32c-2c00cd62f5521a25dfe24a4634a5ebd8"
[2025-08-31 17:08:34.761 -03:00] [INF] [101] Jellyfin.Plugin.PlaybackReporting.EventMonitorEntryPoint: Processing playback tracker : "e28afc93d871e52abe50cba6ea9c415a191ec208-66ef7bd1c406421895b8c43a8ff9f32c-2c00cd62f5521a25dfe24a4634a5ebd8"
[2025-08-31 17:08:54.826 -03:00] [INF] [44] Jellyfin.Plugin.PlaybackReporting.EventMonitorEntryPoint: Processing playback tracker : "e28afc93d871e52abe50cba6ea9c415a191ec208-66ef7bd1c406421895b8c43a8ff9f32c-2c00cd62f5521a25dfe24a4634a5ebd8"
[2025-08-31 17:09:07.133 -03:00] [INF] [44] IntroSkipper.ScheduledTasks.DetectSegmentsTask: Scheduled Task is starting
[2025-08-31 17:09:07.181 -03:00] [INF] [44] IntroSkipper.Manager.QueueManager: Running enqueue of items in library "Séries"
[2025-08-31 17:09:07.183 -03:00] [INF] [44] IntroSkipper.Manager.QueueManager: Running enqueue of items in library "Filmes"
[2025-08-31 17:09:07.193 -03:00] [INF] [101] Emby.Server.Implementations.ScheduledTasks.TaskManager: "Detect and Analyze Media Segments" Completed after 0 minute(s) and 0 seconds
[2025-08-31 17:09:14.878 -03:00] [INF] [82] Jellyfin.Plugin.PlaybackReporting.EventMonitorEntryPoint: Processing playback tracker : "e28afc93d871e52abe50cba6ea9c415a191ec208-66ef7bd1c406421895b8c43a8ff9f32c-2c00cd62f5521a25dfe24a4634a5ebd8"
[2025-08-31 17:09:34.922 -03:00] [INF] [84] Jellyfin.Plugin.PlaybackReporting.EventMonitorEntryPoint: Processing playback tracker : "e28afc93d871e52abe50cba6ea9c415a191ec208-66ef7bd1c406421895b8c43a8ff9f32c-2c00cd62f5521a25dfe24a4634a5ebd8"
[2025-08-31 17:09:54.978 -03:00] [INF] [158] Jellyfin.Plugin.PlaybackReporting.EventMonitorEntryPoint: Processing playback tracker : "e28afc93d871e52abe50cba6ea9c415a191ec208-66ef7bd1c406421895b8c43a8ff9f32c-2c00cd62f5521a25dfe24a4634a5ebd8"
[2025-08-31 17:10:15.031 -03:00] [INF] [44] Jellyfin.Plugin.PlaybackReporting.EventMonitorEntryPoint: Processing playback tracker : "e28afc93d871e52abe50cba6ea9c415a191ec208-66ef7bd1c406421895b8c43a8ff9f32c-2c00cd62f5521a25dfe24a4634a5ebd8"
[2025-08-31 17:10:35.083 -03:00] [INF] [84] Jellyfin.Plugin.PlaybackReporting.EventMonitorEntryPoint: Processing playback tracker : "e28afc93d871e52abe50cba6ea9c415a191ec208-66ef7bd1c406421895b8c43a8ff9f32c-2c00cd62f5521a25dfe24a4634a5ebd8"
[2025-08-31 17:10:39.208 -03:00] [INF] [82] Emby.Server.Implementations.Session.SessionWebSocketListener: Sending ForceKeepAlive message to 1 inactive WebSockets.
[2025-08-31 17:10:55.143 -03:00] [INF] [84] Jellyfin.Plugin.PlaybackReporting.EventMonitorEntryPoint: Processing playback tracker : "e28afc93d871e52abe50cba6ea9c415a191ec208-66ef7bd1c406421895b8c43a8ff9f32c-2c00cd62f5521a25dfe24a4634a5ebd8"
[2025-08-31 17:11:15.193 -03:00] [INF] [82] Jellyfin.Plugin.PlaybackReporting.EventMonitorEntryPoint: Processing playback tracker : "e28afc93d871e52abe50cba6ea9c415a191ec208-66ef7bd1c406421895b8c43a8ff9f32c-2c00cd62f5521a25dfe24a4634a5ebd8"
[2025-08-31 17:11:35.228 -03:00] [INF] [44] Jellyfin.Plugin.PlaybackReporting.EventMonitorEntryPoint: Processing playback tracker : "e28afc93d871e52abe50cba6ea9c415a191ec208-66ef7bd1c406421895b8c43a8ff9f32c-2c00cd62f5521a25dfe24a4634a5ebd8"
[2025-08-31 17:11:55.279 -03:00] [INF] [158] Jellyfin.Plugin.PlaybackReporting.EventMonitorEntryPoint: Processing playback tracker : "e28afc93d871e52abe50cba6ea9c415a191ec208-66ef7bd1c406421895b8c43a8ff9f32c-2c00cd62f5521a25dfe24a4634a5ebd8"
[2025-08-31 17:12:15.333 -03:00] [INF] [44] Jellyfin.Plugin.PlaybackReporting.EventMonitorEntryPoint: Processing playback tracker : "e28afc93d871e52abe50cba6ea9c415a191ec208-66ef7bd1c406421895b8c43a8ff9f32c-2c00cd62f5521a25dfe24a4634a5ebd8"
[2025-08-31 17:12:35.380 -03:00] [INF] [44] Jellyfin.Plugin.PlaybackReporting.EventMonitorEntryPoint: Processing playback tracker : "e28afc93d871e52abe50cba6ea9c415a191ec208-66ef7bd1c406421895b8c43a8ff9f32c-2c00cd62f5521a25dfe24a4634a5ebd8"
[2025-08-31 17:12:55.430 -03:00] [INF] [82] Jellyfin.Plugin.PlaybackReporting.EventMonitorEntryPoint: Processing playback tracker : "e28afc93d871e52abe50cba6ea9c415a191ec208-66ef7bd1c406421895b8c43a8ff9f32c-2c00cd62f5521a25dfe24a4634a5ebd8"
[2025-08-31 17:13:15.473 -03:00] [INF] [44] Jellyfin.Plugin.PlaybackReporting.EventMonitorEntryPoint: Processing playback tracker : "e28afc93d871e52abe50cba6ea9c415a191ec208-66ef7bd1c406421895b8c43a8ff9f32c-2c00cd62f5521a25dfe24a4634a5ebd8"
[2025-08-31 17:13:35.534 -03:00] [INF] [142] Jellyfin.Plugin.PlaybackReporting.EventMonitorEntryPoint: Processing playback tracker : "e28afc93d871e52abe50cba6ea9c415a191ec208-66ef7bd1c406421895b8c43a8ff9f32c-2c00cd62f5521a25dfe24a4634a5ebd8"
[2025-08-31 17:13:55.588 -03:00] [INF] [44] Jellyfin.Plugin.PlaybackReporting.EventMonitorEntryPoint: Processing playback tracker : "e28afc93d871e52abe50cba6ea9c415a191ec208-66ef7bd1c406421895b8c43a8ff9f32c-2c00cd62f5521a25dfe24a4634a5ebd8"
[2025-08-31 17:14:15.641 -03:00] [INF] [158] Jellyfin.Plugin.PlaybackReporting.EventMonitorEntryPoint: Processing playback tracker : "e28afc93d871e52abe50cba6ea9c415a191ec208-66ef7bd1c406421895b8c43a8ff9f32c-2c00cd62f5521a25dfe24a4634a5ebd8"
[2025-08-31 17:14:27.207 -03:00] [INF] [158] Emby.Server.Implementations.Session.SessionWebSocketListener: Sending ForceKeepAlive message to 1 inactive WebSockets.
[2025-08-31 17:14:35.671 -03:00] [INF] [84] Jellyfin.Plugin.PlaybackReporting.EventMonitorEntryPoint: Processing playback tracker : "e28afc93d871e52abe50cba6ea9c415a191ec208-66ef7bd1c406421895b8c43a8ff9f32c-2c00cd62f5521a25dfe24a4634a5ebd8"
[2025-08-31 17:14:55.725 -03:00] [INF] [158] Jellyfin.Plugin.PlaybackReporting.EventMonitorEntryPoint: Processing playback tracker : "e28afc93d871e52abe50cba6ea9c415a191ec208-66ef7bd1c406421895b8c43a8ff9f32c-2c00cd62f5521a25dfe24a4634a5ebd8"
[2025-08-31 17:15:15.789 -03:00] [INF] [160] Jellyfin.Plugin.PlaybackReporting.EventMonitorEntryPoint: Processing playback tracker : "e28afc93d871e52abe50cba6ea9c415a191ec208-66ef7bd1c406421895b8c43a8ff9f32c-2c00cd62f5521a25dfe24a4634a5ebd8"
[2025-08-31 17:15:35.851 -03:00] [INF] [160] Jellyfin.Plugin.PlaybackReporting.EventMonitorEntryPoint: Processing playback tracker : "e28afc93d871e52abe50cba6ea9c415a191ec208-66ef7bd1c406421895b8c43a8ff9f32c-2c00cd62f5521a25dfe24a4634a5ebd8"
[2025-08-31 17:15:55.891 -03:00] [INF] [160] Jellyfin.Plugin.PlaybackReporting.EventMonitorEntryPoint: Processing playback tracker : "e28afc93d871e52abe50cba6ea9c415a191ec208-66ef7bd1c406421895b8c43a8ff9f32c-2c00cd62f5521a25dfe24a4634a5ebd8"
[2025-08-31 17:16:15.946 -03:00] [INF] [153] Jellyfin.Plugin.PlaybackReporting.EventMonitorEntryPoint: Processing playback tracker : "e28afc93d871e52abe50cba6ea9c415a191ec208-66ef7bd1c406421895b8c43a8ff9f32c-2c00cd62f5521a25dfe24a4634a5ebd8"
[2025-08-31 17:16:35.994 -03:00] [INF] [56] Jellyfin.Plugin.PlaybackReporting.EventMonitorEntryPoint: Processing playback tracker : "e28afc93d871e52abe50cba6ea9c415a191ec208-66ef7bd1c406421895b8c43a8ff9f32c-2c00cd62f5521a25dfe24a4634a5ebd8"
[2025-08-31 17:16:56.051 -03:00] [INF] [56] Jellyfin.Plugin.PlaybackReporting.EventMonitorEntryPoint: Processing playback tracker : "e28afc93d871e52abe50cba6ea9c415a191ec208-66ef7bd1c406421895b8c43a8ff9f32c-2c00cd62f5521a25dfe24a4634a5ebd8"
[2025-08-31 17:17:16.110 -03:00] [INF] [142] Jellyfin.Plugin.PlaybackReporting.EventMonitorEntryPoint: Processing playback tracker : "e28afc93d871e52abe50cba6ea9c415a191ec208-66ef7bd1c406421895b8c43a8ff9f32c-2c00cd62f5521a25dfe24a4634a5ebd8"
[2025-08-31 17:17:36.146 -03:00] [INF] [160] Jellyfin.Plugin.PlaybackReporting.EventMonitorEntryPoint: Processing playback tracker : "e28afc93d871e52abe50cba6ea9c415a191ec208-66ef7bd1c406421895b8c43a8ff9f32c-2c00cd62f5521a25dfe24a4634a5ebd8"
[2025-08-31 17:17:56.198 -03:00] [INF] [153] Jellyfin.Plugin.PlaybackReporting.EventMonitorEntryPoint: Processing playback tracker : "e28afc93d871e52abe50cba6ea9c415a191ec208-66ef7bd1c406421895b8c43a8ff9f32c-2c00cd62f5521a25dfe24a4634a5ebd8"
[2025-08-31 17:18:16.250 -03:00] [INF] [56] Jellyfin.Plugin.PlaybackReporting.EventMonitorEntryPoint: Processing playback tracker : "e28afc93d871e52abe50cba6ea9c415a191ec208-66ef7bd1c406421895b8c43a8ff9f32c-2c00cd62f5521a25dfe24a4634a5ebd8"
[2025-08-31 17:18:36.299 -03:00] [INF] [84] Jellyfin.Plugin.PlaybackReporting.EventMonitorEntryPoint: Processing playback tracker : "e28afc93d871e52abe50cba6ea9c415a191ec208-66ef7bd1c406421895b8c43a8ff9f32c-2c00cd62f5521a25dfe24a4634a5ebd8"
[2025-08-31 17:18:51.208 -03:00] [INF] [84] Emby.Server.Implementations.Session.SessionWebSocketListener: Sending ForceKeepAlive message to 1 inactive WebSockets.
[2025-08-31 17:18:56.351 -03:00] [INF] [153] Jellyfin.Plugin.PlaybackReporting.EventMonitorEntryPoint: Processing playback tracker : "e28afc93d871e52abe50cba6ea9c415a191ec208-66ef7bd1c406421895b8c43a8ff9f32c-2c00cd62f5521a25dfe24a4634a5ebd8"
[2025-08-31 17:19:16.412 -03:00] [INF] [165] Jellyfin.Plugin.PlaybackReporting.EventMonitorEntryPoint: Processing playback tracker : "e28afc93d871e52abe50cba6ea9c415a191ec208-66ef7bd1c406421895b8c43a8ff9f32c-2c00cd62f5521a25dfe24a4634a5ebd8"
[2025-08-31 17:19:36.440 -03:00] [INF] [56] Jellyfin.Plugin.PlaybackReporting.EventMonitorEntryPoint: Processing playback tracker : "e28afc93d871e52abe50cba6ea9c415a191ec208-66ef7bd1c406421895b8c43a8ff9f32c-2c00cd62f5521a25dfe24a4634a5ebd8"
[2025-08-31 17:19:56.500 -03:00] [INF] [165] Jellyfin.Plugin.PlaybackReporting.EventMonitorEntryPoint: Processing playback tracker : "e28afc93d871e52abe50cba6ea9c415a191ec208-66ef7bd1c406421895b8c43a8ff9f32c-2c00cd62f5521a25dfe24a4634a5ebd8"
[2025-08-31 17:20:16.553 -03:00] [INF] [71] Jellyfin.Plugin.PlaybackReporting.EventMonitorEntryPoint: Processing playback tracker : "e28afc93d871e52abe50cba6ea9c415a191ec208-66ef7bd1c406421895b8c43a8ff9f32c-2c00cd62f5521a25dfe24a4634a5ebd8"
[2025-08-31 17:20:36.601 -03:00] [INF] [71] Jellyfin.Plugin.PlaybackReporting.EventMonitorEntryPoint: Processing playback tracker : "e28afc93d871e52abe50cba6ea9c415a191ec208-66ef7bd1c406421895b8c43a8ff9f32c-2c00cd62f5521a25dfe24a4634a5ebd8"
[2025-08-31 17:20:56.656 -03:00] [INF] [71] Jellyfin.Plugin.PlaybackReporting.EventMonitorEntryPoint: Processing playback tracker : "e28afc93d871e52abe50cba6ea9c415a191ec208-66ef7bd1c406421895b8c43a8ff9f32c-2c00cd62f5521a25dfe24a4634a5ebd8"
[2025-08-31 17:21:16.709 -03:00] [INF] [10] Jellyfin.Plugin.PlaybackReporting.EventMonitorEntryPoint: Processing playback tracker : "e28afc93d871e52abe50cba6ea9c415a191ec208-66ef7bd1c406421895b8c43a8ff9f32c-2c00cd62f5521a25dfe24a4634a5ebd8"
[2025-08-31 17:21:36.757 -03:00] [INF] [56] Jellyfin.Plugin.PlaybackReporting.EventMonitorEntryPoint: Processing playback tracker : "e28afc93d871e52abe50cba6ea9c415a191ec208-66ef7bd1c406421895b8c43a8ff9f32c-2c00cd62f5521a25dfe24a4634a5ebd8"
[2025-08-31 17:21:56.809 -03:00] [INF] [165] Jellyfin.Plugin.PlaybackReporting.EventMonitorEntryPoint: Processing playback tracker : "e28afc93d871e52abe50cba6ea9c415a191ec208-66ef7bd1c406421895b8c43a8ff9f32c-2c00cd62f5521a25dfe24a4634a5ebd8"
[2025-08-31 17:22:16.866 -03:00] [INF] [56] Jellyfin.Plugin.PlaybackReporting.EventMonitorEntryPoint: Processing playback tracker : "e28afc93d871e52abe50cba6ea9c415a191ec208-66ef7bd1c406421895b8c43a8ff9f32c-2c00cd62f5521a25dfe24a4634a5ebd8"
[2025-08-31 17:22:36.909 -03:00] [INF] [10] Jellyfin.Plugin.PlaybackReporting.EventMonitorEntryPoint: Processing playback tracker : "e28afc93d871e52abe50cba6ea9c415a191ec208-66ef7bd1c406421895b8c43a8ff9f32c-2c00cd62f5521a25dfe24a4634a5ebd8"
[2025-08-31 17:22:39.208 -03:00] [INF] [56] Emby.Server.Implementations.Session.SessionWebSocketListener: Sending ForceKeepAlive message to 1 inactive WebSockets.
[2025-08-31 17:22:56.974 -03:00] [INF] [56] Jellyfin.Plugin.PlaybackReporting.EventMonitorEntryPoint: Processing playback tracker : "e28afc93d871e52abe50cba6ea9c415a191ec208-66ef7bd1c406421895b8c43a8ff9f32c-2c00cd62f5521a25dfe24a4634a5ebd8"
[2025-08-31 17:23:17.014 -03:00] [INF] [174] Jellyfin.Plugin.PlaybackReporting.EventMonitorEntryPoint: Processing playback tracker : "e28afc93d871e52abe50cba6ea9c415a191ec208-66ef7bd1c406421895b8c43a8ff9f32c-2c00cd62f5521a25dfe24a4634a5ebd8"
[2025-08-31 17:23:37.050 -03:00] [INF] [56] Jellyfin.Plugin.PlaybackReporting.EventMonitorEntryPoint: Processing playback tracker : "e28afc93d871e52abe50cba6ea9c415a191ec208-66ef7bd1c406421895b8c43a8ff9f32c-2c00cd62f5521a25dfe24a4634a5ebd8"
[2025-08-31 17:23:57.107 -03:00] [INF] [142] Jellyfin.Plugin.PlaybackReporting.EventMonitorEntryPoint: Processing playback tracker : "e28afc93d871e52abe50cba6ea9c415a191ec208-66ef7bd1c406421895b8c43a8ff9f32c-2c00cd62f5521a25dfe24a4634a5ebd8"
[2025-08-31 17:24:17.159 -03:00] [INF] [56] Jellyfin.Plugin.PlaybackReporting.EventMonitorEntryPoint: Processing playback tracker : "e28afc93d871e52abe50cba6ea9c415a191ec208-66ef7bd1c406421895b8c43a8ff9f32c-2c00cd62f5521a25dfe24a4634a5ebd8"
[2025-08-31 17:24:37.212 -03:00] [INF] [10] Jellyfin.Plugin.PlaybackReporting.EventMonitorEntryPoint: Processing playback tracker : "e28afc93d871e52abe50cba6ea9c415a191ec208-66ef7bd1c406421895b8c43a8ff9f32c-2c00cd62f5521a25dfe24a4634a5ebd8"
[2025-08-31 17:24:57.282 -03:00] [INF] [147] Jellyfin.Plugin.PlaybackReporting.EventMonitorEntryPoint: Processing playback tracker : "e28afc93d871e52abe50cba6ea9c415a191ec208-66ef7bd1c406421895b8c43a8ff9f32c-2c00cd62f5521a25dfe24a4634a5ebd8"
[2025-08-31 17:25:17.336 -03:00] [INF] [58] Jellyfin.Plugin.PlaybackReporting.EventMonitorEntryPoint: Processing playback tracker : "e28afc93d871e52abe50cba6ea9c415a191ec208-66ef7bd1c406421895b8c43a8ff9f32c-2c00cd62f5521a25dfe24a4634a5ebd8"
[2025-08-31 17:25:37.375 -03:00] [INF] [142] Jellyfin.Plugin.PlaybackReporting.EventMonitorEntryPoint: Processing playback tracker : "e28afc93d871e52abe50cba6ea9c415a191ec208-66ef7bd1c406421895b8c43a8ff9f32c-2c00cd62f5521a25dfe24a4634a5ebd8"
[2025-08-31 17:25:57.430 -03:00] [INF] [58] Jellyfin.Plugin.PlaybackReporting.EventMonitorEntryPoint: Processing playback tracker : "e28afc93d871e52abe50cba6ea9c415a191ec208-66ef7bd1c406421895b8c43a8ff9f32c-2c00cd62f5521a25dfe24a4634a5ebd8"
[2025-08-31 17:26:17.481 -03:00] [INF] [147] Jellyfin.Plugin.PlaybackReporting.EventMonitorEntryPoint: Processing playback tracker : "e28afc93d871e52abe50cba6ea9c415a191ec208-66ef7bd1c406421895b8c43a8ff9f32c-2c00cd62f5521a25dfe24a4634a5ebd8"
[2025-08-31 17:26:27.208 -03:00] [INF] [49] Emby.Server.Implementations.Session.SessionWebSocketListener: Sending ForceKeepAlive message to 1 inactive WebSockets.
[2025-08-31 17:26:37.526 -03:00] [INF] [142] Jellyfin.Plugin.PlaybackReporting.EventMonitorEntryPoint: Processing playback tracker : "e28afc93d871e52abe50cba6ea9c415a191ec208-66ef7bd1c406421895b8c43a8ff9f32c-2c00cd62f5521a25dfe24a4634a5ebd8"
[2025-08-31 17:26:57.581 -03:00] [INF] [58] Jellyfin.Plugin.PlaybackReporting.EventMonitorEntryPoint: Processing playback tracker : "e28afc93d871e52abe50cba6ea9c415a191ec208-66ef7bd1c406421895b8c43a8ff9f32c-2c00cd62f5521a25dfe24a4634a5ebd8"
[2025-08-31 17:27:17.638 -03:00] [INF] [147] Jellyfin.Plugin.PlaybackReporting.EventMonitorEntryPoint: Processing playback tracker : "e28afc93d871e52abe50cba6ea9c415a191ec208-66ef7bd1c406421895b8c43a8ff9f32c-2c00cd62f5521a25dfe24a4634a5ebd8"
[2025-08-31 17:27:29.866 -03:00] [INF] [58] Emby.Server.Implementations.Session.SessionManager: Playback stopped reported by app "Android TV" "0.18.11" playing "Primeiro dia". Stopped at "1600276" ms
[2025-08-31 17:27:29.877 -03:00] [INF] [58] Jellyfin.Plugin.PlaybackReporting.EventMonitorEntryPoint: Playback stop tracker found, processing stop : "e28afc93d871e52abe50cba6ea9c415a191ec208-66ef7bd1c406421895b8c43a8ff9f32c-2c00cd62f5521a25dfe24a4634a5ebd8"
[2025-08-31 17:27:29.877 -03:00] [INF] [58] Jellyfin.Plugin.PlaybackReporting.Data.PlaybackTracker: PlaybackTracker : Adding Stop Event : 08/31/2025 17:27:29
[2025-08-31 17:27:29.877 -03:00] [INF] [58] Jellyfin.Plugin.PlaybackReporting.EventMonitorEntryPoint: Saving playback tracking activity in DB
[2025-08-31 17:30:51.207 -03:00] [INF] [174] Emby.Server.Implementations.Session.SessionWebSocketListener: Sending ForceKeepAlive message to 1 inactive WebSockets.
[2025-08-31 17:34:39.208 -03:00] [INF] [174] Emby.Server.Implementations.Session.SessionWebSocketListener: Sending ForceKeepAlive message to 1 inactive WebSockets.
[2025-08-31 17:38:27.208 -03:00] [INF] [56] Emby.Server.Implementations.Session.SessionWebSocketListener: Sending ForceKeepAlive message to 1 inactive WebSockets.
[2025-08-31 17:42:51.208 -03:00] [INF] [153] Emby.Server.Implementations.Session.SessionWebSocketListener: Sending ForceKeepAlive message to 1 inactive WebSockets.
[2025-08-31 17:43:39.208 -03:00] [INF] [56] Emby.Server.Implementations.Session.SessionWebSocketListener: Sending ForceKeepAlive message to 1 inactive WebSockets.
[2025-08-31 17:43:51.214 -03:00] [INF] [56] Emby.Server.Implementations.Session.SessionWebSocketListener: Lost 1 WebSockets.
[2025-08-31 17:46:39.208 -03:00] [INF] [97] Emby.Server.Implementations.Session.SessionWebSocketListener: Sending ForceKeepAlive message to 1 inactive WebSockets.
[2025-08-31 17:50:27.208 -03:00] [INF] [123] Emby.Server.Implementations.Session.SessionWebSocketListener: Sending ForceKeepAlive message to 1 inactive WebSockets.
[2025-08-31 17:54:51.208 -03:00] [INF] [98] Emby.Server.Implementations.Session.SessionWebSocketListener: Sending ForceKeepAlive message to 1 inactive WebSockets.
[2025-08-31 17:58:39.208 -03:00] [INF] [97] Emby.Server.Implementations.Session.SessionWebSocketListener: Sending ForceKeepAlive message to 1 inactive WebSockets.
[2025-08-31 17:59:40.684 -03:00] [WRN] [146] Emby.Server.Implementations.HttpServer.WebSocketConnection: WS "192.168.1.10" error receiving data: "The remote party closed the WebSocket connection without completing the close handshake."
[2025-08-31 17:59:40.725 -03:00] [INF] [146] Emby.Server.Implementations.HttpServer.WebSocketManager: WS "192.168.1.10" closed
[2025-08-31 18:02:27.208 -03:00] [INF] [84] Emby.Server.Implementations.Session.SessionWebSocketListener: Sending ForceKeepAlive message to 1 inactive WebSockets.
[2025-08-31 18:06:51.208 -03:00] [INF] [170] Emby.Server.Implementations.Session.SessionWebSocketListener: Sending ForceKeepAlive message to 1 inactive WebSockets.
[2025-08-31 18:10:39.207 -03:00] [INF] [170] Emby.Server.Implementations.Session.SessionWebSocketListener: Sending ForceKeepAlive message to 1 inactive WebSockets.
[2025-08-31 18:12:25.134 -03:00] [WRN] [102] Emby.Server.Implementations.HttpServer.WebSocketConnection: WS "192.168.1.2" error receiving data: "The remote party closed the WebSocket connection without completing the close handshake."
[2025-08-31 18:12:25.148 -03:00] [INF] [102] Emby.Server.Implementations.HttpServer.WebSocketManager: WS "192.168.1.2" closed
[2025-08-31 18:14:27.207 -03:00] [INF] [102] Emby.Server.Implementations.Session.SessionWebSocketListener: Sending ForceKeepAlive message to 1 inactive WebSockets.
[2025-08-31 18:18:51.208 -03:00] [INF] [168] Emby.Server.Implementations.Session.SessionWebSocketListener: Sending ForceKeepAlive message to 1 inactive WebSockets.
[2025-08-31 18:22:39.208 -03:00] [INF] [125] Emby.Server.Implementations.Session.SessionWebSocketListener: Sending ForceKeepAlive message to 1 inactive WebSockets.
[2025-08-31 18:26:27.208 -03:00] [INF] [175] Emby.Server.Implementations.Session.SessionWebSocketListener: Sending ForceKeepAlive message to 1 inactive WebSockets.
[2025-08-31 18:30:51.208 -03:00] [INF] [81] Emby.Server.Implementations.Session.SessionWebSocketListener: Sending ForceKeepAlive message to 1 inactive WebSockets.
[2025-08-31 18:34:39.208 -03:00] [INF] [74] Emby.Server.Implementations.Session.SessionWebSocketListener: Sending ForceKeepAlive message to 1 inactive WebSockets.
[2025-08-31 18:38:27.208 -03:00] [INF] [168] Emby.Server.Implementations.Session.SessionWebSocketListener: Sending ForceKeepAlive message to 1 inactive WebSockets.
[2025-08-31 18:42:51.209 -03:00] [INF] [33] Emby.Server.Implementations.Session.SessionWebSocketListener: Sending ForceKeepAlive message to 1 inactive WebSockets.
[2025-08-31 18:46:39.208 -03:00] [INF] [98] Emby.Server.Implementations.Session.SessionWebSocketListener: Sending ForceKeepAlive message to 1 inactive WebSockets.
[2025-08-31 18:50:27.208 -03:00] [INF] [10] Emby.Server.Implementations.Session.SessionWebSocketListener: Sending ForceKeepAlive message to 1 inactive WebSockets.
[2025-08-31 18:54:51.208 -03:00] [INF] [68] Emby.Server.Implementations.Session.SessionWebSocketListener: Sending ForceKeepAlive message to 1 inactive WebSockets.
[2025-08-31 18:58:39.208 -03:00] [INF] [8] Emby.Server.Implementations.Session.SessionWebSocketListener: Sending ForceKeepAlive message to 1 inactive WebSockets.
[2025-08-31 19:02:27.207 -03:00] [INF] [60] Emby.Server.Implementations.Session.SessionWebSocketListener: Sending ForceKeepAlive message to 1 inactive WebSockets.
[2025-08-31 19:06:51.208 -03:00] [INF] [173] Emby.Server.Implementations.Session.SessionWebSocketListener: Sending ForceKeepAlive message to 1 inactive WebSockets.
[2025-08-31 19:10:39.208 -03:00] [INF] [48] Emby.Server.Implementations.Session.SessionWebSocketListener: Sending ForceKeepAlive message to 1 inactive WebSockets.
[2025-08-31 19:14:27.208 -03:00] [INF] [173] Emby.Server.Implementations.Session.SessionWebSocketListener: Sending ForceKeepAlive message to 1 inactive WebSockets.
[2025-08-31 19:18:51.208 -03:00] [INF] [25] Emby.Server.Implementations.Session.SessionWebSocketListener: Sending ForceKeepAlive message to 1 inactive WebSockets.
[2025-08-31 19:22:39.208 -03:00] [INF] [107] Emby.Server.Implementations.Session.SessionWebSocketListener: Sending ForceKeepAlive message to 1 inactive WebSockets.
[2025-08-31 19:26:27.208 -03:00] [INF] [141] Emby.Server.Implementations.Session.SessionWebSocketListener: Sending ForceKeepAlive message to 1 inactive WebSockets.
[2025-08-31 19:30:51.207 -03:00] [INF] [170] Emby.Server.Implementations.Session.SessionWebSocketListener: Sending ForceKeepAlive message to 1 inactive WebSockets.
[2025-08-31 19:34:39.208 -03:00] [INF] [94] Emby.Server.Implementations.Session.SessionWebSocketListener: Sending ForceKeepAlive message to 1 inactive WebSockets.
[2025-08-31 19:38:27.208 -03:00] [INF] [124] Emby.Server.Implementations.Session.SessionWebSocketListener: Sending ForceKeepAlive message to 1 inactive WebSockets.
[2025-08-31 19:42:51.208 -03:00] [INF] [167] Emby.Server.Implementations.Session.SessionWebSocketListener: Sending ForceKeepAlive message to 1 inactive WebSockets.
[2025-08-31 19:46:39.208 -03:00] [INF] [175] Emby.Server.Implementations.Session.SessionWebSocketListener: Sending ForceKeepAlive message to 1 inactive WebSockets.
[2025-08-31 19:50:27.209 -03:00] [INF] [117] Emby.Server.Implementations.Session.SessionWebSocketListener: Sending ForceKeepAlive message to 1 inactive WebSockets.
[2025-08-31 19:54:51.208 -03:00] [INF] [46] Emby.Server.Implementations.Session.SessionWebSocketListener: Sending ForceKeepAlive message to 1 inactive WebSockets.
[2025-08-31 19:58:39.208 -03:00] [INF] [105] Emby.Server.Implementations.Session.SessionWebSocketListener: Sending ForceKeepAlive message to 1 inactive WebSockets.
[2025-08-31 20:02:27.208 -03:00] [INF] [179] Emby.Server.Implementations.Session.SessionWebSocketListener: Sending ForceKeepAlive message to 1 inactive WebSockets.
[2025-08-31 20:06:51.207 -03:00] [INF] [17] Emby.Server.Implementations.Session.SessionWebSocketListener: Sending ForceKeepAlive message to 1 inactive WebSockets.
[2025-08-31 20:10:39.208 -03:00] [INF] [95] Emby.Server.Implementations.Session.SessionWebSocketListener: Sending ForceKeepAlive message to 1 inactive WebSockets.
[2025-08-31 20:14:27.208 -03:00] [INF] [144] Emby.Server.Implementations.Session.SessionWebSocketListener: Sending ForceKeepAlive message to 1 inactive WebSockets.
[2025-08-31 20:18:51.208 -03:00] [INF] [175] Emby.Server.Implementations.Session.SessionWebSocketListener: Sending ForceKeepAlive message to 1 inactive WebSockets.
[2025-08-31 20:22:39.208 -03:00] [INF] [176] Emby.Server.Implementations.Session.SessionWebSocketListener: Sending ForceKeepAlive message to 1 inactive WebSockets.
[2025-08-31 20:26:27.208 -03:00] [INF] [33] Emby.Server.Implementations.Session.SessionWebSocketListener: Sending ForceKeepAlive message to 1 inactive WebSockets.
[2025-08-31 20:30:51.208 -03:00] [INF] [146] Emby.Server.Implementations.Session.SessionWebSocketListener: Sending ForceKeepAlive message to 1 inactive WebSockets.
[2025-08-31 20:34:39.208 -03:00] [INF] [141] Emby.Server.Implementations.Session.SessionWebSocketListener: Sending ForceKeepAlive message to 1 inactive WebSockets.
[2025-08-31 20:40:27.195 -03:00] [INF] [25] Emby.Server.Implementations.HttpServer.WebSocketManager: WS "192.168.1.7" closed
[2025-08-31 20:40:28.827 -03:00] [INF] [73] Emby.Server.Implementations.HttpServer.WebSocketManager: WS "192.168.1.7" request
[2025-08-31 20:40:38.098 -03:00] [INF] [65] Jellyfin.Api.Helpers.MediaInfoHelper: User policy for "luiz". EnablePlaybackRemuxing: True EnableVideoPlaybackTranscoding: True EnableAudioPlaybackTranscoding: True
[2025-08-31 20:40:40.538 -03:00] [INF] [128] Jellyfin.Api.Controllers.DynamicHlsController: Current HLS implementation doesn't support non-keyframe breaks but one is requested, ignoring that request
[2025-08-31 20:40:40.546 -03:00] [INF] [128] MediaBrowser.MediaEncoding.Transcoding.TranscodeManager: "/usr/lib/jellyfin-ffmpeg/ffmpeg" "-analyzeduration 200M -probesize 1G -fflags +genpts  -i file:\"/data/serie/Invasion.S01e10.1080p.WEB-DL.DUAL/Invasion.S01e10.1080p.WEB-DL.DUAL.mkv\" -map_metadata -1 -map_chapters -1 -threads 6 -map 0:0 -map 0:1 -map -0:s -codec:v:0 copy -bsf:v h264_mp4toannexb -start_at_zero -codec:a:0 libfdk_aac -ac 2 -ab 256000 -af \"volume=2\" -copyts -avoid_negative_ts disabled -max_muxing_queue_size 2048 -f hls -max_delay 5000000 -hls_time 6 -hls_segment_type fmp4 -hls_fmp4_init_filename \"5c0cf9c382d828d23fddb7b0f7740122-1.mp4\" -start_number 0 -hls_segment_filename \"/config/cache/transcodes/5c0cf9c382d828d23fddb7b0f7740122%d.mp4\" -hls_playlist_type vod -hls_list_size 0 -y \"/config/cache/transcodes/5c0cf9c382d828d23fddb7b0f7740122.m3u8\""
[2025-08-31 20:40:40.896 -03:00] [INF] [25] MediaBrowser.Controller.MediaEncoding.TranscodingJob: Stopping ffmpeg process with q command for "/config/cache/transcodes/5c0cf9c382d828d23fddb7b0f7740122.m3u8"
[2025-08-31 20:40:41.259 -03:00] [INF] [25] MediaBrowser.MediaEncoding.Transcoding.TranscodeManager: FFmpeg exited with code 0
[2025-08-31 20:40:41.260 -03:00] [INF] [25] Jellyfin.Api.Controllers.DynamicHlsController: Current HLS implementation doesn't support non-keyframe breaks but one is requested, ignoring that request
[2025-08-31 20:40:41.262 -03:00] [INF] [25] MediaBrowser.MediaEncoding.Transcoding.TranscodeManager: "/usr/lib/jellyfin-ffmpeg/ffmpeg" "-analyzeduration 200M -probesize 1G -ss 00:26:36.850 -noaccurate_seek -fflags +genpts  -i file:\"/data/serie/Invasion.S01e10.1080p.WEB-DL.DUAL/Invasion.S01e10.1080p.WEB-DL.DUAL.mkv\" -map_metadata -1 -map_chapters -1 -threads 6 -map 0:0 -map 0:1 -map -0:s -codec:v:0 copy -bsf:v h264_mp4toannexb -start_at_zero -codec:a:0 libfdk_aac -ac 2 -ab 256000 -af \"volume=2\" -copyts -avoid_negative_ts disabled -max_muxing_queue_size 2048 -f hls -max_delay 5000000 -hls_time 6 -hls_segment_type fmp4 -hls_fmp4_init_filename \"5c0cf9c382d828d23fddb7b0f7740122-1.mp4\" -start_number 266 -hls_segment_filename \"/config/cache/transcodes/5c0cf9c382d828d23fddb7b0f7740122%d.mp4\" -hls_playlist_type vod -hls_list_size 0 -y \"/config/cache/transcodes/5c0cf9c382d828d23fddb7b0f7740122.m3u8\""
[2025-08-31 20:40:56.912 -03:00] [INF] [161] Jellyfin.Plugin.PlaybackReporting.EventMonitorEntryPoint: Adding playback tracker : TW96aWxsYS81LjAgKFdpbmRvd3MgTlQgMTAuMDsgV2luNjQ7IHg2NCkgQXBwbGVXZWJLaXQvNTM3LjM2IChLSFRNTCwgbGlrZSBHZWNrbykgQ2hyb21lLzEzNS4wLjAuMCBTYWZhcmkvNTM3LjM2fDE3NDU4ODQ3MTg3NDA1-66ef7bd1c406421895b8c43a8ff9f32c-2c00cd62f5521a25dfe24a4634a5ebd8
[2025-08-31 20:40:56.914 -03:00] [INF] [161] Jellyfin.Plugin.PlaybackReporting.Data.PlaybackTracker: PlaybackTracker : Adding Start Event : 08/31/2025 20:40:56
[2025-08-31 20:40:56.914 -03:00] [INF] [161] Jellyfin.Plugin.PlaybackReporting.EventMonitorEntryPoint: Creating StartPlaybackTimer Task
[2025-08-31 20:40:56.915 -03:00] [INF] [25] Jellyfin.Plugin.PlaybackReporting.EventMonitorEntryPoint: StartPlaybackTimer : Entered
[2025-08-31 20:40:57.208 -03:00] [INF] [25] Jellyfin.Plugin.PlaybackReporting.EventMonitorEntryPoint: Processing playback tracker : "TW96aWxsYS81LjAgKFdpbmRvd3MgTlQgMTAuMDsgV2luNjQ7IHg2NCkgQXBwbGVXZWJLaXQvNTM3LjM2IChLSFRNTCwgbGlrZSBHZWNrbykgQ2hyb21lLzEzNS4wLjAuMCBTYWZhcmkvNTM3LjM2fDE3NDU4ODQ3MTg3NDA1-66ef7bd1c406421895b8c43a8ff9f32c-2c00cd62f5521a25dfe24a4634a5ebd8"
[2025-08-31 20:41:16.917 -03:00] [INF] [25] Jellyfin.Plugin.PlaybackReporting.EventMonitorEntryPoint: session.RemoteEndPoint : "192.168.1.7"
[2025-08-31 20:41:16.918 -03:00] [INF] [25] Jellyfin.Plugin.PlaybackReporting.EventMonitorEntryPoint: StartPlaybackTimer : event_playing_id     = "2c00cd62f5521a25dfe24a4634a5ebd8"
[2025-08-31 20:41:16.918 -03:00] [INF] [25] Jellyfin.Plugin.PlaybackReporting.EventMonitorEntryPoint: StartPlaybackTimer : event_user_id        = "66ef7bd1c406421895b8c43a8ff9f32c"
[2025-08-31 20:41:16.918 -03:00] [INF] [25] Jellyfin.Plugin.PlaybackReporting.EventMonitorEntryPoint: StartPlaybackTimer : event_user_id_int    = 1
[2025-08-31 20:41:16.918 -03:00] [INF] [25] Jellyfin.Plugin.PlaybackReporting.EventMonitorEntryPoint: StartPlaybackTimer : session_playing_id   = "2c00cd62f5521a25dfe24a4634a5ebd8"
[2025-08-31 20:41:16.918 -03:00] [INF] [25] Jellyfin.Plugin.PlaybackReporting.EventMonitorEntryPoint: StartPlaybackTimer : session_user_id      = "66ef7bd1c406421895b8c43a8ff9f32c"
[2025-08-31 20:41:16.918 -03:00] [INF] [25] Jellyfin.Plugin.PlaybackReporting.EventMonitorEntryPoint: StartPlaybackTimer : play_method          = "Transcode (v:direct a:aac)"
[2025-08-31 20:41:16.918 -03:00] [INF] [25] Jellyfin.Plugin.PlaybackReporting.EventMonitorEntryPoint: StartPlaybackTimer : e.ClientName         = "Jellyfin Web"
[2025-08-31 20:41:16.918 -03:00] [INF] [25] Jellyfin.Plugin.PlaybackReporting.EventMonitorEntryPoint: StartPlaybackTimer : e.DeviceName         = "Chrome"
[2025-08-31 20:41:16.918 -03:00] [INF] [25] Jellyfin.Plugin.PlaybackReporting.EventMonitorEntryPoint: StartPlaybackTimer : ItemName             = "Invasão - s01e10 - Primeiro dia"
[2025-08-31 20:41:16.918 -03:00] [INF] [25] Jellyfin.Plugin.PlaybackReporting.EventMonitorEntryPoint: StartPlaybackTimer : ItemId               = "2c00cd62f5521a25dfe24a4634a5ebd8"
[2025-08-31 20:41:16.918 -03:00] [INF] [25] Jellyfin.Plugin.PlaybackReporting.EventMonitorEntryPoint: StartPlaybackTimer : ItemType             = "Episode"
[2025-08-31 20:41:16.918 -03:00] [INF] [25] Jellyfin.Plugin.PlaybackReporting.EventMonitorEntryPoint: StartPlaybackTimer : All matches, playback registered
[2025-08-31 20:41:16.918 -03:00] [INF] [25] Jellyfin.Plugin.PlaybackReporting.EventMonitorEntryPoint: Playback tracker found, adding playback info : "TW96aWxsYS81LjAgKFdpbmRvd3MgTlQgMTAuMDsgV2luNjQ7IHg2NCkgQXBwbGVXZWJLaXQvNTM3LjM2IChLSFRNTCwgbGlrZSBHZWNrbykgQ2hyb21lLzEzNS4wLjAuMCBTYWZhcmkvNTM3LjM2fDE3NDU4ODQ3MTg3NDA1-66ef7bd1c406421895b8c43a8ff9f32c-2c00cd62f5521a25dfe24a4634a5ebd8"
[2025-08-31 20:41:16.918 -03:00] [INF] [25] Jellyfin.Plugin.PlaybackReporting.EventMonitorEntryPoint: Saving playback tracking activity in DB
[2025-08-31 20:41:16.925 -03:00] [INF] [25] Jellyfin.Plugin.PlaybackReporting.EventMonitorEntryPoint: StartPlaybackTimer : Exited
[2025-08-31 20:41:17.596 -03:00] [INF] [65] Jellyfin.Plugin.PlaybackReporting.EventMonitorEntryPoint: Processing playback tracker : "TW96aWxsYS81LjAgKFdpbmRvd3MgTlQgMTAuMDsgV2luNjQ7IHg2NCkgQXBwbGVXZWJLaXQvNTM3LjM2IChLSFRNTCwgbGlrZSBHZWNrbykgQ2hyb21lLzEzNS4wLjAuMCBTYWZhcmkvNTM3LjM2fDE3NDU4ODQ3MTg3NDA1-66ef7bd1c406421895b8c43a8ff9f32c-2c00cd62f5521a25dfe24a4634a5ebd8"
[2025-08-31 20:41:26.589 -03:00] [INF] [128] MediaBrowser.MediaEncoding.Transcoding.TranscodeManager: FFmpeg exited with code 0
[2025-08-31 20:41:38.116 -03:00] [INF] [65] Jellyfin.Plugin.PlaybackReporting.EventMonitorEntryPoint: Processing playback tracker : "TW96aWxsYS81LjAgKFdpbmRvd3MgTlQgMTAuMDsgV2luNjQ7IHg2NCkgQXBwbGVXZWJLaXQvNTM3LjM2IChLSFRNTCwgbGlrZSBHZWNrbykgQ2hyb21lLzEzNS4wLjAuMCBTYWZhcmkvNTM3LjM2fDE3NDU4ODQ3MTg3NDA1-66ef7bd1c406421895b8c43a8ff9f32c-2c00cd62f5521a25dfe24a4634a5ebd8"
[2025-08-31 20:41:58.190 -03:00] [INF] [73] Jellyfin.Plugin.PlaybackReporting.EventMonitorEntryPoint: Processing playback tracker : "TW96aWxsYS81LjAgKFdpbmRvd3MgTlQgMTAuMDsgV2luNjQ7IHg2NCkgQXBwbGVXZWJLaXQvNTM3LjM2IChLSFRNTCwgbGlrZSBHZWNrbykgQ2hyb21lLzEzNS4wLjAuMCBTYWZhcmkvNTM3LjM2fDE3NDU4ODQ3MTg3NDA1-66ef7bd1c406421895b8c43a8ff9f32c-2c00cd62f5521a25dfe24a4634a5ebd8"
[2025-08-31 20:42:19.136 -03:00] [INF] [25] Jellyfin.Plugin.PlaybackReporting.EventMonitorEntryPoint: Processing playback tracker : "TW96aWxsYS81LjAgKFdpbmRvd3MgTlQgMTAuMDsgV2luNjQ7IHg2NCkgQXBwbGVXZWJLaXQvNTM3LjM2IChLSFRNTCwgbGlrZSBHZWNrbykgQ2hyb21lLzEzNS4wLjAuMCBTYWZhcmkvNTM3LjM2fDE3NDU4ODQ3MTg3NDA1-66ef7bd1c406421895b8c43a8ff9f32c-2c00cd62f5521a25dfe24a4634a5ebd8"
[2025-08-31 20:42:39.149 -03:00] [INF] [73] Jellyfin.Plugin.PlaybackReporting.EventMonitorEntryPoint: Processing playback tracker : "TW96aWxsYS81LjAgKFdpbmRvd3MgTlQgMTAuMDsgV2luNjQ7IHg2NCkgQXBwbGVXZWJLaXQvNTM3LjM2IChLSFRNTCwgbGlrZSBHZWNrbykgQ2hyb21lLzEzNS4wLjAuMCBTYWZhcmkvNTM3LjM2fDE3NDU4ODQ3MTg3NDA1-66ef7bd1c406421895b8c43a8ff9f32c-2c00cd62f5521a25dfe24a4634a5ebd8"
[2025-08-31 20:42:59.169 -03:00] [INF] [65] Jellyfin.Plugin.PlaybackReporting.EventMonitorEntryPoint: Processing playback tracker : "TW96aWxsYS81LjAgKFdpbmRvd3MgTlQgMTAuMDsgV2luNjQ7IHg2NCkgQXBwbGVXZWJLaXQvNTM3LjM2IChLSFRNTCwgbGlrZSBHZWNrbykgQ2hyb21lLzEzNS4wLjAuMCBTYWZhcmkvNTM3LjM2fDE3NDU4ODQ3MTg3NDA1-66ef7bd1c406421895b8c43a8ff9f32c-2c00cd62f5521a25dfe24a4634a5ebd8"
[2025-08-31 20:43:19.203 -03:00] [INF] [148] Jellyfin.Plugin.PlaybackReporting.EventMonitorEntryPoint: Processing playback tracker : "TW96aWxsYS81LjAgKFdpbmRvd3MgTlQgMTAuMDsgV2luNjQ7IHg2NCkgQXBwbGVXZWJLaXQvNTM3LjM2IChLSFRNTCwgbGlrZSBHZWNrbykgQ2hyb21lLzEzNS4wLjAuMCBTYWZhcmkvNTM3LjM2fDE3NDU4ODQ3MTg3NDA1-66ef7bd1c406421895b8c43a8ff9f32c-2c00cd62f5521a25dfe24a4634a5ebd8"
[2025-08-31 20:43:40.182 -03:00] [INF] [161] Jellyfin.Plugin.PlaybackReporting.EventMonitorEntryPoint: Processing playback tracker : "TW96aWxsYS81LjAgKFdpbmRvd3MgTlQgMTAuMDsgV2luNjQ7IHg2NCkgQXBwbGVXZWJLaXQvNTM3LjM2IChLSFRNTCwgbGlrZSBHZWNrbykgQ2hyb21lLzEzNS4wLjAuMCBTYWZhcmkvNTM3LjM2fDE3NDU4ODQ3MTg3NDA1-66ef7bd1c406421895b8c43a8ff9f32c-2c00cd62f5521a25dfe24a4634a5ebd8"
[2025-08-31 20:44:00.207 -03:00] [INF] [25] Jellyfin.Plugin.PlaybackReporting.EventMonitorEntryPoint: Processing playback tracker : "TW96aWxsYS81LjAgKFdpbmRvd3MgTlQgMTAuMDsgV2luNjQ7IHg2NCkgQXBwbGVXZWJLaXQvNTM3LjM2IChLSFRNTCwgbGlrZSBHZWNrbykgQ2hyb21lLzEzNS4wLjAuMCBTYWZhcmkvNTM3LjM2fDE3NDU4ODQ3MTg3NDA1-66ef7bd1c406421895b8c43a8ff9f32c-2c00cd62f5521a25dfe24a4634a5ebd8"
[2025-08-31 20:44:20.246 -03:00] [INF] [65] Jellyfin.Plugin.PlaybackReporting.EventMonitorEntryPoint: Processing playback tracker : "TW96aWxsYS81LjAgKFdpbmRvd3MgTlQgMTAuMDsgV2luNjQ7IHg2NCkgQXBwbGVXZWJLaXQvNTM3LjM2IChLSFRNTCwgbGlrZSBHZWNrbykgQ2hyb21lLzEzNS4wLjAuMCBTYWZhcmkvNTM3LjM2fDE3NDU4ODQ3MTg3NDA1-66ef7bd1c406421895b8c43a8ff9f32c-2c00cd62f5521a25dfe24a4634a5ebd8"
[2025-08-31 20:44:41.203 -03:00] [INF] [65] Jellyfin.Plugin.PlaybackReporting.EventMonitorEntryPoint: Processing playback tracker : "TW96aWxsYS81LjAgKFdpbmRvd3MgTlQgMTAuMDsgV2luNjQ7IHg2NCkgQXBwbGVXZWJLaXQvNTM3LjM2IChLSFRNTCwgbGlrZSBHZWNrbykgQ2hyb21lLzEzNS4wLjAuMCBTYWZhcmkvNTM3LjM2fDE3NDU4ODQ3MTg3NDA1-66ef7bd1c406421895b8c43a8ff9f32c-2c00cd62f5521a25dfe24a4634a5ebd8"
[2025-08-31 20:45:01.221 -03:00] [INF] [128] Jellyfin.Plugin.PlaybackReporting.EventMonitorEntryPoint: Processing playback tracker : "TW96aWxsYS81LjAgKFdpbmRvd3MgTlQgMTAuMDsgV2luNjQ7IHg2NCkgQXBwbGVXZWJLaXQvNTM3LjM2IChLSFRNTCwgbGlrZSBHZWNrbykgQ2hyb21lLzEzNS4wLjAuMCBTYWZhcmkvNTM3LjM2fDE3NDU4ODQ3MTg3NDA1-66ef7bd1c406421895b8c43a8ff9f32c-2c00cd62f5521a25dfe24a4634a5ebd8"
[2025-08-31 20:45:21.494 -03:00] [INF] [65] Jellyfin.Plugin.PlaybackReporting.EventMonitorEntryPoint: Processing playback tracker : "TW96aWxsYS81LjAgKFdpbmRvd3MgTlQgMTAuMDsgV2luNjQ7IHg2NCkgQXBwbGVXZWJLaXQvNTM3LjM2IChLSFRNTCwgbGlrZSBHZWNrbykgQ2hyb21lLzEzNS4wLjAuMCBTYWZhcmkvNTM3LjM2fDE3NDU4ODQ3MTg3NDA1-66ef7bd1c406421895b8c43a8ff9f32c-2c00cd62f5521a25dfe24a4634a5ebd8"
[2025-08-31 20:45:42.289 -03:00] [INF] [148] Jellyfin.Plugin.PlaybackReporting.EventMonitorEntryPoint: Processing playback tracker : "TW96aWxsYS81LjAgKFdpbmRvd3MgTlQgMTAuMDsgV2luNjQ7IHg2NCkgQXBwbGVXZWJLaXQvNTM3LjM2IChLSFRNTCwgbGlrZSBHZWNrbykgQ2hyb21lLzEzNS4wLjAuMCBTYWZhcmkvNTM3LjM2fDE3NDU4ODQ3MTg3NDA1-66ef7bd1c406421895b8c43a8ff9f32c-2c00cd62f5521a25dfe24a4634a5ebd8"
[2025-08-31 20:46:06.825 -03:00] [INF] [128] Jellyfin.Plugin.PlaybackReporting.EventMonitorEntryPoint: Processing playback tracker : "TW96aWxsYS81LjAgKFdpbmRvd3MgTlQgMTAuMDsgV2luNjQ7IHg2NCkgQXBwbGVXZWJLaXQvNTM3LjM2IChLSFRNTCwgbGlrZSBHZWNrbykgQ2hyb21lLzEzNS4wLjAuMCBTYWZhcmkvNTM3LjM2fDE3NDU4ODQ3MTg3NDA1-66ef7bd1c406421895b8c43a8ff9f32c-2c00cd62f5521a25dfe24a4634a5ebd8"
[2025-08-31 20:46:26.831 -03:00] [INF] [128] Jellyfin.Plugin.PlaybackReporting.EventMonitorEntryPoint: Processing playback tracker : "TW96aWxsYS81LjAgKFdpbmRvd3MgTlQgMTAuMDsgV2luNjQ7IHg2NCkgQXBwbGVXZWJLaXQvNTM3LjM2IChLSFRNTCwgbGlrZSBHZWNrbykgQ2hyb21lLzEzNS4wLjAuMCBTYWZhcmkvNTM3LjM2fDE3NDU4ODQ3MTg3NDA1-66ef7bd1c406421895b8c43a8ff9f32c-2c00cd62f5521a25dfe24a4634a5ebd8"
[2025-08-31 20:46:56.826 -03:00] [INF] [160] Jellyfin.Plugin.PlaybackReporting.EventMonitorEntryPoint: Processing playback tracker : "TW96aWxsYS81LjAgKFdpbmRvd3MgTlQgMTAuMDsgV2luNjQ7IHg2NCkgQXBwbGVXZWJLaXQvNTM3LjM2IChLSFRNTCwgbGlrZSBHZWNrbykgQ2hyb21lLzEzNS4wLjAuMCBTYWZhcmkvNTM3LjM2fDE3NDU4ODQ3MTg3NDA1-66ef7bd1c406421895b8c43a8ff9f32c-2c00cd62f5521a25dfe24a4634a5ebd8"
[2025-08-31 20:47:16.848 -03:00] [INF] [160] Jellyfin.Plugin.PlaybackReporting.EventMonitorEntryPoint: Processing playback tracker : "TW96aWxsYS81LjAgKFdpbmRvd3MgTlQgMTAuMDsgV2luNjQ7IHg2NCkgQXBwbGVXZWJLaXQvNTM3LjM2IChLSFRNTCwgbGlrZSBHZWNrbykgQ2hyb21lLzEzNS4wLjAuMCBTYWZhcmkvNTM3LjM2fDE3NDU4ODQ3MTg3NDA1-66ef7bd1c406421895b8c43a8ff9f32c-2c00cd62f5521a25dfe24a4634a5ebd8"
[2025-08-31 20:47:46.830 -03:00] [INF] [23] Jellyfin.Plugin.PlaybackReporting.EventMonitorEntryPoint: Processing playback tracker : "TW96aWxsYS81LjAgKFdpbmRvd3MgTlQgMTAuMDsgV2luNjQ7IHg2NCkgQXBwbGVXZWJLaXQvNTM3LjM2IChLSFRNTCwgbGlrZSBHZWNrbykgQ2hyb21lLzEzNS4wLjAuMCBTYWZhcmkvNTM3LjM2fDE3NDU4ODQ3MTg3NDA1-66ef7bd1c406421895b8c43a8ff9f32c-2c00cd62f5521a25dfe24a4634a5ebd8"
[2025-08-31 20:48:10.664 -03:00] [INF] [177] Jellyfin.Plugin.PlaybackReporting.EventMonitorEntryPoint: Processing playback tracker : "TW96aWxsYS81LjAgKFdpbmRvd3MgTlQgMTAuMDsgV2luNjQ7IHg2NCkgQXBwbGVXZWJLaXQvNTM3LjM2IChLSFRNTCwgbGlrZSBHZWNrbykgQ2hyb21lLzEzNS4wLjAuMCBTYWZhcmkvNTM3LjM2fDE3NDU4ODQ3MTg3NDA1-66ef7bd1c406421895b8c43a8ff9f32c-2c00cd62f5521a25dfe24a4634a5ebd8"
[2025-08-31 20:48:30.685 -03:00] [INF] [8] Jellyfin.Plugin.PlaybackReporting.EventMonitorEntryPoint: Processing playback tracker : "TW96aWxsYS81LjAgKFdpbmRvd3MgTlQgMTAuMDsgV2luNjQ7IHg2NCkgQXBwbGVXZWJLaXQvNTM3LjM2IChLSFRNTCwgbGlrZSBHZWNrbykgQ2hyb21lLzEzNS4wLjAuMCBTYWZhcmkvNTM3LjM2fDE3NDU4ODQ3MTg3NDA1-66ef7bd1c406421895b8c43a8ff9f32c-2c00cd62f5521a25dfe24a4634a5ebd8"
[2025-08-31 20:48:50.689 -03:00] [INF] [8] Jellyfin.Plugin.PlaybackReporting.EventMonitorEntryPoint: Processing playback tracker : "TW96aWxsYS81LjAgKFdpbmRvd3MgTlQgMTAuMDsgV2luNjQ7IHg2NCkgQXBwbGVXZWJLaXQvNTM3LjM2IChLSFRNTCwgbGlrZSBHZWNrbykgQ2hyb21lLzEzNS4wLjAuMCBTYWZhcmkvNTM3LjM2fDE3NDU4ODQ3MTg3NDA1-66ef7bd1c406421895b8c43a8ff9f32c-2c00cd62f5521a25dfe24a4634a5ebd8"
[2025-08-31 20:49:11.689 -03:00] [INF] [23] Jellyfin.Plugin.PlaybackReporting.EventMonitorEntryPoint: Processing playback tracker : "TW96aWxsYS81LjAgKFdpbmRvd3MgTlQgMTAuMDsgV2luNjQ7IHg2NCkgQXBwbGVXZWJLaXQvNTM3LjM2IChLSFRNTCwgbGlrZSBHZWNrbykgQ2hyb21lLzEzNS4wLjAuMCBTYWZhcmkvNTM3LjM2fDE3NDU4ODQ3MTg3NDA1-66ef7bd1c406421895b8c43a8ff9f32c-2c00cd62f5521a25dfe24a4634a5ebd8"
[2025-08-31 20:49:31.730 -03:00] [INF] [174] Jellyfin.Plugin.PlaybackReporting.EventMonitorEntryPoint: Processing playback tracker : "TW96aWxsYS81LjAgKFdpbmRvd3MgTlQgMTAuMDsgV2luNjQ7IHg2NCkgQXBwbGVXZWJLaXQvNTM3LjM2IChLSFRNTCwgbGlrZSBHZWNrbykgQ2hyb21lLzEzNS4wLjAuMCBTYWZhcmkvNTM3LjM2fDE3NDU4ODQ3MTg3NDA1-66ef7bd1c406421895b8c43a8ff9f32c-2c00cd62f5521a25dfe24a4634a5ebd8"
[2025-08-31 20:49:52.702 -03:00] [INF] [174] Jellyfin.Plugin.PlaybackReporting.EventMonitorEntryPoint: Processing playback tracker : "TW96aWxsYS81LjAgKFdpbmRvd3MgTlQgMTAuMDsgV2luNjQ7IHg2NCkgQXBwbGVXZWJLaXQvNTM3LjM2IChLSFRNTCwgbGlrZSBHZWNrbykgQ2hyb21lLzEzNS4wLjAuMCBTYWZhcmkvNTM3LjM2fDE3NDU4ODQ3MTg3NDA1-66ef7bd1c406421895b8c43a8ff9f32c-2c00cd62f5521a25dfe24a4634a5ebd8"
[2025-08-31 20:50:16.827 -03:00] [INF] [8] Jellyfin.Plugin.PlaybackReporting.EventMonitorEntryPoint: Processing playback tracker : "TW96aWxsYS81LjAgKFdpbmRvd3MgTlQgMTAuMDsgV2luNjQ7IHg2NCkgQXBwbGVXZWJLaXQvNTM3LjM2IChLSFRNTCwgbGlrZSBHZWNrbykgQ2hyb21lLzEzNS4wLjAuMCBTYWZhcmkvNTM3LjM2fDE3NDU4ODQ3MTg3NDA1-66ef7bd1c406421895b8c43a8ff9f32c-2c00cd62f5521a25dfe24a4634a5ebd8"
[2025-08-31 20:50:37.798 -03:00] [INF] [116] Jellyfin.Plugin.PlaybackReporting.EventMonitorEntryPoint: Processing playback tracker : "TW96aWxsYS81LjAgKFdpbmRvd3MgTlQgMTAuMDsgV2luNjQ7IHg2NCkgQXBwbGVXZWJLaXQvNTM3LjM2IChLSFRNTCwgbGlrZSBHZWNrbykgQ2hyb21lLzEzNS4wLjAuMCBTYWZhcmkvNTM3LjM2fDE3NDU4ODQ3MTg3NDA1-66ef7bd1c406421895b8c43a8ff9f32c-2c00cd62f5521a25dfe24a4634a5ebd8"
[2025-08-31 20:50:58.758 -03:00] [INF] [23] Jellyfin.Plugin.PlaybackReporting.EventMonitorEntryPoint: Processing playback tracker : "TW96aWxsYS81LjAgKFdpbmRvd3MgTlQgMTAuMDsgV2luNjQ7IHg2NCkgQXBwbGVXZWJLaXQvNTM3LjM2IChLSFRNTCwgbGlrZSBHZWNrbykgQ2hyb21lLzEzNS4wLjAuMCBTYWZhcmkvNTM3LjM2fDE3NDU4ODQ3MTg3NDA1-66ef7bd1c406421895b8c43a8ff9f32c-2c00cd62f5521a25dfe24a4634a5ebd8"
[2025-08-31 20:51:18.772 -03:00] [INF] [65] Jellyfin.Plugin.PlaybackReporting.EventMonitorEntryPoint: Processing playback tracker : "TW96aWxsYS81LjAgKFdpbmRvd3MgTlQgMTAuMDsgV2luNjQ7IHg2NCkgQXBwbGVXZWJLaXQvNTM3LjM2IChLSFRNTCwgbGlrZSBHZWNrbykgQ2hyb21lLzEzNS4wLjAuMCBTYWZhcmkvNTM3LjM2fDE3NDU4ODQ3MTg3NDA1-66ef7bd1c406421895b8c43a8ff9f32c-2c00cd62f5521a25dfe24a4634a5ebd8"
[2025-08-31 20:51:38.774 -03:00] [INF] [148] Jellyfin.Plugin.PlaybackReporting.EventMonitorEntryPoint: Processing playback tracker : "TW96aWxsYS81LjAgKFdpbmRvd3MgTlQgMTAuMDsgV2luNjQ7IHg2NCkgQXBwbGVXZWJLaXQvNTM3LjM2IChLSFRNTCwgbGlrZSBHZWNrbykgQ2hyb21lLzEzNS4wLjAuMCBTYWZhcmkvNTM3LjM2fDE3NDU4ODQ3MTg3NDA1-66ef7bd1c406421895b8c43a8ff9f32c-2c00cd62f5521a25dfe24a4634a5ebd8"
[2025-08-31 20:51:58.781 -03:00] [INF] [148] Jellyfin.Plugin.PlaybackReporting.EventMonitorEntryPoint: Processing playback tracker : "TW96aWxsYS81LjAgKFdpbmRvd3MgTlQgMTAuMDsgV2luNjQ7IHg2NCkgQXBwbGVXZWJLaXQvNTM3LjM2IChLSFRNTCwgbGlrZSBHZWNrbykgQ2hyb21lLzEzNS4wLjAuMCBTYWZhcmkvNTM3LjM2fDE3NDU4ODQ3MTg3NDA1-66ef7bd1c406421895b8c43a8ff9f32c-2c00cd62f5521a25dfe24a4634a5ebd8"
[2025-08-31 20:52:18.810 -03:00] [INF] [8] Jellyfin.Plugin.PlaybackReporting.EventMonitorEntryPoint: Processing playback tracker : "TW96aWxsYS81LjAgKFdpbmRvd3MgTlQgMTAuMDsgV2luNjQ7IHg2NCkgQXBwbGVXZWJLaXQvNTM3LjM2IChLSFRNTCwgbGlrZSBHZWNrbykgQ2hyb21lLzEzNS4wLjAuMCBTYWZhcmkvNTM3LjM2fDE3NDU4ODQ3MTg3NDA1-66ef7bd1c406421895b8c43a8ff9f32c-2c00cd62f5521a25dfe24a4634a5ebd8"
[2025-08-31 20:52:39.800 -03:00] [INF] [148] Jellyfin.Plugin.PlaybackReporting.EventMonitorEntryPoint: Processing playback tracker : "TW96aWxsYS81LjAgKFdpbmRvd3MgTlQgMTAuMDsgV2luNjQ7IHg2NCkgQXBwbGVXZWJLaXQvNTM3LjM2IChLSFRNTCwgbGlrZSBHZWNrbykgQ2hyb21lLzEzNS4wLjAuMCBTYWZhcmkvNTM3LjM2fDE3NDU4ODQ3MTg3NDA1-66ef7bd1c406421895b8c43a8ff9f32c-2c00cd62f5521a25dfe24a4634a5ebd8"
[2025-08-31 20:52:59.823 -03:00] [INF] [8] Jellyfin.Plugin.PlaybackReporting.EventMonitorEntryPoint: Processing playback tracker : "TW96aWxsYS81LjAgKFdpbmRvd3MgTlQgMTAuMDsgV2luNjQ7IHg2NCkgQXBwbGVXZWJLaXQvNTM3LjM2IChLSFRNTCwgbGlrZSBHZWNrbykgQ2hyb21lLzEzNS4wLjAuMCBTYWZhcmkvNTM3LjM2fDE3NDU4ODQ3MTg3NDA1-66ef7bd1c406421895b8c43a8ff9f32c-2c00cd62f5521a25dfe24a4634a5ebd8"
[2025-08-31 20:53:20.818 -03:00] [INF] [116] Jellyfin.Plugin.PlaybackReporting.EventMonitorEntryPoint: Processing playback tracker : "TW96aWxsYS81LjAgKFdpbmRvd3MgTlQgMTAuMDsgV2luNjQ7IHg2NCkgQXBwbGVXZWJLaXQvNTM3LjM2IChLSFRNTCwgbGlrZSBHZWNrbykgQ2hyb21lLzEzNS4wLjAuMCBTYWZhcmkvNTM3LjM2fDE3NDU4ODQ3MTg3NDA1-66ef7bd1c406421895b8c43a8ff9f32c-2c00cd62f5521a25dfe24a4634a5ebd8"
[2025-08-31 20:53:40.835 -03:00] [INF] [23] Jellyfin.Plugin.PlaybackReporting.EventMonitorEntryPoint: Processing playback tracker : "TW96aWxsYS81LjAgKFdpbmRvd3MgTlQgMTAuMDsgV2luNjQ7IHg2NCkgQXBwbGVXZWJLaXQvNTM3LjM2IChLSFRNTCwgbGlrZSBHZWNrbykgQ2hyb21lLzEzNS4wLjAuMCBTYWZhcmkvNTM3LjM2fDE3NDU4ODQ3MTg3NDA1-66ef7bd1c406421895b8c43a8ff9f32c-2c00cd62f5521a25dfe24a4634a5ebd8"
[2025-08-31 20:54:00.849 -03:00] [INF] [23] Jellyfin.Plugin.PlaybackReporting.EventMonitorEntryPoint: Processing playback tracker : "TW96aWxsYS81LjAgKFdpbmRvd3MgTlQgMTAuMDsgV2luNjQ7IHg2NCkgQXBwbGVXZWJLaXQvNTM3LjM2IChLSFRNTCwgbGlrZSBHZWNrbykgQ2hyb21lLzEzNS4wLjAuMCBTYWZhcmkvNTM3LjM2fDE3NDU4ODQ3MTg3NDA1-66ef7bd1c406421895b8c43a8ff9f32c-2c00cd62f5521a25dfe24a4634a5ebd8"
[2025-08-31 20:54:20.891 -03:00] [INF] [177] Jellyfin.Plugin.PlaybackReporting.EventMonitorEntryPoint: Processing playback tracker : "TW96aWxsYS81LjAgKFdpbmRvd3MgTlQgMTAuMDsgV2luNjQ7IHg2NCkgQXBwbGVXZWJLaXQvNTM3LjM2IChLSFRNTCwgbGlrZSBHZWNrbykgQ2hyb21lLzEzNS4wLjAuMCBTYWZhcmkvNTM3LjM2fDE3NDU4ODQ3MTg3NDA1-66ef7bd1c406421895b8c43a8ff9f32c-2c00cd62f5521a25dfe24a4634a5ebd8"
[2025-08-31 20:54:41.854 -03:00] [INF] [148] Jellyfin.Plugin.PlaybackReporting.EventMonitorEntryPoint: Processing playback tracker : "TW96aWxsYS81LjAgKFdpbmRvd3MgTlQgMTAuMDsgV2luNjQ7IHg2NCkgQXBwbGVXZWJLaXQvNTM3LjM2IChLSFRNTCwgbGlrZSBHZWNrbykgQ2hyb21lLzEzNS4wLjAuMCBTYWZhcmkvNTM3LjM2fDE3NDU4ODQ3MTg3NDA1-66ef7bd1c406421895b8c43a8ff9f32c-2c00cd62f5521a25dfe24a4634a5ebd8"
[2025-08-31 20:55:01.948 -03:00] [INF] [177] Jellyfin.Plugin.PlaybackReporting.EventMonitorEntryPoint: Processing playback tracker : "TW96aWxsYS81LjAgKFdpbmRvd3MgTlQgMTAuMDsgV2luNjQ7IHg2NCkgQXBwbGVXZWJLaXQvNTM3LjM2IChLSFRNTCwgbGlrZSBHZWNrbykgQ2hyb21lLzEzNS4wLjAuMCBTYWZhcmkvNTM3LjM2fDE3NDU4ODQ3MTg3NDA1-66ef7bd1c406421895b8c43a8ff9f32c-2c00cd62f5521a25dfe24a4634a5ebd8"
[2025-08-31 20:55:22.634 -03:00] [INF] [177] Jellyfin.Plugin.PlaybackReporting.EventMonitorEntryPoint: Processing playback tracker : "TW96aWxsYS81LjAgKFdpbmRvd3MgTlQgMTAuMDsgV2luNjQ7IHg2NCkgQXBwbGVXZWJLaXQvNTM3LjM2IChLSFRNTCwgbGlrZSBHZWNrbykgQ2hyb21lLzEzNS4wLjAuMCBTYWZhcmkvNTM3LjM2fDE3NDU4ODQ3MTg3NDA1-66ef7bd1c406421895b8c43a8ff9f32c-2c00cd62f5521a25dfe24a4634a5ebd8"
[2025-08-31 20:55:42.681 -03:00] [INF] [148] Jellyfin.Plugin.PlaybackReporting.EventMonitorEntryPoint: Processing playback tracker : "TW96aWxsYS81LjAgKFdpbmRvd3MgTlQgMTAuMDsgV2luNjQ7IHg2NCkgQXBwbGVXZWJLaXQvNTM3LjM2IChLSFRNTCwgbGlrZSBHZWNrbykgQ2hyb21lLzEzNS4wLjAuMCBTYWZhcmkvNTM3LjM2fDE3NDU4ODQ3MTg3NDA1-66ef7bd1c406421895b8c43a8ff9f32c-2c00cd62f5521a25dfe24a4634a5ebd8"
[2025-08-31 20:56:03.656 -03:00] [INF] [174] Jellyfin.Plugin.PlaybackReporting.EventMonitorEntryPoint: Processing playback tracker : "TW96aWxsYS81LjAgKFdpbmRvd3MgTlQgMTAuMDsgV2luNjQ7IHg2NCkgQXBwbGVXZWJLaXQvNTM3LjM2IChLSFRNTCwgbGlrZSBHZWNrbykgQ2hyb21lLzEzNS4wLjAuMCBTYWZhcmkvNTM3LjM2fDE3NDU4ODQ3MTg3NDA1-66ef7bd1c406421895b8c43a8ff9f32c-2c00cd62f5521a25dfe24a4634a5ebd8"
[2025-08-31 20:56:29.632 -03:00] [INF] [47] Jellyfin.Plugin.PlaybackReporting.EventMonitorEntryPoint: Processing playback tracker : "TW96aWxsYS81LjAgKFdpbmRvd3MgTlQgMTAuMDsgV2luNjQ7IHg2NCkgQXBwbGVXZWJLaXQvNTM3LjM2IChLSFRNTCwgbGlrZSBHZWNrbykgQ2hyb21lLzEzNS4wLjAuMCBTYWZhcmkvNTM3LjM2fDE3NDU4ODQ3MTg3NDA1-66ef7bd1c406421895b8c43a8ff9f32c-2c00cd62f5521a25dfe24a4634a5ebd8"
[2025-08-31 20:56:50.296 -03:00] [INF] [148] Jellyfin.Plugin.PlaybackReporting.EventMonitorEntryPoint: Processing playback tracker : "TW96aWxsYS81LjAgKFdpbmRvd3MgTlQgMTAuMDsgV2luNjQ7IHg2NCkgQXBwbGVXZWJLaXQvNTM3LjM2IChLSFRNTCwgbGlrZSBHZWNrbykgQ2hyb21lLzEzNS4wLjAuMCBTYWZhcmkvNTM3LjM2fDE3NDU4ODQ3MTg3NDA1-66ef7bd1c406421895b8c43a8ff9f32c-2c00cd62f5521a25dfe24a4634a5ebd8"
[2025-08-31 20:57:10.329 -03:00] [INF] [148] Jellyfin.Plugin.PlaybackReporting.EventMonitorEntryPoint: Processing playback tracker : "TW96aWxsYS81LjAgKFdpbmRvd3MgTlQgMTAuMDsgV2luNjQ7IHg2NCkgQXBwbGVXZWJLaXQvNTM3LjM2IChLSFRNTCwgbGlrZSBHZWNrbykgQ2hyb21lLzEzNS4wLjAuMCBTYWZhcmkvNTM3LjM2fDE3NDU4ODQ3MTg3NDA1-66ef7bd1c406421895b8c43a8ff9f32c-2c00cd62f5521a25dfe24a4634a5ebd8"
[2025-08-31 20:57:31.318 -03:00] [INF] [107] Jellyfin.Plugin.PlaybackReporting.EventMonitorEntryPoint: Processing playback tracker : "TW96aWxsYS81LjAgKFdpbmRvd3MgTlQgMTAuMDsgV2luNjQ7IHg2NCkgQXBwbGVXZWJLaXQvNTM3LjM2IChLSFRNTCwgbGlrZSBHZWNrbykgQ2hyb21lLzEzNS4wLjAuMCBTYWZhcmkvNTM3LjM2fDE3NDU4ODQ3MTg3NDA1-66ef7bd1c406421895b8c43a8ff9f32c-2c00cd62f5521a25dfe24a4634a5ebd8"
[2025-08-31 20:57:51.326 -03:00] [INF] [148] Jellyfin.Plugin.PlaybackReporting.EventMonitorEntryPoint: Processing playback tracker : "TW96aWxsYS81LjAgKFdpbmRvd3MgTlQgMTAuMDsgV2luNjQ7IHg2NCkgQXBwbGVXZWJLaXQvNTM3LjM2IChLSFRNTCwgbGlrZSBHZWNrbykgQ2hyb21lLzEzNS4wLjAuMCBTYWZhcmkvNTM3LjM2fDE3NDU4ODQ3MTg3NDA1-66ef7bd1c406421895b8c43a8ff9f32c-2c00cd62f5521a25dfe24a4634a5ebd8"
[2025-08-31 20:58:11.357 -03:00] [INF] [148] Jellyfin.Plugin.PlaybackReporting.EventMonitorEntryPoint: Processing playback tracker : "TW96aWxsYS81LjAgKFdpbmRvd3MgTlQgMTAuMDsgV2luNjQ7IHg2NCkgQXBwbGVXZWJLaXQvNTM3LjM2IChLSFRNTCwgbGlrZSBHZWNrbykgQ2hyb21lLzEzNS4wLjAuMCBTYWZhcmkvNTM3LjM2fDE3NDU4ODQ3MTg3NDA1-66ef7bd1c406421895b8c43a8ff9f32c-2c00cd62f5521a25dfe24a4634a5ebd8"
[2025-08-31 20:58:31.366 -03:00] [INF] [47] Jellyfin.Plugin.PlaybackReporting.EventMonitorEntryPoint: Processing playback tracker : "TW96aWxsYS81LjAgKFdpbmRvd3MgTlQgMTAuMDsgV2luNjQ7IHg2NCkgQXBwbGVXZWJLaXQvNTM3LjM2IChLSFRNTCwgbGlrZSBHZWNrbykgQ2hyb21lLzEzNS4wLjAuMCBTYWZhcmkvNTM3LjM2fDE3NDU4ODQ3MTg3NDA1-66ef7bd1c406421895b8c43a8ff9f32c-2c00cd62f5521a25dfe24a4634a5ebd8"
[2025-08-31 20:58:52.360 -03:00] [INF] [107] Jellyfin.Plugin.PlaybackReporting.EventMonitorEntryPoint: Processing playback tracker : "TW96aWxsYS81LjAgKFdpbmRvd3MgTlQgMTAuMDsgV2luNjQ7IHg2NCkgQXBwbGVXZWJLaXQvNTM3LjM2IChLSFRNTCwgbGlrZSBHZWNrbykgQ2hyb21lLzEzNS4wLjAuMCBTYWZhcmkvNTM3LjM2fDE3NDU4ODQ3MTg3NDA1-66ef7bd1c406421895b8c43a8ff9f32c-2c00cd62f5521a25dfe24a4634a5ebd8"
[2025-08-31 20:59:12.367 -03:00] [INF] [119] Jellyfin.Plugin.PlaybackReporting.EventMonitorEntryPoint: Processing playback tracker : "TW96aWxsYS81LjAgKFdpbmRvd3MgTlQgMTAuMDsgV2luNjQ7IHg2NCkgQXBwbGVXZWJLaXQvNTM3LjM2IChLSFRNTCwgbGlrZSBHZWNrbykgQ2hyb21lLzEzNS4wLjAuMCBTYWZhcmkvNTM3LjM2fDE3NDU4ODQ3MTg3NDA1-66ef7bd1c406421895b8c43a8ff9f32c-2c00cd62f5521a25dfe24a4634a5ebd8"
[2025-08-31 20:59:32.413 -03:00] [INF] [47] Jellyfin.Plugin.PlaybackReporting.EventMonitorEntryPoint: Processing playback tracker : "TW96aWxsYS81LjAgKFdpbmRvd3MgTlQgMTAuMDsgV2luNjQ7IHg2NCkgQXBwbGVXZWJLaXQvNTM3LjM2IChLSFRNTCwgbGlrZSBHZWNrbykgQ2hyb21lLzEzNS4wLjAuMCBTYWZhcmkvNTM3LjM2fDE3NDU4ODQ3MTg3NDA1-66ef7bd1c406421895b8c43a8ff9f32c-2c00cd62f5521a25dfe24a4634a5ebd8"
[2025-08-31 20:59:52.415 -03:00] [INF] [160] Jellyfin.Plugin.PlaybackReporting.EventMonitorEntryPoint: Processing playback tracker : "TW96aWxsYS81LjAgKFdpbmRvd3MgTlQgMTAuMDsgV2luNjQ7IHg2NCkgQXBwbGVXZWJLaXQvNTM3LjM2IChLSFRNTCwgbGlrZSBHZWNrbykgQ2hyb21lLzEzNS4wLjAuMCBTYWZhcmkvNTM3LjM2fDE3NDU4ODQ3MTg3NDA1-66ef7bd1c406421895b8c43a8ff9f32c-2c00cd62f5521a25dfe24a4634a5ebd8"
[2025-08-31 21:00:12.423 -03:00] [INF] [68] Jellyfin.Plugin.PlaybackReporting.EventMonitorEntryPoint: Processing playback tracker : "TW96aWxsYS81LjAgKFdpbmRvd3MgTlQgMTAuMDsgV2luNjQ7IHg2NCkgQXBwbGVXZWJLaXQvNTM3LjM2IChLSFRNTCwgbGlrZSBHZWNrbykgQ2hyb21lLzEzNS4wLjAuMCBTYWZhcmkvNTM3LjM2fDE3NDU4ODQ3MTg3NDA1-66ef7bd1c406421895b8c43a8ff9f32c-2c00cd62f5521a25dfe24a4634a5ebd8"
[2025-08-31 21:00:32.975 -03:00] [INF] [107] Jellyfin.Plugin.PlaybackReporting.EventMonitorEntryPoint: Processing playback tracker : "TW96aWxsYS81LjAgKFdpbmRvd3MgTlQgMTAuMDsgV2luNjQ7IHg2NCkgQXBwbGVXZWJLaXQvNTM3LjM2IChLSFRNTCwgbGlrZSBHZWNrbykgQ2hyb21lLzEzNS4wLjAuMCBTYWZhcmkvNTM3LjM2fDE3NDU4ODQ3MTg3NDA1-66ef7bd1c406421895b8c43a8ff9f32c-2c00cd62f5521a25dfe24a4634a5ebd8"
[2025-08-31 21:00:53.923 -03:00] [INF] [107] Jellyfin.Plugin.PlaybackReporting.EventMonitorEntryPoint: Processing playback tracker : "TW96aWxsYS81LjAgKFdpbmRvd3MgTlQgMTAuMDsgV2luNjQ7IHg2NCkgQXBwbGVXZWJLaXQvNTM3LjM2IChLSFRNTCwgbGlrZSBHZWNrbykgQ2hyb21lLzEzNS4wLjAuMCBTYWZhcmkvNTM3LjM2fDE3NDU4ODQ3MTg3NDA1-66ef7bd1c406421895b8c43a8ff9f32c-2c00cd62f5521a25dfe24a4634a5ebd8"
[2025-08-31 21:01:13.956 -03:00] [INF] [107] Jellyfin.Plugin.PlaybackReporting.EventMonitorEntryPoint: Processing playback tracker : "TW96aWxsYS81LjAgKFdpbmRvd3MgTlQgMTAuMDsgV2luNjQ7IHg2NCkgQXBwbGVXZWJLaXQvNTM3LjM2IChLSFRNTCwgbGlrZSBHZWNrbykgQ2hyb21lLzEzNS4wLjAuMCBTYWZhcmkvNTM3LjM2fDE3NDU4ODQ3MTg3NDA1-66ef7bd1c406421895b8c43a8ff9f32c-2c00cd62f5521a25dfe24a4634a5ebd8"
[2025-08-31 21:01:34.945 -03:00] [INF] [160] Jellyfin.Plugin.PlaybackReporting.EventMonitorEntryPoint: Processing playback tracker : "TW96aWxsYS81LjAgKFdpbmRvd3MgTlQgMTAuMDsgV2luNjQ7IHg2NCkgQXBwbGVXZWJLaXQvNTM3LjM2IChLSFRNTCwgbGlrZSBHZWNrbykgQ2hyb21lLzEzNS4wLjAuMCBTYWZhcmkvNTM3LjM2fDE3NDU4ODQ3MTg3NDA1-66ef7bd1c406421895b8c43a8ff9f32c-2c00cd62f5521a25dfe24a4634a5ebd8"
[2025-08-31 21:01:54.960 -03:00] [INF] [160] Jellyfin.Plugin.PlaybackReporting.EventMonitorEntryPoint: Processing playback tracker : "TW96aWxsYS81LjAgKFdpbmRvd3MgTlQgMTAuMDsgV2luNjQ7IHg2NCkgQXBwbGVXZWJLaXQvNTM3LjM2IChLSFRNTCwgbGlrZSBHZWNrbykgQ2hyb21lLzEzNS4wLjAuMCBTYWZhcmkvNTM3LjM2fDE3NDU4ODQ3MTg3NDA1-66ef7bd1c406421895b8c43a8ff9f32c-2c00cd62f5521a25dfe24a4634a5ebd8"
[2025-08-31 21:02:14.963 -03:00] [INF] [174] Jellyfin.Plugin.PlaybackReporting.EventMonitorEntryPoint: Processing playback tracker : "TW96aWxsYS81LjAgKFdpbmRvd3MgTlQgMTAuMDsgV2luNjQ7IHg2NCkgQXBwbGVXZWJLaXQvNTM3LjM2IChLSFRNTCwgbGlrZSBHZWNrbykgQ2hyb21lLzEzNS4wLjAuMCBTYWZhcmkvNTM3LjM2fDE3NDU4ODQ3MTg3NDA1-66ef7bd1c406421895b8c43a8ff9f32c-2c00cd62f5521a25dfe24a4634a5ebd8"
[2025-08-31 21:02:34.966 -03:00] [INF] [160] Jellyfin.Plugin.PlaybackReporting.EventMonitorEntryPoint: Processing playback tracker : "TW96aWxsYS81LjAgKFdpbmRvd3MgTlQgMTAuMDsgV2luNjQ7IHg2NCkgQXBwbGVXZWJLaXQvNTM3LjM2IChLSFRNTCwgbGlrZSBHZWNrbykgQ2hyb21lLzEzNS4wLjAuMCBTYWZhcmkvNTM3LjM2fDE3NDU4ODQ3MTg3NDA1-66ef7bd1c406421895b8c43a8ff9f32c-2c00cd62f5521a25dfe24a4634a5ebd8"
[2025-08-31 21:02:54.992 -03:00] [INF] [47] Jellyfin.Plugin.PlaybackReporting.EventMonitorEntryPoint: Processing playback tracker : "TW96aWxsYS81LjAgKFdpbmRvd3MgTlQgMTAuMDsgV2luNjQ7IHg2NCkgQXBwbGVXZWJLaXQvNTM3LjM2IChLSFRNTCwgbGlrZSBHZWNrbykgQ2hyb21lLzEzNS4wLjAuMCBTYWZhcmkvNTM3LjM2fDE3NDU4ODQ3MTg3NDA1-66ef7bd1c406421895b8c43a8ff9f32c-2c00cd62f5521a25dfe24a4634a5ebd8"
[2025-08-31 21:03:16.532 -03:00] [INF] [107] Jellyfin.Plugin.PlaybackReporting.EventMonitorEntryPoint: Processing playback tracker : "TW96aWxsYS81LjAgKFdpbmRvd3MgTlQgMTAuMDsgV2luNjQ7IHg2NCkgQXBwbGVXZWJLaXQvNTM3LjM2IChLSFRNTCwgbGlrZSBHZWNrbykgQ2hyb21lLzEzNS4wLjAuMCBTYWZhcmkvNTM3LjM2fDE3NDU4ODQ3MTg3NDA1-66ef7bd1c406421895b8c43a8ff9f32c-2c00cd62f5521a25dfe24a4634a5ebd8"
[2025-08-31 21:03:36.545 -03:00] [INF] [68] Jellyfin.Plugin.PlaybackReporting.EventMonitorEntryPoint: Processing playback tracker : "TW96aWxsYS81LjAgKFdpbmRvd3MgTlQgMTAuMDsgV2luNjQ7IHg2NCkgQXBwbGVXZWJLaXQvNTM3LjM2IChLSFRNTCwgbGlrZSBHZWNrbykgQ2hyb21lLzEzNS4wLjAuMCBTYWZhcmkvNTM3LjM2fDE3NDU4ODQ3MTg3NDA1-66ef7bd1c406421895b8c43a8ff9f32c-2c00cd62f5521a25dfe24a4634a5ebd8"
[2025-08-31 21:03:57.481 -03:00] [INF] [174] Jellyfin.Plugin.PlaybackReporting.EventMonitorEntryPoint: Processing playback tracker : "TW96aWxsYS81LjAgKFdpbmRvd3MgTlQgMTAuMDsgV2luNjQ7IHg2NCkgQXBwbGVXZWJLaXQvNTM3LjM2IChLSFRNTCwgbGlrZSBHZWNrbykgQ2hyb21lLzEzNS4wLjAuMCBTYWZhcmkvNTM3LjM2fDE3NDU4ODQ3MTg3NDA1-66ef7bd1c406421895b8c43a8ff9f32c-2c00cd62f5521a25dfe24a4634a5ebd8"
[2025-08-31 21:04:26.802 -03:00] [INF] [68] Jellyfin.Plugin.PlaybackReporting.EventMonitorEntryPoint: Processing playback tracker : "TW96aWxsYS81LjAgKFdpbmRvd3MgTlQgMTAuMDsgV2luNjQ7IHg2NCkgQXBwbGVXZWJLaXQvNTM3LjM2IChLSFRNTCwgbGlrZSBHZWNrbykgQ2hyb21lLzEzNS4wLjAuMCBTYWZhcmkvNTM3LjM2fDE3NDU4ODQ3MTg3NDA1-66ef7bd1c406421895b8c43a8ff9f32c-2c00cd62f5521a25dfe24a4634a5ebd8"
[2025-08-31 21:04:46.819 -03:00] [INF] [148] Jellyfin.Plugin.PlaybackReporting.EventMonitorEntryPoint: Processing playback tracker : "TW96aWxsYS81LjAgKFdpbmRvd3MgTlQgMTAuMDsgV2luNjQ7IHg2NCkgQXBwbGVXZWJLaXQvNTM3LjM2IChLSFRNTCwgbGlrZSBHZWNrbykgQ2hyb21lLzEzNS4wLjAuMCBTYWZhcmkvNTM3LjM2fDE3NDU4ODQ3MTg3NDA1-66ef7bd1c406421895b8c43a8ff9f32c-2c00cd62f5521a25dfe24a4634a5ebd8"
[2025-08-31 21:05:16.835 -03:00] [INF] [68] Jellyfin.Plugin.PlaybackReporting.EventMonitorEntryPoint: Processing playback tracker : "TW96aWxsYS81LjAgKFdpbmRvd3MgTlQgMTAuMDsgV2luNjQ7IHg2NCkgQXBwbGVXZWJLaXQvNTM3LjM2IChLSFRNTCwgbGlrZSBHZWNrbykgQ2hyb21lLzEzNS4wLjAuMCBTYWZhcmkvNTM3LjM2fDE3NDU4ODQ3MTg3NDA1-66ef7bd1c406421895b8c43a8ff9f32c-2c00cd62f5521a25dfe24a4634a5ebd8"
[2025-08-31 21:05:46.815 -03:00] [INF] [68] Jellyfin.Plugin.PlaybackReporting.EventMonitorEntryPoint: Processing playback tracker : "TW96aWxsYS81LjAgKFdpbmRvd3MgTlQgMTAuMDsgV2luNjQ7IHg2NCkgQXBwbGVXZWJLaXQvNTM3LjM2IChLSFRNTCwgbGlrZSBHZWNrbykgQ2hyb21lLzEzNS4wLjAuMCBTYWZhcmkvNTM3LjM2fDE3NDU4ODQ3MTg3NDA1-66ef7bd1c406421895b8c43a8ff9f32c-2c00cd62f5521a25dfe24a4634a5ebd8"
[2025-08-31 21:06:06.831 -03:00] [INF] [148] Jellyfin.Plugin.PlaybackReporting.EventMonitorEntryPoint: Processing playback tracker : "TW96aWxsYS81LjAgKFdpbmRvd3MgTlQgMTAuMDsgV2luNjQ7IHg2NCkgQXBwbGVXZWJLaXQvNTM3LjM2IChLSFRNTCwgbGlrZSBHZWNrbykgQ2hyb21lLzEzNS4wLjAuMCBTYWZhcmkvNTM3LjM2fDE3NDU4ODQ3MTg3NDA1-66ef7bd1c406421895b8c43a8ff9f32c-2c00cd62f5521a25dfe24a4634a5ebd8"
[2025-08-31 21:06:36.809 -03:00] [INF] [148] Jellyfin.Plugin.PlaybackReporting.EventMonitorEntryPoint: Processing playback tracker : "TW96aWxsYS81LjAgKFdpbmRvd3MgTlQgMTAuMDsgV2luNjQ7IHg2NCkgQXBwbGVXZWJLaXQvNTM3LjM2IChLSFRNTCwgbGlrZSBHZWNrbykgQ2hyb21lLzEzNS4wLjAuMCBTYWZhcmkvNTM3LjM2fDE3NDU4ODQ3MTg3NDA1-66ef7bd1c406421895b8c43a8ff9f32c-2c00cd62f5521a25dfe24a4634a5ebd8"
[2025-08-31 21:06:56.831 -03:00] [INF] [116] Jellyfin.Plugin.PlaybackReporting.EventMonitorEntryPoint: Processing playback tracker : "TW96aWxsYS81LjAgKFdpbmRvd3MgTlQgMTAuMDsgV2luNjQ7IHg2NCkgQXBwbGVXZWJLaXQvNTM3LjM2IChLSFRNTCwgbGlrZSBHZWNrbykgQ2hyb21lLzEzNS4wLjAuMCBTYWZhcmkvNTM3LjM2fDE3NDU4ODQ3MTg3NDA1-66ef7bd1c406421895b8c43a8ff9f32c-2c00cd62f5521a25dfe24a4634a5ebd8"
[2025-08-31 21:07:26.825 -03:00] [INF] [148] Jellyfin.Plugin.PlaybackReporting.EventMonitorEntryPoint: Processing playback tracker : "TW96aWxsYS81LjAgKFdpbmRvd3MgTlQgMTAuMDsgV2luNjQ7IHg2NCkgQXBwbGVXZWJLaXQvNTM3LjM2IChLSFRNTCwgbGlrZSBHZWNrbykgQ2hyb21lLzEzNS4wLjAuMCBTYWZhcmkvNTM3LjM2fDE3NDU4ODQ3MTg3NDA1-66ef7bd1c406421895b8c43a8ff9f32c-2c00cd62f5521a25dfe24a4634a5ebd8"
[2025-08-31 21:07:56.818 -03:00] [INF] [148] Jellyfin.Plugin.PlaybackReporting.EventMonitorEntryPoint: Processing playback tracker : "TW96aWxsYS81LjAgKFdpbmRvd3MgTlQgMTAuMDsgV2luNjQ7IHg2NCkgQXBwbGVXZWJLaXQvNTM3LjM2IChLSFRNTCwgbGlrZSBHZWNrbykgQ2hyb21lLzEzNS4wLjAuMCBTYWZhcmkvNTM3LjM2fDE3NDU4ODQ3MTg3NDA1-66ef7bd1c406421895b8c43a8ff9f32c-2c00cd62f5521a25dfe24a4634a5ebd8"
[2025-08-31 21:08:26.803 -03:00] [INF] [148] Jellyfin.Plugin.PlaybackReporting.EventMonitorEntryPoint: Processing playback tracker : "TW96aWxsYS81LjAgKFdpbmRvd3MgTlQgMTAuMDsgV2luNjQ7IHg2NCkgQXBwbGVXZWJLaXQvNTM3LjM2IChLSFRNTCwgbGlrZSBHZWNrbykgQ2hyb21lLzEzNS4wLjAuMCBTYWZhcmkvNTM3LjM2fDE3NDU4ODQ3MTg3NDA1-66ef7bd1c406421895b8c43a8ff9f32c-2c00cd62f5521a25dfe24a4634a5ebd8"
[2025-08-31 21:08:46.818 -03:00] [INF] [148] Jellyfin.Plugin.PlaybackReporting.EventMonitorEntryPoint: Processing playback tracker : "TW96aWxsYS81LjAgKFdpbmRvd3MgTlQgMTAuMDsgV2luNjQ7IHg2NCkgQXBwbGVXZWJLaXQvNTM3LjM2IChLSFRNTCwgbGlrZSBHZWNrbykgQ2hyb21lLzEzNS4wLjAuMCBTYWZhcmkvNTM3LjM2fDE3NDU4ODQ3MTg3NDA1-66ef7bd1c406421895b8c43a8ff9f32c-2c00cd62f5521a25dfe24a4634a5ebd8"
[2025-08-31 21:09:06.822 -03:00] [INF] [177] Jellyfin.Plugin.PlaybackReporting.EventMonitorEntryPoint: Processing playback tracker : "TW96aWxsYS81LjAgKFdpbmRvd3MgTlQgMTAuMDsgV2luNjQ7IHg2NCkgQXBwbGVXZWJLaXQvNTM3LjM2IChLSFRNTCwgbGlrZSBHZWNrbykgQ2hyb21lLzEzNS4wLjAuMCBTYWZhcmkvNTM3LjM2fDE3NDU4ODQ3MTg3NDA1-66ef7bd1c406421895b8c43a8ff9f32c-2c00cd62f5521a25dfe24a4634a5ebd8"
[2025-08-31 21:09:30.316 -03:00] [INF] [177] Jellyfin.Plugin.PlaybackReporting.EventMonitorEntryPoint: Processing playback tracker : "TW96aWxsYS81LjAgKFdpbmRvd3MgTlQgMTAuMDsgV2luNjQ7IHg2NCkgQXBwbGVXZWJLaXQvNTM3LjM2IChLSFRNTCwgbGlrZSBHZWNrbykgQ2hyb21lLzEzNS4wLjAuMCBTYWZhcmkvNTM3LjM2fDE3NDU4ODQ3MTg3NDA1-66ef7bd1c406421895b8c43a8ff9f32c-2c00cd62f5521a25dfe24a4634a5ebd8"
[2025-08-31 21:09:50.917 -03:00] [INF] [47] Jellyfin.Plugin.PlaybackReporting.EventMonitorEntryPoint: Processing playback tracker : "TW96aWxsYS81LjAgKFdpbmRvd3MgTlQgMTAuMDsgV2luNjQ7IHg2NCkgQXBwbGVXZWJLaXQvNTM3LjM2IChLSFRNTCwgbGlrZSBHZWNrbykgQ2hyb21lLzEzNS4wLjAuMCBTYWZhcmkvNTM3LjM2fDE3NDU4ODQ3MTg3NDA1-66ef7bd1c406421895b8c43a8ff9f32c-2c00cd62f5521a25dfe24a4634a5ebd8"
[2025-08-31 21:10:10.922 -03:00] [INF] [177] Jellyfin.Plugin.PlaybackReporting.EventMonitorEntryPoint: Processing playback tracker : "TW96aWxsYS81LjAgKFdpbmRvd3MgTlQgMTAuMDsgV2luNjQ7IHg2NCkgQXBwbGVXZWJLaXQvNTM3LjM2IChLSFRNTCwgbGlrZSBHZWNrbykgQ2hyb21lLzEzNS4wLjAuMCBTYWZhcmkvNTM3LjM2fDE3NDU4ODQ3MTg3NDA1-66ef7bd1c406421895b8c43a8ff9f32c-2c00cd62f5521a25dfe24a4634a5ebd8"
[2025-08-31 21:10:31.918 -03:00] [INF] [53] Jellyfin.Plugin.PlaybackReporting.EventMonitorEntryPoint: Processing playback tracker : "TW96aWxsYS81LjAgKFdpbmRvd3MgTlQgMTAuMDsgV2luNjQ7IHg2NCkgQXBwbGVXZWJLaXQvNTM3LjM2IChLSFRNTCwgbGlrZSBHZWNrbykgQ2hyb21lLzEzNS4wLjAuMCBTYWZhcmkvNTM3LjM2fDE3NDU4ODQ3MTg3NDA1-66ef7bd1c406421895b8c43a8ff9f32c-2c00cd62f5521a25dfe24a4634a5ebd8"
[2025-08-31 21:10:51.953 -03:00] [INF] [53] Jellyfin.Plugin.PlaybackReporting.EventMonitorEntryPoint: Processing playback tracker : "TW96aWxsYS81LjAgKFdpbmRvd3MgTlQgMTAuMDsgV2luNjQ7IHg2NCkgQXBwbGVXZWJLaXQvNTM3LjM2IChLSFRNTCwgbGlrZSBHZWNrbykgQ2hyb21lLzEzNS4wLjAuMCBTYWZhcmkvNTM3LjM2fDE3NDU4ODQ3MTg3NDA1-66ef7bd1c406421895b8c43a8ff9f32c-2c00cd62f5521a25dfe24a4634a5ebd8"
[2025-08-31 21:11:12.948 -03:00] [INF] [148] Jellyfin.Plugin.PlaybackReporting.EventMonitorEntryPoint: Processing playback tracker : "TW96aWxsYS81LjAgKFdpbmRvd3MgTlQgMTAuMDsgV2luNjQ7IHg2NCkgQXBwbGVXZWJLaXQvNTM3LjM2IChLSFRNTCwgbGlrZSBHZWNrbykgQ2hyb21lLzEzNS4wLjAuMCBTYWZhcmkvNTM3LjM2fDE3NDU4ODQ3MTg3NDA1-66ef7bd1c406421895b8c43a8ff9f32c-2c00cd62f5521a25dfe24a4634a5ebd8"
[2025-08-31 21:11:32.992 -03:00] [INF] [60] Jellyfin.Plugin.PlaybackReporting.EventMonitorEntryPoint: Processing playback tracker : "TW96aWxsYS81LjAgKFdpbmRvd3MgTlQgMTAuMDsgV2luNjQ7IHg2NCkgQXBwbGVXZWJLaXQvNTM3LjM2IChLSFRNTCwgbGlrZSBHZWNrbykgQ2hyb21lLzEzNS4wLjAuMCBTYWZhcmkvNTM3LjM2fDE3NDU4ODQ3MTg3NDA1-66ef7bd1c406421895b8c43a8ff9f32c-2c00cd62f5521a25dfe24a4634a5ebd8"
[2025-08-31 21:11:53.968 -03:00] [INF] [60] Jellyfin.Plugin.PlaybackReporting.EventMonitorEntryPoint: Processing playback tracker : "TW96aWxsYS81LjAgKFdpbmRvd3MgTlQgMTAuMDsgV2luNjQ7IHg2NCkgQXBwbGVXZWJLaXQvNTM3LjM2IChLSFRNTCwgbGlrZSBHZWNrbykgQ2hyb21lLzEzNS4wLjAuMCBTYWZhcmkvNTM3LjM2fDE3NDU4ODQ3MTg3NDA1-66ef7bd1c406421895b8c43a8ff9f32c-2c00cd62f5521a25dfe24a4634a5ebd8"
[2025-08-31 21:12:13.972 -03:00] [INF] [8] Jellyfin.Plugin.PlaybackReporting.EventMonitorEntryPoint: Processing playback tracker : "TW96aWxsYS81LjAgKFdpbmRvd3MgTlQgMTAuMDsgV2luNjQ7IHg2NCkgQXBwbGVXZWJLaXQvNTM3LjM2IChLSFRNTCwgbGlrZSBHZWNrbykgQ2hyb21lLzEzNS4wLjAuMCBTYWZhcmkvNTM3LjM2fDE3NDU4ODQ3MTg3NDA1-66ef7bd1c406421895b8c43a8ff9f32c-2c00cd62f5521a25dfe24a4634a5ebd8"
[2025-08-31 21:12:33.994 -03:00] [INF] [60] Jellyfin.Plugin.PlaybackReporting.EventMonitorEntryPoint: Processing playback tracker : "TW96aWxsYS81LjAgKFdpbmRvd3MgTlQgMTAuMDsgV2luNjQ7IHg2NCkgQXBwbGVXZWJLaXQvNTM3LjM2IChLSFRNTCwgbGlrZSBHZWNrbykgQ2hyb21lLzEzNS4wLjAuMCBTYWZhcmkvNTM3LjM2fDE3NDU4ODQ3MTg3NDA1-66ef7bd1c406421895b8c43a8ff9f32c-2c00cd62f5521a25dfe24a4634a5ebd8"
[2025-08-31 21:12:54.001 -03:00] [INF] [116] Jellyfin.Plugin.PlaybackReporting.EventMonitorEntryPoint: Processing playback tracker : "TW96aWxsYS81LjAgKFdpbmRvd3MgTlQgMTAuMDsgV2luNjQ7IHg2NCkgQXBwbGVXZWJLaXQvNTM3LjM2IChLSFRNTCwgbGlrZSBHZWNrbykgQ2hyb21lLzEzNS4wLjAuMCBTYWZhcmkvNTM3LjM2fDE3NDU4ODQ3MTg3NDA1-66ef7bd1c406421895b8c43a8ff9f32c-2c00cd62f5521a25dfe24a4634a5ebd8"
[2025-08-31 21:13:14.014 -03:00] [INF] [8] Jellyfin.Plugin.PlaybackReporting.EventMonitorEntryPoint: Processing playback tracker : "TW96aWxsYS81LjAgKFdpbmRvd3MgTlQgMTAuMDsgV2luNjQ7IHg2NCkgQXBwbGVXZWJLaXQvNTM3LjM2IChLSFRNTCwgbGlrZSBHZWNrbykgQ2hyb21lLzEzNS4wLjAuMCBTYWZhcmkvNTM3LjM2fDE3NDU4ODQ3MTg3NDA1-66ef7bd1c406421895b8c43a8ff9f32c-2c00cd62f5521a25dfe24a4634a5ebd8"
[2025-08-31 21:13:34.023 -03:00] [INF] [8] Jellyfin.Plugin.PlaybackReporting.EventMonitorEntryPoint: Processing playback tracker : "TW96aWxsYS81LjAgKFdpbmRvd3MgTlQgMTAuMDsgV2luNjQ7IHg2NCkgQXBwbGVXZWJLaXQvNTM3LjM2IChLSFRNTCwgbGlrZSBHZWNrbykgQ2hyb21lLzEzNS4wLjAuMCBTYWZhcmkvNTM3LjM2fDE3NDU4ODQ3MTg3NDA1-66ef7bd1c406421895b8c43a8ff9f32c-2c00cd62f5521a25dfe24a4634a5ebd8"
[2025-08-31 21:13:54.045 -03:00] [INF] [84] Jellyfin.Plugin.PlaybackReporting.EventMonitorEntryPoint: Processing playback tracker : "TW96aWxsYS81LjAgKFdpbmRvd3MgTlQgMTAuMDsgV2luNjQ7IHg2NCkgQXBwbGVXZWJLaXQvNTM3LjM2IChLSFRNTCwgbGlrZSBHZWNrbykgQ2hyb21lLzEzNS4wLjAuMCBTYWZhcmkvNTM3LjM2fDE3NDU4ODQ3MTg3NDA1-66ef7bd1c406421895b8c43a8ff9f32c-2c00cd62f5521a25dfe24a4634a5ebd8"
[2025-08-31 21:14:14.061 -03:00] [INF] [23] Jellyfin.Plugin.PlaybackReporting.EventMonitorEntryPoint: Processing playback tracker : "TW96aWxsYS81LjAgKFdpbmRvd3MgTlQgMTAuMDsgV2luNjQ7IHg2NCkgQXBwbGVXZWJLaXQvNTM3LjM2IChLSFRNTCwgbGlrZSBHZWNrbykgQ2hyb21lLzEzNS4wLjAuMCBTYWZhcmkvNTM3LjM2fDE3NDU4ODQ3MTg3NDA1-66ef7bd1c406421895b8c43a8ff9f32c-2c00cd62f5521a25dfe24a4634a5ebd8"
[2025-08-31 21:14:35.058 -03:00] [INF] [84] Jellyfin.Plugin.PlaybackReporting.EventMonitorEntryPoint: Processing playback tracker : "TW96aWxsYS81LjAgKFdpbmRvd3MgTlQgMTAuMDsgV2luNjQ7IHg2NCkgQXBwbGVXZWJLaXQvNTM3LjM2IChLSFRNTCwgbGlrZSBHZWNrbykgQ2hyb21lLzEzNS4wLjAuMCBTYWZhcmkvNTM3LjM2fDE3NDU4ODQ3MTg3NDA1-66ef7bd1c406421895b8c43a8ff9f32c-2c00cd62f5521a25dfe24a4634a5ebd8"
[2025-08-31 21:14:55.076 -03:00] [INF] [8] Jellyfin.Plugin.PlaybackReporting.EventMonitorEntryPoint: Processing playback tracker : "TW96aWxsYS81LjAgKFdpbmRvd3MgTlQgMTAuMDsgV2luNjQ7IHg2NCkgQXBwbGVXZWJLaXQvNTM3LjM2IChLSFRNTCwgbGlrZSBHZWNrbykgQ2hyb21lLzEzNS4wLjAuMCBTYWZhcmkvNTM3LjM2fDE3NDU4ODQ3MTg3NDA1-66ef7bd1c406421895b8c43a8ff9f32c-2c00cd62f5521a25dfe24a4634a5ebd8"
[2025-08-31 21:15:15.080 -03:00] [INF] [8] Jellyfin.Plugin.PlaybackReporting.EventMonitorEntryPoint: Processing playback tracker : "TW96aWxsYS81LjAgKFdpbmRvd3MgTlQgMTAuMDsgV2luNjQ7IHg2NCkgQXBwbGVXZWJLaXQvNTM3LjM2IChLSFRNTCwgbGlrZSBHZWNrbykgQ2hyb21lLzEzNS4wLjAuMCBTYWZhcmkvNTM3LjM2fDE3NDU4ODQ3MTg3NDA1-66ef7bd1c406421895b8c43a8ff9f32c-2c00cd62f5521a25dfe24a4634a5ebd8"
[2025-08-31 21:15:35.943 -03:00] [INF] [8] Jellyfin.Plugin.PlaybackReporting.EventMonitorEntryPoint: Processing playback tracker : "TW96aWxsYS81LjAgKFdpbmRvd3MgTlQgMTAuMDsgV2luNjQ7IHg2NCkgQXBwbGVXZWJLaXQvNTM3LjM2IChLSFRNTCwgbGlrZSBHZWNrbykgQ2hyb21lLzEzNS4wLjAuMCBTYWZhcmkvNTM3LjM2fDE3NDU4ODQ3MTg3NDA1-66ef7bd1c406421895b8c43a8ff9f32c-2c00cd62f5521a25dfe24a4634a5ebd8"
[2025-08-31 21:15:56.122 -03:00] [INF] [8] Jellyfin.Plugin.PlaybackReporting.EventMonitorEntryPoint: Processing playback tracker : "TW96aWxsYS81LjAgKFdpbmRvd3MgTlQgMTAuMDsgV2luNjQ7IHg2NCkgQXBwbGVXZWJLaXQvNTM3LjM2IChLSFRNTCwgbGlrZSBHZWNrbykgQ2hyb21lLzEzNS4wLjAuMCBTYWZhcmkvNTM3LjM2fDE3NDU4ODQ3MTg3NDA1-66ef7bd1c406421895b8c43a8ff9f32c-2c00cd62f5521a25dfe24a4634a5ebd8"
[2025-08-31 21:16:16.127 -03:00] [INF] [8] Jellyfin.Plugin.PlaybackReporting.EventMonitorEntryPoint: Processing playback tracker : "TW96aWxsYS81LjAgKFdpbmRvd3MgTlQgMTAuMDsgV2luNjQ7IHg2NCkgQXBwbGVXZWJLaXQvNTM3LjM2IChLSFRNTCwgbGlrZSBHZWNrbykgQ2hyb21lLzEzNS4wLjAuMCBTYWZhcmkvNTM3LjM2fDE3NDU4ODQ3MTg3NDA1-66ef7bd1c406421895b8c43a8ff9f32c-2c00cd62f5521a25dfe24a4634a5ebd8"
[2025-08-31 21:16:36.147 -03:00] [INF] [84] Jellyfin.Plugin.PlaybackReporting.EventMonitorEntryPoint: Processing playback tracker : "TW96aWxsYS81LjAgKFdpbmRvd3MgTlQgMTAuMDsgV2luNjQ7IHg2NCkgQXBwbGVXZWJLaXQvNTM3LjM2IChLSFRNTCwgbGlrZSBHZWNrbykgQ2hyb21lLzEzNS4wLjAuMCBTYWZhcmkvNTM3LjM2fDE3NDU4ODQ3MTg3NDA1-66ef7bd1c406421895b8c43a8ff9f32c-2c00cd62f5521a25dfe24a4634a5ebd8"
[2025-08-31 21:16:56.156 -03:00] [INF] [60] Jellyfin.Plugin.PlaybackReporting.EventMonitorEntryPoint: Processing playback tracker : "TW96aWxsYS81LjAgKFdpbmRvd3MgTlQgMTAuMDsgV2luNjQ7IHg2NCkgQXBwbGVXZWJLaXQvNTM3LjM2IChLSFRNTCwgbGlrZSBHZWNrbykgQ2hyb21lLzEzNS4wLjAuMCBTYWZhcmkvNTM3LjM2fDE3NDU4ODQ3MTg3NDA1-66ef7bd1c406421895b8c43a8ff9f32c-2c00cd62f5521a25dfe24a4634a5ebd8"
[2025-08-31 21:17:23.271 -03:00] [INF] [116] Jellyfin.Plugin.PlaybackReporting.EventMonitorEntryPoint: Processing playback tracker : "TW96aWxsYS81LjAgKFdpbmRvd3MgTlQgMTAuMDsgV2luNjQ7IHg2NCkgQXBwbGVXZWJLaXQvNTM3LjM2IChLSFRNTCwgbGlrZSBHZWNrbykgQ2hyb21lLzEzNS4wLjAuMCBTYWZhcmkvNTM3LjM2fDE3NDU4ODQ3MTg3NDA1-66ef7bd1c406421895b8c43a8ff9f32c-2c00cd62f5521a25dfe24a4634a5ebd8"
[2025-08-31 21:17:43.278 -03:00] [INF] [122] Jellyfin.Plugin.PlaybackReporting.EventMonitorEntryPoint: Processing playback tracker : "TW96aWxsYS81LjAgKFdpbmRvd3MgTlQgMTAuMDsgV2luNjQ7IHg2NCkgQXBwbGVXZWJLaXQvNTM3LjM2IChLSFRNTCwgbGlrZSBHZWNrbykgQ2hyb21lLzEzNS4wLjAuMCBTYWZhcmkvNTM3LjM2fDE3NDU4ODQ3MTg3NDA1-66ef7bd1c406421895b8c43a8ff9f32c-2c00cd62f5521a25dfe24a4634a5ebd8"
[2025-08-31 21:18:03.290 -03:00] [INF] [43] Jellyfin.Plugin.PlaybackReporting.EventMonitorEntryPoint: Processing playback tracker : "TW96aWxsYS81LjAgKFdpbmRvd3MgTlQgMTAuMDsgV2luNjQ7IHg2NCkgQXBwbGVXZWJLaXQvNTM3LjM2IChLSFRNTCwgbGlrZSBHZWNrbykgQ2hyb21lLzEzNS4wLjAuMCBTYWZhcmkvNTM3LjM2fDE3NDU4ODQ3MTg3NDA1-66ef7bd1c406421895b8c43a8ff9f32c-2c00cd62f5521a25dfe24a4634a5ebd8"
[2025-08-31 21:18:24.286 -03:00] [INF] [43] Jellyfin.Plugin.PlaybackReporting.EventMonitorEntryPoint: Processing playback tracker : "TW96aWxsYS81LjAgKFdpbmRvd3MgTlQgMTAuMDsgV2luNjQ7IHg2NCkgQXBwbGVXZWJLaXQvNTM3LjM2IChLSFRNTCwgbGlrZSBHZWNrbykgQ2hyb21lLzEzNS4wLjAuMCBTYWZhcmkvNTM3LjM2fDE3NDU4ODQ3MTg3NDA1-66ef7bd1c406421895b8c43a8ff9f32c-2c00cd62f5521a25dfe24a4634a5ebd8"
[2025-08-31 21:18:44.303 -03:00] [INF] [10] Jellyfin.Plugin.PlaybackReporting.EventMonitorEntryPoint: Processing playback tracker : "TW96aWxsYS81LjAgKFdpbmRvd3MgTlQgMTAuMDsgV2luNjQ7IHg2NCkgQXBwbGVXZWJLaXQvNTM3LjM2IChLSFRNTCwgbGlrZSBHZWNrbykgQ2hyb21lLzEzNS4wLjAuMCBTYWZhcmkvNTM3LjM2fDE3NDU4ODQ3MTg3NDA1-66ef7bd1c406421895b8c43a8ff9f32c-2c00cd62f5521a25dfe24a4634a5ebd8"
[2025-08-31 21:19:04.319 -03:00] [INF] [10] Jellyfin.Plugin.PlaybackReporting.EventMonitorEntryPoint: Processing playback tracker : "TW96aWxsYS81LjAgKFdpbmRvd3MgTlQgMTAuMDsgV2luNjQ7IHg2NCkgQXBwbGVXZWJLaXQvNTM3LjM2IChLSFRNTCwgbGlrZSBHZWNrbykgQ2hyb21lLzEzNS4wLjAuMCBTYWZhcmkvNTM3LjM2fDE3NDU4ODQ3MTg3NDA1-66ef7bd1c406421895b8c43a8ff9f32c-2c00cd62f5521a25dfe24a4634a5ebd8"
[2025-08-31 21:19:24.342 -03:00] [INF] [43] Jellyfin.Plugin.PlaybackReporting.EventMonitorEntryPoint: Processing playback tracker : "TW96aWxsYS81LjAgKFdpbmRvd3MgTlQgMTAuMDsgV2luNjQ7IHg2NCkgQXBwbGVXZWJLaXQvNTM3LjM2IChLSFRNTCwgbGlrZSBHZWNrbykgQ2hyb21lLzEzNS4wLjAuMCBTYWZhcmkvNTM3LjM2fDE3NDU4ODQ3MTg3NDA1-66ef7bd1c406421895b8c43a8ff9f32c-2c00cd62f5521a25dfe24a4634a5ebd8"
[2025-08-31 21:19:44.355 -03:00] [INF] [8] Jellyfin.Plugin.PlaybackReporting.EventMonitorEntryPoint: Processing playback tracker : "TW96aWxsYS81LjAgKFdpbmRvd3MgTlQgMTAuMDsgV2luNjQ7IHg2NCkgQXBwbGVXZWJLaXQvNTM3LjM2IChLSFRNTCwgbGlrZSBHZWNrbykgQ2hyb21lLzEzNS4wLjAuMCBTYWZhcmkvNTM3LjM2fDE3NDU4ODQ3MTg3NDA1-66ef7bd1c406421895b8c43a8ff9f32c-2c00cd62f5521a25dfe24a4634a5ebd8"
[2025-08-31 21:20:05.344 -03:00] [INF] [43] Jellyfin.Plugin.PlaybackReporting.EventMonitorEntryPoint: Processing playback tracker : "TW96aWxsYS81LjAgKFdpbmRvd3MgTlQgMTAuMDsgV2luNjQ7IHg2NCkgQXBwbGVXZWJLaXQvNTM3LjM2IChLSFRNTCwgbGlrZSBHZWNrbykgQ2hyb21lLzEzNS4wLjAuMCBTYWZhcmkvNTM3LjM2fDE3NDU4ODQ3MTg3NDA1-66ef7bd1c406421895b8c43a8ff9f32c-2c00cd62f5521a25dfe24a4634a5ebd8"
[2025-08-31 21:20:22.679 -03:00] [INF] [43] MediaBrowser.MediaEncoding.Transcoding.TranscodeManager: Deleting partial stream file(s) "/config/cache/transcodes/5c0cf9c382d828d23fddb7b0f7740122.m3u8"
[2025-08-31 21:20:22.884 -03:00] [INF] [43] Jellyfin.Api.Helpers.MediaInfoHelper: User policy for "luiz". EnablePlaybackRemuxing: True EnableVideoPlaybackTranscoding: True EnableAudioPlaybackTranscoding: True
[2025-08-31 21:20:24.254 -03:00] [INF] [141] Emby.Server.Implementations.Session.SessionManager: Playback stopped reported by app "Jellyfin Web" "10.10.7" playing "Primeiro dia". Stopped at "3382847" ms
[2025-08-31 21:20:24.263 -03:00] [INF] [43] Jellyfin.Plugin.PlaybackReporting.EventMonitorEntryPoint: Playback stop tracker found, processing stop : "TW96aWxsYS81LjAgKFdpbmRvd3MgTlQgMTAuMDsgV2luNjQ7IHg2NCkgQXBwbGVXZWJLaXQvNTM3LjM2IChLSFRNTCwgbGlrZSBHZWNrbykgQ2hyb21lLzEzNS4wLjAuMCBTYWZhcmkvNTM3LjM2fDE3NDU4ODQ3MTg3NDA1-66ef7bd1c406421895b8c43a8ff9f32c-2c00cd62f5521a25dfe24a4634a5ebd8"
[2025-08-31 21:20:24.263 -03:00] [INF] [43] Jellyfin.Plugin.PlaybackReporting.Data.PlaybackTracker: PlaybackTracker : Adding Stop Event : 08/31/2025 21:20:24
[2025-08-31 21:20:24.264 -03:00] [INF] [43] Jellyfin.Plugin.PlaybackReporting.EventMonitorEntryPoint: Saving playback tracking activity in DB
[2025-08-31 21:20:26.043 -03:00] [INF] [56] Jellyfin.Api.Controllers.DynamicHlsController: Current HLS implementation doesn't support non-keyframe breaks but one is requested, ignoring that request
[2025-08-31 21:20:26.066 -03:00] [INF] [56] MediaBrowser.MediaEncoding.Transcoding.TranscodeManager: "/usr/lib/jellyfin-ffmpeg/ffmpeg" "-analyzeduration 200M -probesize 1G -fflags +genpts  -i file:\"/data/serie/Invasion.2021.S02E01.1080p.WEB-DL.DUAL.5.1/Invasion.S02E01.1080p.WEB-DL.DUAL.5.1.mkv\" -map_metadata -1 -map_chapters -1 -threads 6 -map 0:0 -map 0:1 -map -0:s -codec:v:0 copy -bsf:v h264_mp4toannexb -start_at_zero -codec:a:0 libfdk_aac -ac 2 -ab 256000 -af \"volume=2\" -copyts -avoid_negative_ts disabled -max_muxing_queue_size 2048 -f hls -max_delay 5000000 -hls_time 6 -hls_segment_type fmp4 -hls_fmp4_init_filename \"550fde1de1c5ff92da2f53ac85b86688-1.mp4\" -start_number 0 -hls_segment_filename \"/config/cache/transcodes/550fde1de1c5ff92da2f53ac85b86688%d.mp4\" -hls_playlist_type vod -hls_list_size 0 -y \"/config/cache/transcodes/550fde1de1c5ff92da2f53ac85b86688.m3u8\""
[2025-08-31 21:20:28.037 -03:00] [INF] [8] Jellyfin.Plugin.PlaybackReporting.EventMonitorEntryPoint: Adding playback tracker : TW96aWxsYS81LjAgKFdpbmRvd3MgTlQgMTAuMDsgV2luNjQ7IHg2NCkgQXBwbGVXZWJLaXQvNTM3LjM2IChLSFRNTCwgbGlrZSBHZWNrbykgQ2hyb21lLzEzNS4wLjAuMCBTYWZhcmkvNTM3LjM2fDE3NDU4ODQ3MTg3NDA1-66ef7bd1c406421895b8c43a8ff9f32c-abcf33a535bedf4a9295119b50358a62
[2025-08-31 21:20:28.037 -03:00] [INF] [8] Jellyfin.Plugin.PlaybackReporting.Data.PlaybackTracker: PlaybackTracker : Adding Start Event : 08/31/2025 21:20:28
[2025-08-31 21:20:28.037 -03:00] [INF] [8] Jellyfin.Plugin.PlaybackReporting.EventMonitorEntryPoint: Creating StartPlaybackTimer Task
[2025-08-31 21:20:28.037 -03:00] [INF] [8] Jellyfin.Plugin.PlaybackReporting.EventMonitorEntryPoint: StartPlaybackTimer : Entered
[2025-08-31 21:20:28.152 -03:00] [INF] [8] Jellyfin.Plugin.PlaybackReporting.EventMonitorEntryPoint: Processing playback tracker : "TW96aWxsYS81LjAgKFdpbmRvd3MgTlQgMTAuMDsgV2luNjQ7IHg2NCkgQXBwbGVXZWJLaXQvNTM3LjM2IChLSFRNTCwgbGlrZSBHZWNrbykgQ2hyb21lLzEzNS4wLjAuMCBTYWZhcmkvNTM3LjM2fDE3NDU4ODQ3MTg3NDA1-66ef7bd1c406421895b8c43a8ff9f32c-abcf33a535bedf4a9295119b50358a62"
[2025-08-31 21:20:48.040 -03:00] [INF] [8] Jellyfin.Plugin.PlaybackReporting.EventMonitorEntryPoint: session.RemoteEndPoint : "192.168.1.7"
[2025-08-31 21:20:48.041 -03:00] [INF] [8] Jellyfin.Plugin.PlaybackReporting.EventMonitorEntryPoint: StartPlaybackTimer : event_playing_id     = "abcf33a535bedf4a9295119b50358a62"
[2025-08-31 21:20:48.041 -03:00] [INF] [8] Jellyfin.Plugin.PlaybackReporting.EventMonitorEntryPoint: StartPlaybackTimer : event_user_id        = "66ef7bd1c406421895b8c43a8ff9f32c"
[2025-08-31 21:20:48.041 -03:00] [INF] [8] Jellyfin.Plugin.PlaybackReporting.EventMonitorEntryPoint: StartPlaybackTimer : event_user_id_int    = 1
[2025-08-31 21:20:48.041 -03:00] [INF] [8] Jellyfin.Plugin.PlaybackReporting.EventMonitorEntryPoint: StartPlaybackTimer : session_playing_id   = "abcf33a535bedf4a9295119b50358a62"
[2025-08-31 21:20:48.041 -03:00] [INF] [8] Jellyfin.Plugin.PlaybackReporting.EventMonitorEntryPoint: StartPlaybackTimer : session_user_id      = "66ef7bd1c406421895b8c43a8ff9f32c"
[2025-08-31 21:20:48.041 -03:00] [INF] [8] Jellyfin.Plugin.PlaybackReporting.EventMonitorEntryPoint: StartPlaybackTimer : play_method          = "Transcode (v:direct a:aac)"
[2025-08-31 21:20:48.041 -03:00] [INF] [8] Jellyfin.Plugin.PlaybackReporting.EventMonitorEntryPoint: StartPlaybackTimer : e.ClientName         = "Jellyfin Web"
[2025-08-31 21:20:48.041 -03:00] [INF] [8] Jellyfin.Plugin.PlaybackReporting.EventMonitorEntryPoint: StartPlaybackTimer : e.DeviceName         = "Chrome"
[2025-08-31 21:20:48.041 -03:00] [INF] [8] Jellyfin.Plugin.PlaybackReporting.EventMonitorEntryPoint: StartPlaybackTimer : ItemName             = "Invasão - s02e01 - Alguma coisa mudou"
[2025-08-31 21:20:48.041 -03:00] [INF] [8] Jellyfin.Plugin.PlaybackReporting.EventMonitorEntryPoint: StartPlaybackTimer : ItemId               = "abcf33a535bedf4a9295119b50358a62"
[2025-08-31 21:20:48.041 -03:00] [INF] [8] Jellyfin.Plugin.PlaybackReporting.EventMonitorEntryPoint: StartPlaybackTimer : ItemType             = "Episode"
[2025-08-31 21:20:48.041 -03:00] [INF] [8] Jellyfin.Plugin.PlaybackReporting.EventMonitorEntryPoint: StartPlaybackTimer : All matches, playback registered
[2025-08-31 21:20:48.041 -03:00] [INF] [8] Jellyfin.Plugin.PlaybackReporting.EventMonitorEntryPoint: Playback tracker found, adding playback info : "TW96aWxsYS81LjAgKFdpbmRvd3MgTlQgMTAuMDsgV2luNjQ7IHg2NCkgQXBwbGVXZWJLaXQvNTM3LjM2IChLSFRNTCwgbGlrZSBHZWNrbykgQ2hyb21lLzEzNS4wLjAuMCBTYWZhcmkvNTM3LjM2fDE3NDU4ODQ3MTg3NDA1-66ef7bd1c406421895b8c43a8ff9f32c-abcf33a535bedf4a9295119b50358a62"
[2025-08-31 21:20:48.041 -03:00] [INF] [8] Jellyfin.Plugin.PlaybackReporting.EventMonitorEntryPoint: Saving playback tracking activity in DB
[2025-08-31 21:20:48.044 -03:00] [INF] [8] Jellyfin.Plugin.PlaybackReporting.EventMonitorEntryPoint: StartPlaybackTimer : Exited
[2025-08-31 21:20:48.166 -03:00] [INF] [141] Jellyfin.Plugin.PlaybackReporting.EventMonitorEntryPoint: Processing playback tracker : "TW96aWxsYS81LjAgKFdpbmRvd3MgTlQgMTAuMDsgV2luNjQ7IHg2NCkgQXBwbGVXZWJLaXQvNTM3LjM2IChLSFRNTCwgbGlrZSBHZWNrbykgQ2hyb21lLzEzNS4wLjAuMCBTYWZhcmkvNTM3LjM2fDE3NDU4ODQ3MTg3NDA1-66ef7bd1c406421895b8c43a8ff9f32c-abcf33a535bedf4a9295119b50358a62"
[2025-08-31 21:20:49.975 -03:00] [INF] [43] MediaBrowser.MediaEncoding.Subtitles.SubtitleEncoder: "/usr/lib/jellyfin-ffmpeg/ffmpeg" "-i file:\"/data/serie/Invasion.2021.S02E01.1080p.WEB-DL.DUAL.5.1/Invasion.S02E01.1080p.WEB-DL.DUAL.5.1.mkv\" -copyts -map 0:3 -an -vn -c:s copy \"/config/data/data/subtitles/5/5e22c6ab-d442-3f96-a041-7d60fd4c1bf1.ass\" -map 0:4 -an -vn -c:s copy \"/config/data/data/subtitles/a/ac291d40-e16e-27db-9ba3-f2431a1228b5.ass\""
[2025-08-31 21:21:08.581 -03:00] [INF] [122] Jellyfin.Plugin.PlaybackReporting.EventMonitorEntryPoint: Processing playback tracker : "TW96aWxsYS81LjAgKFdpbmRvd3MgTlQgMTAuMDsgV2luNjQ7IHg2NCkgQXBwbGVXZWJLaXQvNTM3LjM2IChLSFRNTCwgbGlrZSBHZWNrbykgQ2hyb21lLzEzNS4wLjAuMCBTYWZhcmkvNTM3LjM2fDE3NDU4ODQ3MTg3NDA1-66ef7bd1c406421895b8c43a8ff9f32c-abcf33a535bedf4a9295119b50358a62"
[2025-08-31 21:21:15.930 -03:00] [INF] [43] MediaBrowser.Controller.MediaEncoding.TranscodingJob: Stopping ffmpeg process with q command for "/config/cache/transcodes/550fde1de1c5ff92da2f53ac85b86688.m3u8"
[2025-08-31 21:21:16.098 -03:00] [INF] [8] Emby.Server.Implementations.HttpServer.WebSocketManager: WS "192.168.1.7" closed
[2025-08-31 21:21:16.302 -03:00] [INF] [43] MediaBrowser.MediaEncoding.Transcoding.TranscodeManager: FFmpeg exited with code 0
[2025-08-31 21:21:16.303 -03:00] [INF] [43] MediaBrowser.MediaEncoding.Transcoding.TranscodeManager: Deleting partial stream file(s) "/config/cache/transcodes/550fde1de1c5ff92da2f53ac85b86688.m3u8"
[2025-08-31 21:21:17.411 -03:00] [INF] [170] Emby.Server.Implementations.HttpServer.WebSocketManager: WS "192.168.1.7" request
[2025-08-31 21:21:17.934 -03:00] [INF] [170] Emby.Server.Implementations.Session.SessionManager: Playback stopped reported by app "Jellyfin Web" "10.10.7" playing "Alguma coisa mudou". Stopped at "31210" ms
[2025-08-31 21:21:17.937 -03:00] [INF] [8] Jellyfin.Plugin.PlaybackReporting.EventMonitorEntryPoint: Playback stop tracker found, processing stop : "TW96aWxsYS81LjAgKFdpbmRvd3MgTlQgMTAuMDsgV2luNjQ7IHg2NCkgQXBwbGVXZWJLaXQvNTM3LjM2IChLSFRNTCwgbGlrZSBHZWNrbykgQ2hyb21lLzEzNS4wLjAuMCBTYWZhcmkvNTM3LjM2fDE3NDU4ODQ3MTg3NDA1-66ef7bd1c406421895b8c43a8ff9f32c-abcf33a535bedf4a9295119b50358a62"
[2025-08-31 21:21:17.938 -03:00] [INF] [8] Jellyfin.Plugin.PlaybackReporting.Data.PlaybackTracker: PlaybackTracker : Adding Stop Event : 08/31/2025 21:21:17
[2025-08-31 21:21:17.938 -03:00] [INF] [8] Jellyfin.Plugin.PlaybackReporting.EventMonitorEntryPoint: Saving playback tracking activity in DB
[2025-08-31 21:21:24.990 -03:00] [INF] [8] MediaBrowser.MediaEncoding.Subtitles.SubtitleEncoder: Setting ass font within "/config/data/data/subtitles/5/5e22c6ab-d442-3f96-a041-7d60fd4c1bf1.ass"
[2025-08-31 21:21:24.999 -03:00] [INF] [8] MediaBrowser.MediaEncoding.Subtitles.SubtitleEncoder: ffmpeg subtitle extraction completed for "file:\"/data/serie/Invasion.2021.S02E01.1080p.WEB-DL.DUAL.5.1/Invasion.S02E01.1080p.WEB-DL.DUAL.5.1.mkv\"" to "/config/data/data/subtitles/5/5e22c6ab-d442-3f96-a041-7d60fd4c1bf1.ass"
[2025-08-31 21:21:24.999 -03:00] [INF] [8] MediaBrowser.MediaEncoding.Subtitles.SubtitleEncoder: Setting ass font within "/config/data/data/subtitles/a/ac291d40-e16e-27db-9ba3-f2431a1228b5.ass"
[2025-08-31 21:21:25.000 -03:00] [INF] [56] MediaBrowser.MediaEncoding.Subtitles.SubtitleEncoder: ffmpeg subtitle extraction completed for "file:\"/data/serie/Invasion.2021.S02E01.1080p.WEB-DL.DUAL.5.1/Invasion.S02E01.1080p.WEB-DL.DUAL.5.1.mkv\"" to "/config/data/data/subtitles/a/ac291d40-e16e-27db-9ba3-f2431a1228b5.ass"
[2025-08-31 21:21:27.435 -03:00] [INF] [56] Jellyfin.Api.Helpers.MediaInfoHelper: User policy for "luiz". EnablePlaybackRemuxing: True EnableVideoPlaybackTranscoding: True EnableAudioPlaybackTranscoding: True
[2025-08-31 21:21:29.464 -03:00] [INF] [8] Jellyfin.Api.Controllers.DynamicHlsController: Current HLS implementation doesn't support non-keyframe breaks but one is requested, ignoring that request
[2025-08-31 21:21:29.468 -03:00] [INF] [8] MediaBrowser.MediaEncoding.Transcoding.TranscodeManager: "/usr/lib/jellyfin-ffmpeg/ffmpeg" "-analyzeduration 200M -probesize 1G -fflags +genpts  -i file:\"/data/serie/Invasion.2021.S02E01.1080p.WEB-DL.DUAL.5.1/Invasion.S02E01.1080p.WEB-DL.DUAL.5.1.mkv\" -map_metadata -1 -map_chapters -1 -threads 6 -map 0:0 -map 0:1 -map -0:s -codec:v:0 copy -bsf:v h264_mp4toannexb -start_at_zero -codec:a:0 libfdk_aac -ac 2 -ab 256000 -af \"volume=2\" -copyts -avoid_negative_ts disabled -max_muxing_queue_size 2048 -f hls -max_delay 5000000 -hls_time 6 -hls_segment_type fmp4 -hls_fmp4_init_filename \"67f09753b3389e43744d2ea218af2cac-1.mp4\" -start_number 0 -hls_segment_filename \"/config/cache/transcodes/67f09753b3389e43744d2ea218af2cac%d.mp4\" -hls_playlist_type vod -hls_list_size 0 -y \"/config/cache/transcodes/67f09753b3389e43744d2ea218af2cac.m3u8\""
[2025-08-31 21:21:31.251 -03:00] [INF] [153] Jellyfin.Plugin.PlaybackReporting.EventMonitorEntryPoint: Adding playback tracker : TW96aWxsYS81LjAgKFdpbmRvd3MgTlQgMTAuMDsgV2luNjQ7IHg2NCkgQXBwbGVXZWJLaXQvNTM3LjM2IChLSFRNTCwgbGlrZSBHZWNrbykgQ2hyb21lLzEzNS4wLjAuMCBTYWZhcmkvNTM3LjM2fDE3NDU4ODQ3MTg3NDA1-66ef7bd1c406421895b8c43a8ff9f32c-abcf33a535bedf4a9295119b50358a62
[2025-08-31 21:21:31.251 -03:00] [INF] [153] Jellyfin.Plugin.PlaybackReporting.Data.PlaybackTracker: PlaybackTracker : Adding Start Event : 08/31/2025 21:21:31
[2025-08-31 21:21:31.251 -03:00] [INF] [153] Jellyfin.Plugin.PlaybackReporting.EventMonitorEntryPoint: Creating StartPlaybackTimer Task
[2025-08-31 21:21:31.251 -03:00] [INF] [56] Jellyfin.Plugin.PlaybackReporting.EventMonitorEntryPoint: StartPlaybackTimer : Entered
[2025-08-31 21:21:31.398 -03:00] [INF] [170] Jellyfin.Plugin.PlaybackReporting.EventMonitorEntryPoint: Processing playback tracker : "TW96aWxsYS81LjAgKFdpbmRvd3MgTlQgMTAuMDsgV2luNjQ7IHg2NCkgQXBwbGVXZWJLaXQvNTM3LjM2IChLSFRNTCwgbGlrZSBHZWNrbykgQ2hyb21lLzEzNS4wLjAuMCBTYWZhcmkvNTM3LjM2fDE3NDU4ODQ3MTg3NDA1-66ef7bd1c406421895b8c43a8ff9f32c-abcf33a535bedf4a9295119b50358a62"
[2025-08-31 21:21:51.252 -03:00] [INF] [141] Jellyfin.Plugin.PlaybackReporting.EventMonitorEntryPoint: session.RemoteEndPoint : "192.168.1.7"
[2025-08-31 21:21:51.252 -03:00] [INF] [141] Jellyfin.Plugin.PlaybackReporting.EventMonitorEntryPoint: StartPlaybackTimer : event_playing_id     = "abcf33a535bedf4a9295119b50358a62"
[2025-08-31 21:21:51.252 -03:00] [INF] [141] Jellyfin.Plugin.PlaybackReporting.EventMonitorEntryPoint: StartPlaybackTimer : event_user_id        = "66ef7bd1c406421895b8c43a8ff9f32c"
[2025-08-31 21:21:51.252 -03:00] [INF] [141] Jellyfin.Plugin.PlaybackReporting.EventMonitorEntryPoint: StartPlaybackTimer : event_user_id_int    = 1
[2025-08-31 21:21:51.252 -03:00] [INF] [141] Jellyfin.Plugin.PlaybackReporting.EventMonitorEntryPoint: StartPlaybackTimer : session_playing_id   = "abcf33a535bedf4a9295119b50358a62"
[2025-08-31 21:21:51.252 -03:00] [INF] [141] Jellyfin.Plugin.PlaybackReporting.EventMonitorEntryPoint: StartPlaybackTimer : session_user_id      = "66ef7bd1c406421895b8c43a8ff9f32c"
[2025-08-31 21:21:51.252 -03:00] [INF] [141] Jellyfin.Plugin.PlaybackReporting.EventMonitorEntryPoint: StartPlaybackTimer : play_method          = "Transcode (v:direct a:aac)"
[2025-08-31 21:21:51.252 -03:00] [INF] [141] Jellyfin.Plugin.PlaybackReporting.EventMonitorEntryPoint: StartPlaybackTimer : e.ClientName         = "Jellyfin Web"
[2025-08-31 21:21:51.252 -03:00] [INF] [141] Jellyfin.Plugin.PlaybackReporting.EventMonitorEntryPoint: StartPlaybackTimer : e.DeviceName         = "Chrome"
[2025-08-31 21:21:51.252 -03:00] [INF] [141] Jellyfin.Plugin.PlaybackReporting.EventMonitorEntryPoint: StartPlaybackTimer : ItemName             = "Invasão - s02e01 - Alguma coisa mudou"
[2025-08-31 21:21:51.252 -03:00] [INF] [141] Jellyfin.Plugin.PlaybackReporting.EventMonitorEntryPoint: StartPlaybackTimer : ItemId               = "abcf33a535bedf4a9295119b50358a62"
[2025-08-31 21:21:51.252 -03:00] [INF] [141] Jellyfin.Plugin.PlaybackReporting.EventMonitorEntryPoint: StartPlaybackTimer : ItemType             = "Episode"
[2025-08-31 21:21:51.252 -03:00] [INF] [141] Jellyfin.Plugin.PlaybackReporting.EventMonitorEntryPoint: StartPlaybackTimer : All matches, playback registered
[2025-08-31 21:21:51.252 -03:00] [INF] [141] Jellyfin.Plugin.PlaybackReporting.EventMonitorEntryPoint: Playback tracker found, adding playback info : "TW96aWxsYS81LjAgKFdpbmRvd3MgTlQgMTAuMDsgV2luNjQ7IHg2NCkgQXBwbGVXZWJLaXQvNTM3LjM2IChLSFRNTCwgbGlrZSBHZWNrbykgQ2hyb21lLzEzNS4wLjAuMCBTYWZhcmkvNTM3LjM2fDE3NDU4ODQ3MTg3NDA1-66ef7bd1c406421895b8c43a8ff9f32c-abcf33a535bedf4a9295119b50358a62"
[2025-08-31 21:21:51.252 -03:00] [INF] [141] Jellyfin.Plugin.PlaybackReporting.EventMonitorEntryPoint: Saving playback tracking activity in DB
[2025-08-31 21:21:51.255 -03:00] [INF] [141] Jellyfin.Plugin.PlaybackReporting.EventMonitorEntryPoint: StartPlaybackTimer : Exited
[2025-08-31 21:21:52.166 -03:00] [INF] [153] Jellyfin.Plugin.PlaybackReporting.EventMonitorEntryPoint: Processing playback tracker : "TW96aWxsYS81LjAgKFdpbmRvd3MgTlQgMTAuMDsgV2luNjQ7IHg2NCkgQXBwbGVXZWJLaXQvNTM3LjM2IChLSFRNTCwgbGlrZSBHZWNrbykgQ2hyb21lLzEzNS4wLjAuMCBTYWZhcmkvNTM3LjM2fDE3NDU4ODQ3MTg3NDA1-66ef7bd1c406421895b8c43a8ff9f32c-abcf33a535bedf4a9295119b50358a62"
[2025-08-31 21:21:53.123 -03:00] [INF] [170] MediaBrowser.Controller.MediaEncoding.TranscodingJob: Stopping ffmpeg process with q command for "/config/cache/transcodes/67f09753b3389e43744d2ea218af2cac.m3u8"
[2025-08-31 21:21:53.504 -03:00] [INF] [170] MediaBrowser.MediaEncoding.Transcoding.TranscodeManager: FFmpeg exited with code 0
[2025-08-31 21:21:53.504 -03:00] [INF] [170] MediaBrowser.MediaEncoding.Transcoding.TranscodeManager: Deleting partial stream file(s) "/config/cache/transcodes/67f09753b3389e43744d2ea218af2cac.m3u8"
[2025-08-31 21:21:55.088 -03:00] [INF] [153] Emby.Server.Implementations.Session.SessionManager: Playback stopped reported by app "Jellyfin Web" "10.10.7" playing "Alguma coisa mudou". Stopped at "38838" ms
[2025-08-31 21:21:55.093 -03:00] [INF] [170] Jellyfin.Plugin.PlaybackReporting.EventMonitorEntryPoint: Playback stop tracker found, processing stop : "TW96aWxsYS81LjAgKFdpbmRvd3MgTlQgMTAuMDsgV2luNjQ7IHg2NCkgQXBwbGVXZWJLaXQvNTM3LjM2IChLSFRNTCwgbGlrZSBHZWNrbykgQ2hyb21lLzEzNS4wLjAuMCBTYWZhcmkvNTM3LjM2fDE3NDU4ODQ3MTg3NDA1-66ef7bd1c406421895b8c43a8ff9f32c-abcf33a535bedf4a9295119b50358a62"
[2025-08-31 21:21:55.093 -03:00] [INF] [170] Jellyfin.Plugin.PlaybackReporting.Data.PlaybackTracker: PlaybackTracker : Adding Stop Event : 08/31/2025 21:21:55
[2025-08-31 21:21:55.093 -03:00] [INF] [170] Jellyfin.Plugin.PlaybackReporting.EventMonitorEntryPoint: Saving playback tracking activity in DB
[2025-08-31 21:21:56.224 -03:00] [INF] [56] Jellyfin.Api.Helpers.MediaInfoHelper: User policy for "luiz". EnablePlaybackRemuxing: True EnableVideoPlaybackTranscoding: True EnableAudioPlaybackTranscoding: True
[2025-08-31 21:21:58.172 -03:00] [INF] [170] Jellyfin.Api.Controllers.DynamicHlsController: Current HLS implementation doesn't support non-keyframe breaks but one is requested, ignoring that request
[2025-08-31 21:21:58.172 -03:00] [INF] [170] MediaBrowser.MediaEncoding.Transcoding.TranscodeManager: "/usr/lib/jellyfin-ffmpeg/ffmpeg" "-analyzeduration 200M -probesize 1G -fflags +genpts  -i file:\"/data/serie/Invasion.2021.S02E01.1080p.WEB-DL.DUAL.5.1/Invasion.S02E01.1080p.WEB-DL.DUAL.5.1.mkv\" -map_metadata -1 -map_chapters -1 -threads 6 -map 0:0 -map 0:1 -map -0:s -codec:v:0 copy -bsf:v h264_mp4toannexb -start_at_zero -codec:a:0 libfdk_aac -ac 2 -ab 256000 -af \"volume=2\" -copyts -avoid_negative_ts disabled -max_muxing_queue_size 2048 -f hls -max_delay 5000000 -hls_time 6 -hls_segment_type fmp4 -hls_fmp4_init_filename \"73c592ad403beb8be15b2d73209ea77d-1.mp4\" -start_number 0 -hls_segment_filename \"/config/cache/transcodes/73c592ad403beb8be15b2d73209ea77d%d.mp4\" -hls_playlist_type vod -hls_list_size 0 -y \"/config/cache/transcodes/73c592ad403beb8be15b2d73209ea77d.m3u8\""
[2025-08-31 21:21:58.906 -03:00] [INF] [8] Jellyfin.Plugin.PlaybackReporting.EventMonitorEntryPoint: Adding playback tracker : TW96aWxsYS81LjAgKFdpbmRvd3MgTlQgMTAuMDsgV2luNjQ7IHg2NCkgQXBwbGVXZWJLaXQvNTM3LjM2IChLSFRNTCwgbGlrZSBHZWNrbykgQ2hyb21lLzEzNS4wLjAuMCBTYWZhcmkvNTM3LjM2fDE3NDU4ODQ3MTg3NDA1-66ef7bd1c406421895b8c43a8ff9f32c-abcf33a535bedf4a9295119b50358a62
[2025-08-31 21:21:58.907 -03:00] [INF] [8] Jellyfin.Plugin.PlaybackReporting.Data.PlaybackTracker: PlaybackTracker : Adding Start Event : 08/31/2025 21:21:58
[2025-08-31 21:21:58.907 -03:00] [INF] [8] Jellyfin.Plugin.PlaybackReporting.EventMonitorEntryPoint: Creating StartPlaybackTimer Task
[2025-08-31 21:21:58.907 -03:00] [INF] [153] Jellyfin.Plugin.PlaybackReporting.EventMonitorEntryPoint: StartPlaybackTimer : Entered
[2025-08-31 21:21:59.096 -03:00] [INF] [141] Jellyfin.Plugin.PlaybackReporting.EventMonitorEntryPoint: Processing playback tracker : "TW96aWxsYS81LjAgKFdpbmRvd3MgTlQgMTAuMDsgV2luNjQ7IHg2NCkgQXBwbGVXZWJLaXQvNTM3LjM2IChLSFRNTCwgbGlrZSBHZWNrbykgQ2hyb21lLzEzNS4wLjAuMCBTYWZhcmkvNTM3LjM2fDE3NDU4ODQ3MTg3NDA1-66ef7bd1c406421895b8c43a8ff9f32c-abcf33a535bedf4a9295119b50358a62"
[2025-08-31 21:22:18.906 -03:00] [INF] [153] Jellyfin.Plugin.PlaybackReporting.EventMonitorEntryPoint: session.RemoteEndPoint : "192.168.1.7"
[2025-08-31 21:22:18.906 -03:00] [INF] [153] Jellyfin.Plugin.PlaybackReporting.EventMonitorEntryPoint: StartPlaybackTimer : event_playing_id     = "abcf33a535bedf4a9295119b50358a62"
[2025-08-31 21:22:18.906 -03:00] [INF] [153] Jellyfin.Plugin.PlaybackReporting.EventMonitorEntryPoint: StartPlaybackTimer : event_user_id        = "66ef7bd1c406421895b8c43a8ff9f32c"
[2025-08-31 21:22:18.906 -03:00] [INF] [153] Jellyfin.Plugin.PlaybackReporting.EventMonitorEntryPoint: StartPlaybackTimer : event_user_id_int    = 1
[2025-08-31 21:22:18.906 -03:00] [INF] [153] Jellyfin.Plugin.PlaybackReporting.EventMonitorEntryPoint: StartPlaybackTimer : session_playing_id   = "abcf33a535bedf4a9295119b50358a62"
[2025-08-31 21:22:18.906 -03:00] [INF] [153] Jellyfin.Plugin.PlaybackReporting.EventMonitorEntryPoint: StartPlaybackTimer : session_user_id      = "66ef7bd1c406421895b8c43a8ff9f32c"
[2025-08-31 21:22:18.906 -03:00] [INF] [153] Jellyfin.Plugin.PlaybackReporting.EventMonitorEntryPoint: StartPlaybackTimer : play_method          = "Transcode (v:direct a:aac)"
[2025-08-31 21:22:18.906 -03:00] [INF] [153] Jellyfin.Plugin.PlaybackReporting.EventMonitorEntryPoint: StartPlaybackTimer : e.ClientName         = "Jellyfin Web"
[2025-08-31 21:22:18.907 -03:00] [INF] [153] Jellyfin.Plugin.PlaybackReporting.EventMonitorEntryPoint: StartPlaybackTimer : e.DeviceName         = "Chrome"
[2025-08-31 21:22:18.907 -03:00] [INF] [153] Jellyfin.Plugin.PlaybackReporting.EventMonitorEntryPoint: StartPlaybackTimer : ItemName             = "Invasão - s02e01 - Alguma coisa mudou"
[2025-08-31 21:22:18.907 -03:00] [INF] [153] Jellyfin.Plugin.PlaybackReporting.EventMonitorEntryPoint: StartPlaybackTimer : ItemId               = "abcf33a535bedf4a9295119b50358a62"
[2025-08-31 21:22:18.907 -03:00] [INF] [153] Jellyfin.Plugin.PlaybackReporting.EventMonitorEntryPoint: StartPlaybackTimer : ItemType             = "Episode"
[2025-08-31 21:22:18.907 -03:00] [INF] [153] Jellyfin.Plugin.PlaybackReporting.EventMonitorEntryPoint: StartPlaybackTimer : All matches, playback registered
[2025-08-31 21:22:18.907 -03:00] [INF] [153] Jellyfin.Plugin.PlaybackReporting.EventMonitorEntryPoint: Playback tracker found, adding playback info : "TW96aWxsYS81LjAgKFdpbmRvd3MgTlQgMTAuMDsgV2luNjQ7IHg2NCkgQXBwbGVXZWJLaXQvNTM3LjM2IChLSFRNTCwgbGlrZSBHZWNrbykgQ2hyb21lLzEzNS4wLjAuMCBTYWZhcmkvNTM3LjM2fDE3NDU4ODQ3MTg3NDA1-66ef7bd1c406421895b8c43a8ff9f32c-abcf33a535bedf4a9295119b50358a62"
[2025-08-31 21:22:18.907 -03:00] [INF] [153] Jellyfin.Plugin.PlaybackReporting.EventMonitorEntryPoint: Saving playback tracking activity in DB
[2025-08-31 21:22:18.934 -03:00] [INF] [153] Jellyfin.Plugin.PlaybackReporting.EventMonitorEntryPoint: StartPlaybackTimer : Exited
[2025-08-31 21:22:20.062 -03:00] [INF] [141] Jellyfin.Plugin.PlaybackReporting.EventMonitorEntryPoint: Processing playback tracker : "TW96aWxsYS81LjAgKFdpbmRvd3MgTlQgMTAuMDsgV2luNjQ7IHg2NCkgQXBwbGVXZWJLaXQvNTM3LjM2IChLSFRNTCwgbGlrZSBHZWNrbykgQ2hyb21lLzEzNS4wLjAuMCBTYWZhcmkvNTM3LjM2fDE3NDU4ODQ3MTg3NDA1-66ef7bd1c406421895b8c43a8ff9f32c-abcf33a535bedf4a9295119b50358a62"
[2025-08-31 21:22:40.903 -03:00] [INF] [43] Jellyfin.Plugin.PlaybackReporting.EventMonitorEntryPoint: Processing playback tracker : "TW96aWxsYS81LjAgKFdpbmRvd3MgTlQgMTAuMDsgV2luNjQ7IHg2NCkgQXBwbGVXZWJLaXQvNTM3LjM2IChLSFRNTCwgbGlrZSBHZWNrbykgQ2hyb21lLzEzNS4wLjAuMCBTYWZhcmkvNTM3LjM2fDE3NDU4ODQ3MTg3NDA1-66ef7bd1c406421895b8c43a8ff9f32c-abcf33a535bedf4a9295119b50358a62"
[2025-08-31 21:22:41.979 -03:00] [INF] [170] MediaBrowser.MediaEncoding.Transcoding.TranscodeManager: FFmpeg exited with code 0
[2025-08-31 21:23:01.889 -03:00] [INF] [141] Jellyfin.Plugin.PlaybackReporting.EventMonitorEntryPoint: Processing playback tracker : "TW96aWxsYS81LjAgKFdpbmRvd3MgTlQgMTAuMDsgV2luNjQ7IHg2NCkgQXBwbGVXZWJLaXQvNTM3LjM2IChLSFRNTCwgbGlrZSBHZWNrbykgQ2hyb21lLzEzNS4wLjAuMCBTYWZhcmkvNTM3LjM2fDE3NDU4ODQ3MTg3NDA1-66ef7bd1c406421895b8c43a8ff9f32c-abcf33a535bedf4a9295119b50358a62"
[2025-08-31 21:23:20.997 -03:00] [INF] [8] MediaBrowser.MediaEncoding.Transcoding.TranscodeManager: Deleting partial stream file(s) "/config/cache/transcodes/73c592ad403beb8be15b2d73209ea77d.m3u8"
[2025-08-31 21:23:21.029 -03:00] [INF] [170] Emby.Server.Implementations.HttpServer.WebSocketManager: WS "192.168.1.7" closed
[2025-08-31 21:23:22.127 -03:00] [INF] [47] Emby.Server.Implementations.HttpServer.WebSocketManager: WS "192.168.1.7" request
[2025-08-31 21:23:22.665 -03:00] [INF] [8] Emby.Server.Implementations.Session.SessionManager: Playback stopped reported by app "Jellyfin Web" "10.10.7" playing "Alguma coisa mudou". Stopped at "66325" ms
[2025-08-31 21:23:22.672 -03:00] [INF] [148] Jellyfin.Plugin.PlaybackReporting.EventMonitorEntryPoint: Playback stop tracker found, processing stop : "TW96aWxsYS81LjAgKFdpbmRvd3MgTlQgMTAuMDsgV2luNjQ7IHg2NCkgQXBwbGVXZWJLaXQvNTM3LjM2IChLSFRNTCwgbGlrZSBHZWNrbykgQ2hyb21lLzEzNS4wLjAuMCBTYWZhcmkvNTM3LjM2fDE3NDU4ODQ3MTg3NDA1-66ef7bd1c406421895b8c43a8ff9f32c-abcf33a535bedf4a9295119b50358a62"
[2025-08-31 21:23:22.672 -03:00] [INF] [148] Jellyfin.Plugin.PlaybackReporting.Data.PlaybackTracker: PlaybackTracker : Adding Stop Event : 08/31/2025 21:23:22
[2025-08-31 21:23:22.672 -03:00] [INF] [148] Jellyfin.Plugin.PlaybackReporting.EventMonitorEntryPoint: Saving playback tracking activity in DB
[2025-08-31 21:23:44.889 -03:00] [INF] [53] Emby.Server.Implementations.HttpServer.WebSocketManager: WS "192.168.1.7" request
[2025-08-31 21:23:56.335 -03:00] [INF] [148] Jellyfin.Api.Helpers.MediaInfoHelper: User policy for "luiz". EnablePlaybackRemuxing: True EnableVideoPlaybackTranscoding: True EnableAudioPlaybackTranscoding: True
[2025-08-31 21:23:57.994 -03:00] [INF] [148] Jellyfin.Api.Controllers.DynamicHlsController: Current HLS implementation doesn't support non-keyframe breaks but one is requested, ignoring that request
[2025-08-31 21:23:57.994 -03:00] [INF] [148] MediaBrowser.MediaEncoding.Transcoding.TranscodeManager: "/usr/lib/jellyfin-ffmpeg/ffmpeg" "-analyzeduration 200M -probesize 1G -fflags +genpts  -i file:\"/data/serie/Invasion.2021.S02E01.1080p.WEB-DL.DUAL.5.1/Invasion.S02E01.1080p.WEB-DL.DUAL.5.1.mkv\" -map_metadata -1 -map_chapters -1 -threads 6 -map 0:0 -map 0:1 -map -0:s -codec:v:0 copy -bsf:v h264_mp4toannexb -start_at_zero -codec:a:0 libfdk_aac -ac 2 -ab 256000 -af \"volume=2\" -copyts -avoid_negative_ts disabled -max_muxing_queue_size 2048 -f hls -max_delay 5000000 -hls_time 6 -hls_segment_type fmp4 -hls_fmp4_init_filename \"a66b56c5c9b7925769174920f719b28a-1.mp4\" -start_number 0 -hls_segment_filename \"/config/cache/transcodes/a66b56c5c9b7925769174920f719b28a%d.mp4\" -hls_playlist_type vod -hls_list_size 0 -y \"/config/cache/transcodes/a66b56c5c9b7925769174920f719b28a.m3u8\""
[2025-08-31 21:23:59.728 -03:00] [INF] [148] Jellyfin.Plugin.PlaybackReporting.EventMonitorEntryPoint: Adding playback tracker : TW96aWxsYS81LjAgKFdpbmRvd3MgTlQgMTAuMDsgV2luNjQ7IHg2NCkgQXBwbGVXZWJLaXQvNTM3LjM2IChLSFRNTCwgbGlrZSBHZWNrbykgQ2hyb21lLzEzNS4wLjAuMCBTYWZhcmkvNTM3LjM2fDE3NDU4ODQ3MTg3NDA1-66ef7bd1c406421895b8c43a8ff9f32c-abcf33a535bedf4a9295119b50358a62
[2025-08-31 21:23:59.728 -03:00] [INF] [148] Jellyfin.Plugin.PlaybackReporting.Data.PlaybackTracker: PlaybackTracker : Adding Start Event : 08/31/2025 21:23:59
[2025-08-31 21:23:59.728 -03:00] [INF] [148] Jellyfin.Plugin.PlaybackReporting.EventMonitorEntryPoint: Creating StartPlaybackTimer Task
[2025-08-31 21:23:59.728 -03:00] [INF] [53] Jellyfin.Plugin.PlaybackReporting.EventMonitorEntryPoint: StartPlaybackTimer : Entered
[2025-08-31 21:23:59.899 -03:00] [INF] [53] Jellyfin.Plugin.PlaybackReporting.EventMonitorEntryPoint: Processing playback tracker : "TW96aWxsYS81LjAgKFdpbmRvd3MgTlQgMTAuMDsgV2luNjQ7IHg2NCkgQXBwbGVXZWJLaXQvNTM3LjM2IChLSFRNTCwgbGlrZSBHZWNrbykgQ2hyb21lLzEzNS4wLjAuMCBTYWZhcmkvNTM3LjM2fDE3NDU4ODQ3MTg3NDA1-66ef7bd1c406421895b8c43a8ff9f32c-abcf33a535bedf4a9295119b50358a62"
[2025-08-31 21:24:19.727 -03:00] [INF] [119] Jellyfin.Plugin.PlaybackReporting.EventMonitorEntryPoint: session.RemoteEndPoint : "192.168.1.7"
[2025-08-31 21:24:19.727 -03:00] [INF] [119] Jellyfin.Plugin.PlaybackReporting.EventMonitorEntryPoint: StartPlaybackTimer : event_playing_id     = "abcf33a535bedf4a9295119b50358a62"
[2025-08-31 21:24:19.727 -03:00] [INF] [119] Jellyfin.Plugin.PlaybackReporting.EventMonitorEntryPoint: StartPlaybackTimer : event_user_id        = "66ef7bd1c406421895b8c43a8ff9f32c"
[2025-08-31 21:24:19.727 -03:00] [INF] [119] Jellyfin.Plugin.PlaybackReporting.EventMonitorEntryPoint: StartPlaybackTimer : event_user_id_int    = 1
[2025-08-31 21:24:19.727 -03:00] [INF] [119] Jellyfin.Plugin.PlaybackReporting.EventMonitorEntryPoint: StartPlaybackTimer : session_playing_id   = "abcf33a535bedf4a9295119b50358a62"
[2025-08-31 21:24:19.727 -03:00] [INF] [119] Jellyfin.Plugin.PlaybackReporting.EventMonitorEntryPoint: StartPlaybackTimer : session_user_id      = "66ef7bd1c406421895b8c43a8ff9f32c"
[2025-08-31 21:24:19.728 -03:00] [INF] [119] Jellyfin.Plugin.PlaybackReporting.EventMonitorEntryPoint: StartPlaybackTimer : play_method          = "Transcode (v:direct a:aac)"
[2025-08-31 21:24:19.728 -03:00] [INF] [119] Jellyfin.Plugin.PlaybackReporting.EventMonitorEntryPoint: StartPlaybackTimer : e.ClientName         = "Jellyfin Web"
[2025-08-31 21:24:19.728 -03:00] [INF] [119] Jellyfin.Plugin.PlaybackReporting.EventMonitorEntryPoint: StartPlaybackTimer : e.DeviceName         = "Chrome"
[2025-08-31 21:24:19.728 -03:00] [INF] [119] Jellyfin.Plugin.PlaybackReporting.EventMonitorEntryPoint: StartPlaybackTimer : ItemName             = "Invasão - s02e01 - Alguma coisa mudou"
[2025-08-31 21:24:19.728 -03:00] [INF] [119] Jellyfin.Plugin.PlaybackReporting.EventMonitorEntryPoint: StartPlaybackTimer : ItemId               = "abcf33a535bedf4a9295119b50358a62"
[2025-08-31 21:24:19.728 -03:00] [INF] [119] Jellyfin.Plugin.PlaybackReporting.EventMonitorEntryPoint: StartPlaybackTimer : ItemType             = "Episode"
[2025-08-31 21:24:19.728 -03:00] [INF] [119] Jellyfin.Plugin.PlaybackReporting.EventMonitorEntryPoint: StartPlaybackTimer : All matches, playback registered
[2025-08-31 21:24:19.728 -03:00] [INF] [119] Jellyfin.Plugin.PlaybackReporting.EventMonitorEntryPoint: Playback tracker found, adding playback info : "TW96aWxsYS81LjAgKFdpbmRvd3MgTlQgMTAuMDsgV2luNjQ7IHg2NCkgQXBwbGVXZWJLaXQvNTM3LjM2IChLSFRNTCwgbGlrZSBHZWNrbykgQ2hyb21lLzEzNS4wLjAuMCBTYWZhcmkvNTM3LjM2fDE3NDU4ODQ3MTg3NDA1-66ef7bd1c406421895b8c43a8ff9f32c-abcf33a535bedf4a9295119b50358a62"
[2025-08-31 21:24:19.728 -03:00] [INF] [119] Jellyfin.Plugin.PlaybackReporting.EventMonitorEntryPoint: Saving playback tracking activity in DB
[2025-08-31 21:24:19.733 -03:00] [INF] [119] Jellyfin.Plugin.PlaybackReporting.EventMonitorEntryPoint: StartPlaybackTimer : Exited
[2025-08-31 21:24:20.762 -03:00] [INF] [141] Jellyfin.Plugin.PlaybackReporting.EventMonitorEntryPoint: Processing playback tracker : "TW96aWxsYS81LjAgKFdpbmRvd3MgTlQgMTAuMDsgV2luNjQ7IHg2NCkgQXBwbGVXZWJLaXQvNTM3LjM2IChLSFRNTCwgbGlrZSBHZWNrbykgQ2hyb21lLzEzNS4wLjAuMCBTYWZhcmkvNTM3LjM2fDE3NDU4ODQ3MTg3NDA1-66ef7bd1c406421895b8c43a8ff9f32c-abcf33a535bedf4a9295119b50358a62"
[2025-08-31 21:24:49.655 -03:00] [INF] [148] Jellyfin.Plugin.PlaybackReporting.EventMonitorEntryPoint: Processing playback tracker : "TW96aWxsYS81LjAgKFdpbmRvd3MgTlQgMTAuMDsgV2luNjQ7IHg2NCkgQXBwbGVXZWJLaXQvNTM3LjM2IChLSFRNTCwgbGlrZSBHZWNrbykgQ2hyb21lLzEzNS4wLjAuMCBTYWZhcmkvNTM3LjM2fDE3NDU4ODQ3MTg3NDA1-66ef7bd1c406421895b8c43a8ff9f32c-abcf33a535bedf4a9295119b50358a62"
[2025-08-31 21:24:49.833 -03:00] [INF] [119] MediaBrowser.MediaEncoding.Transcoding.TranscodeManager: FFmpeg exited with code 0
[2025-08-31 21:25:11.503 -03:00] [INF] [107] Jellyfin.Plugin.PlaybackReporting.EventMonitorEntryPoint: Processing playback tracker : "TW96aWxsYS81LjAgKFdpbmRvd3MgTlQgMTAuMDsgV2luNjQ7IHg2NCkgQXBwbGVXZWJLaXQvNTM3LjM2IChLSFRNTCwgbGlrZSBHZWNrbykgQ2hyb21lLzEzNS4wLjAuMCBTYWZhcmkvNTM3LjM2fDE3NDU4ODQ3MTg3NDA1-66ef7bd1c406421895b8c43a8ff9f32c-abcf33a535bedf4a9295119b50358a62"
[2025-08-31 21:26:57.536 -03:00] [INF] [177] Jellyfin.Plugin.PlaybackReporting.EventMonitorEntryPoint: Processing playback tracker : "TW96aWxsYS81LjAgKFdpbmRvd3MgTlQgMTAuMDsgV2luNjQ7IHg2NCkgQXBwbGVXZWJLaXQvNTM3LjM2IChLSFRNTCwgbGlrZSBHZWNrbykgQ2hyb21lLzEzNS4wLjAuMCBTYWZhcmkvNTM3LjM2fDE3NDU4ODQ3MTg3NDA1-66ef7bd1c406421895b8c43a8ff9f32c-abcf33a535bedf4a9295119b50358a62"
[2025-08-31 21:27:46.128 -03:00] [INF] [177] Emby.Server.Implementations.Session.SessionWebSocketListener: Sending ForceKeepAlive message to 1 inactive WebSockets.
[2025-08-31 21:28:57.528 -03:00] [INF] [174] Jellyfin.Plugin.PlaybackReporting.EventMonitorEntryPoint: Processing playback tracker : "TW96aWxsYS81LjAgKFdpbmRvd3MgTlQgMTAuMDsgV2luNjQ7IHg2NCkgQXBwbGVXZWJLaXQvNTM3LjM2IChLSFRNTCwgbGlrZSBHZWNrbykgQ2hyb21lLzEzNS4wLjAuMCBTYWZhcmkvNTM3LjM2fDE3NDU4ODQ3MTg3NDA1-66ef7bd1c406421895b8c43a8ff9f32c-abcf33a535bedf4a9295119b50358a62"
[2025-08-31 21:30:57.537 -03:00] [INF] [122] Jellyfin.Plugin.PlaybackReporting.EventMonitorEntryPoint: Processing playback tracker : "TW96aWxsYS81LjAgKFdpbmRvd3MgTlQgMTAuMDsgV2luNjQ7IHg2NCkgQXBwbGVXZWJLaXQvNTM3LjM2IChLSFRNTCwgbGlrZSBHZWNrbykgQ2hyb21lLzEzNS4wLjAuMCBTYWZhcmkvNTM3LjM2fDE3NDU4ODQ3MTg3NDA1-66ef7bd1c406421895b8c43a8ff9f32c-abcf33a535bedf4a9295119b50358a62"
[2025-08-31 21:31:34.128 -03:00] [INF] [43] Emby.Server.Implementations.Session.SessionWebSocketListener: Sending ForceKeepAlive message to 1 inactive WebSockets.
[2025-08-31 21:32:57.542 -03:00] [INF] [43] Jellyfin.Plugin.PlaybackReporting.EventMonitorEntryPoint: Processing playback tracker : "TW96aWxsYS81LjAgKFdpbmRvd3MgTlQgMTAuMDsgV2luNjQ7IHg2NCkgQXBwbGVXZWJLaXQvNTM3LjM2IChLSFRNTCwgbGlrZSBHZWNrbykgQ2hyb21lLzEzNS4wLjAuMCBTYWZhcmkvNTM3LjM2fDE3NDU4ODQ3MTg3NDA1-66ef7bd1c406421895b8c43a8ff9f32c-abcf33a535bedf4a9295119b50358a62"
[2025-08-31 21:34:57.529 -03:00] [INF] [177] Jellyfin.Plugin.PlaybackReporting.EventMonitorEntryPoint: Processing playback tracker : "TW96aWxsYS81LjAgKFdpbmRvd3MgTlQgMTAuMDsgV2luNjQ7IHg2NCkgQXBwbGVXZWJLaXQvNTM3LjM2IChLSFRNTCwgbGlrZSBHZWNrbykgQ2hyb21lLzEzNS4wLjAuMCBTYWZhcmkvNTM3LjM2fDE3NDU4ODQ3MTg3NDA1-66ef7bd1c406421895b8c43a8ff9f32c-abcf33a535bedf4a9295119b50358a62"
[2025-08-31 21:35:22.128 -03:00] [INF] [146] Emby.Server.Implementations.Session.SessionWebSocketListener: Sending ForceKeepAlive message to 1 inactive WebSockets.
[2025-08-31 21:36:57.525 -03:00] [INF] [56] Jellyfin.Plugin.PlaybackReporting.EventMonitorEntryPoint: Processing playback tracker : "TW96aWxsYS81LjAgKFdpbmRvd3MgTlQgMTAuMDsgV2luNjQ7IHg2NCkgQXBwbGVXZWJLaXQvNTM3LjM2IChLSFRNTCwgbGlrZSBHZWNrbykgQ2hyb21lLzEzNS4wLjAuMCBTYWZhcmkvNTM3LjM2fDE3NDU4ODQ3MTg3NDA1-66ef7bd1c406421895b8c43a8ff9f32c-abcf33a535bedf4a9295119b50358a62"
[2025-08-31 21:38:57.540 -03:00] [INF] [122] Jellyfin.Plugin.PlaybackReporting.EventMonitorEntryPoint: Processing playback tracker : "TW96aWxsYS81LjAgKFdpbmRvd3MgTlQgMTAuMDsgV2luNjQ7IHg2NCkgQXBwbGVXZWJLaXQvNTM3LjM2IChLSFRNTCwgbGlrZSBHZWNrbykgQ2hyb21lLzEzNS4wLjAuMCBTYWZhcmkvNTM3LjM2fDE3NDU4ODQ3MTg3NDA1-66ef7bd1c406421895b8c43a8ff9f32c-abcf33a535bedf4a9295119b50358a62"
[2025-08-31 21:39:46.128 -03:00] [INF] [122] Emby.Server.Implementations.Session.SessionWebSocketListener: Sending ForceKeepAlive message to 1 inactive WebSockets.
[2025-08-31 21:40:57.538 -03:00] [INF] [128] Jellyfin.Plugin.PlaybackReporting.EventMonitorEntryPoint: Processing playback tracker : "TW96aWxsYS81LjAgKFdpbmRvd3MgTlQgMTAuMDsgV2luNjQ7IHg2NCkgQXBwbGVXZWJLaXQvNTM3LjM2IChLSFRNTCwgbGlrZSBHZWNrbykgQ2hyb21lLzEzNS4wLjAuMCBTYWZhcmkvNTM3LjM2fDE3NDU4ODQ3MTg3NDA1-66ef7bd1c406421895b8c43a8ff9f32c-abcf33a535bedf4a9295119b50358a62"
[2025-08-31 21:41:34.127 -03:00] [INF] [56] Emby.Server.Implementations.Session.SessionWebSocketListener: Sending ForceKeepAlive message to 1 inactive WebSockets.
[2025-08-31 21:41:57.547 -03:00] [INF] [128] Jellyfin.Plugin.PlaybackReporting.EventMonitorEntryPoint: Processing playback tracker : "TW96aWxsYS81LjAgKFdpbmRvd3MgTlQgMTAuMDsgV2luNjQ7IHg2NCkgQXBwbGVXZWJLaXQvNTM3LjM2IChLSFRNTCwgbGlrZSBHZWNrbykgQ2hyb21lLzEzNS4wLjAuMCBTYWZhcmkvNTM3LjM2fDE3NDU4ODQ3MTg3NDA1-66ef7bd1c406421895b8c43a8ff9f32c-abcf33a535bedf4a9295119b50358a62"
[2025-08-31 21:43:34.128 -03:00] [INF] [65] Emby.Server.Implementations.Session.SessionWebSocketListener: Sending ForceKeepAlive message to 1 inactive WebSockets.
[2025-08-31 21:43:57.525 -03:00] [INF] [65] Jellyfin.Plugin.PlaybackReporting.EventMonitorEntryPoint: Processing playback tracker : "TW96aWxsYS81LjAgKFdpbmRvd3MgTlQgMTAuMDsgV2luNjQ7IHg2NCkgQXBwbGVXZWJLaXQvNTM3LjM2IChLSFRNTCwgbGlrZSBHZWNrbykgQ2hyb21lLzEzNS4wLjAuMCBTYWZhcmkvNTM3LjM2fDE3NDU4ODQ3MTg3NDA1-66ef7bd1c406421895b8c43a8ff9f32c-abcf33a535bedf4a9295119b50358a62"
[2025-08-31 21:45:22.128 -03:00] [INF] [65] Emby.Server.Implementations.Session.SessionWebSocketListener: Sending ForceKeepAlive message to 1 inactive WebSockets.
[2025-08-31 21:45:58.391 -03:00] [INF] [153] Jellyfin.Plugin.PlaybackReporting.EventMonitorEntryPoint: Processing playback tracker : "TW96aWxsYS81LjAgKFdpbmRvd3MgTlQgMTAuMDsgV2luNjQ7IHg2NCkgQXBwbGVXZWJLaXQvNTM3LjM2IChLSFRNTCwgbGlrZSBHZWNrbykgQ2hyb21lLzEzNS4wLjAuMCBTYWZhcmkvNTM3LjM2fDE3NDU4ODQ3MTg3NDA1-66ef7bd1c406421895b8c43a8ff9f32c-abcf33a535bedf4a9295119b50358a62"
[2025-08-31 21:47:01.519 -03:00] [INF] [56] Jellyfin.Plugin.PlaybackReporting.EventMonitorEntryPoint: Processing playback tracker : "TW96aWxsYS81LjAgKFdpbmRvd3MgTlQgMTAuMDsgV2luNjQ7IHg2NCkgQXBwbGVXZWJLaXQvNTM3LjM2IChLSFRNTCwgbGlrZSBHZWNrbykgQ2hyb21lLzEzNS4wLjAuMCBTYWZhcmkvNTM3LjM2fDE3NDU4ODQ3MTg3NDA1-66ef7bd1c406421895b8c43a8ff9f32c-abcf33a535bedf4a9295119b50358a62"
[2025-08-31 21:47:22.017 -03:00] [INF] [128] Jellyfin.Plugin.PlaybackReporting.EventMonitorEntryPoint: Processing playback tracker : "TW96aWxsYS81LjAgKFdpbmRvd3MgTlQgMTAuMDsgV2luNjQ7IHg2NCkgQXBwbGVXZWJLaXQvNTM3LjM2IChLSFRNTCwgbGlrZSBHZWNrbykgQ2hyb21lLzEzNS4wLjAuMCBTYWZhcmkvNTM3LjM2fDE3NDU4ODQ3MTg3NDA1-66ef7bd1c406421895b8c43a8ff9f32c-abcf33a535bedf4a9295119b50358a62"
[2025-08-31 21:47:42.033 -03:00] [INF] [128] Jellyfin.Plugin.PlaybackReporting.EventMonitorEntryPoint: Processing playback tracker : "TW96aWxsYS81LjAgKFdpbmRvd3MgTlQgMTAuMDsgV2luNjQ7IHg2NCkgQXBwbGVXZWJLaXQvNTM3LjM2IChLSFRNTCwgbGlrZSBHZWNrbykgQ2hyb21lLzEzNS4wLjAuMCBTYWZhcmkvNTM3LjM2fDE3NDU4ODQ3MTg3NDA1-66ef7bd1c406421895b8c43a8ff9f32c-abcf33a535bedf4a9295119b50358a62"
[2025-08-31 21:48:03.031 -03:00] [INF] [65] Jellyfin.Plugin.PlaybackReporting.EventMonitorEntryPoint: Processing playback tracker : "TW96aWxsYS81LjAgKFdpbmRvd3MgTlQgMTAuMDsgV2luNjQ7IHg2NCkgQXBwbGVXZWJLaXQvNTM3LjM2IChLSFRNTCwgbGlrZSBHZWNrbykgQ2hyb21lLzEzNS4wLjAuMCBTYWZhcmkvNTM3LjM2fDE3NDU4ODQ3MTg3NDA1-66ef7bd1c406421895b8c43a8ff9f32c-abcf33a535bedf4a9295119b50358a62"
[2025-08-31 21:48:23.038 -03:00] [INF] [153] Jellyfin.Plugin.PlaybackReporting.EventMonitorEntryPoint: Processing playback tracker : "TW96aWxsYS81LjAgKFdpbmRvd3MgTlQgMTAuMDsgV2luNjQ7IHg2NCkgQXBwbGVXZWJLaXQvNTM3LjM2IChLSFRNTCwgbGlrZSBHZWNrbykgQ2hyb21lLzEzNS4wLjAuMCBTYWZhcmkvNTM3LjM2fDE3NDU4ODQ3MTg3NDA1-66ef7bd1c406421895b8c43a8ff9f32c-abcf33a535bedf4a9295119b50358a62"
[2025-08-31 21:48:43.044 -03:00] [INF] [56] Jellyfin.Plugin.PlaybackReporting.EventMonitorEntryPoint: Processing playback tracker : "TW96aWxsYS81LjAgKFdpbmRvd3MgTlQgMTAuMDsgV2luNjQ7IHg2NCkgQXBwbGVXZWJLaXQvNTM3LjM2IChLSFRNTCwgbGlrZSBHZWNrbykgQ2hyb21lLzEzNS4wLjAuMCBTYWZhcmkvNTM3LjM2fDE3NDU4ODQ3MTg3NDA1-66ef7bd1c406421895b8c43a8ff9f32c-abcf33a535bedf4a9295119b50358a62"
[2025-08-31 21:49:03.052 -03:00] [INF] [153] Jellyfin.Plugin.PlaybackReporting.EventMonitorEntryPoint: Processing playback tracker : "TW96aWxsYS81LjAgKFdpbmRvd3MgTlQgMTAuMDsgV2luNjQ7IHg2NCkgQXBwbGVXZWJLaXQvNTM3LjM2IChLSFRNTCwgbGlrZSBHZWNrbykgQ2hyb21lLzEzNS4wLjAuMCBTYWZhcmkvNTM3LjM2fDE3NDU4ODQ3MTg3NDA1-66ef7bd1c406421895b8c43a8ff9f32c-abcf33a535bedf4a9295119b50358a62"
[2025-08-31 21:49:23.062 -03:00] [INF] [128] Jellyfin.Plugin.PlaybackReporting.EventMonitorEntryPoint: Processing playback tracker : "TW96aWxsYS81LjAgKFdpbmRvd3MgTlQgMTAuMDsgV2luNjQ7IHg2NCkgQXBwbGVXZWJLaXQvNTM3LjM2IChLSFRNTCwgbGlrZSBHZWNrbykgQ2hyb21lLzEzNS4wLjAuMCBTYWZhcmkvNTM3LjM2fDE3NDU4ODQ3MTg3NDA1-66ef7bd1c406421895b8c43a8ff9f32c-abcf33a535bedf4a9295119b50358a62"
[2025-08-31 21:49:43.063 -03:00] [INF] [128] Jellyfin.Plugin.PlaybackReporting.EventMonitorEntryPoint: Processing playback tracker : "TW96aWxsYS81LjAgKFdpbmRvd3MgTlQgMTAuMDsgV2luNjQ7IHg2NCkgQXBwbGVXZWJLaXQvNTM3LjM2IChLSFRNTCwgbGlrZSBHZWNrbykgQ2hyb21lLzEzNS4wLjAuMCBTYWZhcmkvNTM3LjM2fDE3NDU4ODQ3MTg3NDA1-66ef7bd1c406421895b8c43a8ff9f32c-abcf33a535bedf4a9295119b50358a62"
[2025-08-31 21:49:46.128 -03:00] [INF] [43] Emby.Server.Implementations.Session.SessionWebSocketListener: Sending ForceKeepAlive message to 1 inactive WebSockets.
[2025-08-31 21:50:03.081 -03:00] [INF] [56] Jellyfin.Plugin.PlaybackReporting.EventMonitorEntryPoint: Processing playback tracker : "TW96aWxsYS81LjAgKFdpbmRvd3MgTlQgMTAuMDsgV2luNjQ7IHg2NCkgQXBwbGVXZWJLaXQvNTM3LjM2IChLSFRNTCwgbGlrZSBHZWNrbykgQ2hyb21lLzEzNS4wLjAuMCBTYWZhcmkvNTM3LjM2fDE3NDU4ODQ3MTg3NDA1-66ef7bd1c406421895b8c43a8ff9f32c-abcf33a535bedf4a9295119b50358a62"
[2025-08-31 21:50:23.134 -03:00] [INF] [65] Jellyfin.Plugin.PlaybackReporting.EventMonitorEntryPoint: Processing playback tracker : "TW96aWxsYS81LjAgKFdpbmRvd3MgTlQgMTAuMDsgV2luNjQ7IHg2NCkgQXBwbGVXZWJLaXQvNTM3LjM2IChLSFRNTCwgbGlrZSBHZWNrbykgQ2hyb21lLzEzNS4wLjAuMCBTYWZhcmkvNTM3LjM2fDE3NDU4ODQ3MTg3NDA1-66ef7bd1c406421895b8c43a8ff9f32c-abcf33a535bedf4a9295119b50358a62"
[2025-08-31 21:50:44.099 -03:00] [INF] [65] Jellyfin.Plugin.PlaybackReporting.EventMonitorEntryPoint: Processing playback tracker : "TW96aWxsYS81LjAgKFdpbmRvd3MgTlQgMTAuMDsgV2luNjQ7IHg2NCkgQXBwbGVXZWJLaXQvNTM3LjM2IChLSFRNTCwgbGlrZSBHZWNrbykgQ2hyb21lLzEzNS4wLjAuMCBTYWZhcmkvNTM3LjM2fDE3NDU4ODQ3MTg3NDA1-66ef7bd1c406421895b8c43a8ff9f32c-abcf33a535bedf4a9295119b50358a62"
[2025-08-31 21:51:04.124 -03:00] [INF] [43] Jellyfin.Plugin.PlaybackReporting.EventMonitorEntryPoint: Processing playback tracker : "TW96aWxsYS81LjAgKFdpbmRvd3MgTlQgMTAuMDsgV2luNjQ7IHg2NCkgQXBwbGVXZWJLaXQvNTM3LjM2IChLSFRNTCwgbGlrZSBHZWNrbykgQ2hyb21lLzEzNS4wLjAuMCBTYWZhcmkvNTM3LjM2fDE3NDU4ODQ3MTg3NDA1-66ef7bd1c406421895b8c43a8ff9f32c-abcf33a535bedf4a9295119b50358a62"
[2025-08-31 21:51:25.106 -03:00] [INF] [128] Jellyfin.Plugin.PlaybackReporting.EventMonitorEntryPoint: Processing playback tracker : "TW96aWxsYS81LjAgKFdpbmRvd3MgTlQgMTAuMDsgV2luNjQ7IHg2NCkgQXBwbGVXZWJLaXQvNTM3LjM2IChLSFRNTCwgbGlrZSBHZWNrbykgQ2hyb21lLzEzNS4wLjAuMCBTYWZhcmkvNTM3LjM2fDE3NDU4ODQ3MTg3NDA1-66ef7bd1c406421895b8c43a8ff9f32c-abcf33a535bedf4a9295119b50358a62"
[2025-08-31 21:51:45.119 -03:00] [INF] [65] Jellyfin.Plugin.PlaybackReporting.EventMonitorEntryPoint: Processing playback tracker : "TW96aWxsYS81LjAgKFdpbmRvd3MgTlQgMTAuMDsgV2luNjQ7IHg2NCkgQXBwbGVXZWJLaXQvNTM3LjM2IChLSFRNTCwgbGlrZSBHZWNrbykgQ2hyb21lLzEzNS4wLjAuMCBTYWZhcmkvNTM3LjM2fDE3NDU4ODQ3MTg3NDA1-66ef7bd1c406421895b8c43a8ff9f32c-abcf33a535bedf4a9295119b50358a62"
[2025-08-31 21:52:05.137 -03:00] [INF] [56] Jellyfin.Plugin.PlaybackReporting.EventMonitorEntryPoint: Processing playback tracker : "TW96aWxsYS81LjAgKFdpbmRvd3MgTlQgMTAuMDsgV2luNjQ7IHg2NCkgQXBwbGVXZWJLaXQvNTM3LjM2IChLSFRNTCwgbGlrZSBHZWNrbykgQ2hyb21lLzEzNS4wLjAuMCBTYWZhcmkvNTM3LjM2fDE3NDU4ODQ3MTg3NDA1-66ef7bd1c406421895b8c43a8ff9f32c-abcf33a535bedf4a9295119b50358a62"
[2025-08-31 21:52:25.137 -03:00] [INF] [65] Jellyfin.Plugin.PlaybackReporting.EventMonitorEntryPoint: Processing playback tracker : "TW96aWxsYS81LjAgKFdpbmRvd3MgTlQgMTAuMDsgV2luNjQ7IHg2NCkgQXBwbGVXZWJLaXQvNTM3LjM2IChLSFRNTCwgbGlrZSBHZWNrbykgQ2hyb21lLzEzNS4wLjAuMCBTYWZhcmkvNTM3LjM2fDE3NDU4ODQ3MTg3NDA1-66ef7bd1c406421895b8c43a8ff9f32c-abcf33a535bedf4a9295119b50358a62"
[2025-08-31 21:52:45.458 -03:00] [INF] [56] Jellyfin.Plugin.PlaybackReporting.EventMonitorEntryPoint: Processing playback tracker : "TW96aWxsYS81LjAgKFdpbmRvd3MgTlQgMTAuMDsgV2luNjQ7IHg2NCkgQXBwbGVXZWJLaXQvNTM3LjM2IChLSFRNTCwgbGlrZSBHZWNrbykgQ2hyb21lLzEzNS4wLjAuMCBTYWZhcmkvNTM3LjM2fDE3NDU4ODQ3MTg3NDA1-66ef7bd1c406421895b8c43a8ff9f32c-abcf33a535bedf4a9295119b50358a62"
[2025-08-31 21:53:06.457 -03:00] [INF] [56] Jellyfin.Plugin.PlaybackReporting.EventMonitorEntryPoint: Processing playback tracker : "TW96aWxsYS81LjAgKFdpbmRvd3MgTlQgMTAuMDsgV2luNjQ7IHg2NCkgQXBwbGVXZWJLaXQvNTM3LjM2IChLSFRNTCwgbGlrZSBHZWNrbykgQ2hyb21lLzEzNS4wLjAuMCBTYWZhcmkvNTM3LjM2fDE3NDU4ODQ3MTg3NDA1-66ef7bd1c406421895b8c43a8ff9f32c-abcf33a535bedf4a9295119b50358a62"
[2025-08-31 21:53:26.465 -03:00] [INF] [56] Jellyfin.Plugin.PlaybackReporting.EventMonitorEntryPoint: Processing playback tracker : "TW96aWxsYS81LjAgKFdpbmRvd3MgTlQgMTAuMDsgV2luNjQ7IHg2NCkgQXBwbGVXZWJLaXQvNTM3LjM2IChLSFRNTCwgbGlrZSBHZWNrbykgQ2hyb21lLzEzNS4wLjAuMCBTYWZhcmkvNTM3LjM2fDE3NDU4ODQ3MTg3NDA1-66ef7bd1c406421895b8c43a8ff9f32c-abcf33a535bedf4a9295119b50358a62"
[2025-08-31 21:53:34.128 -03:00] [INF] [56] Emby.Server.Implementations.Session.SessionWebSocketListener: Sending ForceKeepAlive message to 1 inactive WebSockets.
[2025-08-31 21:53:46.483 -03:00] [INF] [153] Jellyfin.Plugin.PlaybackReporting.EventMonitorEntryPoint: Processing playback tracker : "TW96aWxsYS81LjAgKFdpbmRvd3MgTlQgMTAuMDsgV2luNjQ7IHg2NCkgQXBwbGVXZWJLaXQvNTM3LjM2IChLSFRNTCwgbGlrZSBHZWNrbykgQ2hyb21lLzEzNS4wLjAuMCBTYWZhcmkvNTM3LjM2fDE3NDU4ODQ3MTg3NDA1-66ef7bd1c406421895b8c43a8ff9f32c-abcf33a535bedf4a9295119b50358a62"
[2025-08-31 21:54:06.498 -03:00] [INF] [153] Jellyfin.Plugin.PlaybackReporting.EventMonitorEntryPoint: Processing playback tracker : "TW96aWxsYS81LjAgKFdpbmRvd3MgTlQgMTAuMDsgV2luNjQ7IHg2NCkgQXBwbGVXZWJLaXQvNTM3LjM2IChLSFRNTCwgbGlrZSBHZWNrbykgQ2hyb21lLzEzNS4wLjAuMCBTYWZhcmkvNTM3LjM2fDE3NDU4ODQ3MTg3NDA1-66ef7bd1c406421895b8c43a8ff9f32c-abcf33a535bedf4a9295119b50358a62"
[2025-08-31 21:54:27.497 -03:00] [INF] [56] Jellyfin.Plugin.PlaybackReporting.EventMonitorEntryPoint: Processing playback tracker : "TW96aWxsYS81LjAgKFdpbmRvd3MgTlQgMTAuMDsgV2luNjQ7IHg2NCkgQXBwbGVXZWJLaXQvNTM3LjM2IChLSFRNTCwgbGlrZSBHZWNrbykgQ2hyb21lLzEzNS4wLjAuMCBTYWZhcmkvNTM3LjM2fDE3NDU4ODQ3MTg3NDA1-66ef7bd1c406421895b8c43a8ff9f32c-abcf33a535bedf4a9295119b50358a62"
[2025-08-31 21:54:48.497 -03:00] [INF] [56] Jellyfin.Plugin.PlaybackReporting.EventMonitorEntryPoint: Processing playback tracker : "TW96aWxsYS81LjAgKFdpbmRvd3MgTlQgMTAuMDsgV2luNjQ7IHg2NCkgQXBwbGVXZWJLaXQvNTM3LjM2IChLSFRNTCwgbGlrZSBHZWNrbykgQ2hyb21lLzEzNS4wLjAuMCBTYWZhcmkvNTM3LjM2fDE3NDU4ODQ3MTg3NDA1-66ef7bd1c406421895b8c43a8ff9f32c-abcf33a535bedf4a9295119b50358a62"
[2025-08-31 21:55:08.516 -03:00] [INF] [65] Jellyfin.Plugin.PlaybackReporting.EventMonitorEntryPoint: Processing playback tracker : "TW96aWxsYS81LjAgKFdpbmRvd3MgTlQgMTAuMDsgV2luNjQ7IHg2NCkgQXBwbGVXZWJLaXQvNTM3LjM2IChLSFRNTCwgbGlrZSBHZWNrbykgQ2hyb21lLzEzNS4wLjAuMCBTYWZhcmkvNTM3LjM2fDE3NDU4ODQ3MTg3NDA1-66ef7bd1c406421895b8c43a8ff9f32c-abcf33a535bedf4a9295119b50358a62"
[2025-08-31 21:55:28.517 -03:00] [INF] [56] Jellyfin.Plugin.PlaybackReporting.EventMonitorEntryPoint: Processing playback tracker : "TW96aWxsYS81LjAgKFdpbmRvd3MgTlQgMTAuMDsgV2luNjQ7IHg2NCkgQXBwbGVXZWJLaXQvNTM3LjM2IChLSFRNTCwgbGlrZSBHZWNrbykgQ2hyb21lLzEzNS4wLjAuMCBTYWZhcmkvNTM3LjM2fDE3NDU4ODQ3MTg3NDA1-66ef7bd1c406421895b8c43a8ff9f32c-abcf33a535bedf4a9295119b50358a62"
[2025-08-31 21:55:48.521 -03:00] [INF] [43] Jellyfin.Plugin.PlaybackReporting.EventMonitorEntryPoint: Processing playback tracker : "TW96aWxsYS81LjAgKFdpbmRvd3MgTlQgMTAuMDsgV2luNjQ7IHg2NCkgQXBwbGVXZWJLaXQvNTM3LjM2IChLSFRNTCwgbGlrZSBHZWNrbykgQ2hyb21lLzEzNS4wLjAuMCBTYWZhcmkvNTM3LjM2fDE3NDU4ODQ3MTg3NDA1-66ef7bd1c406421895b8c43a8ff9f32c-abcf33a535bedf4a9295119b50358a62"
[2025-08-31 21:56:08.538 -03:00] [INF] [146] Jellyfin.Plugin.PlaybackReporting.EventMonitorEntryPoint: Processing playback tracker : "TW96aWxsYS81LjAgKFdpbmRvd3MgTlQgMTAuMDsgV2luNjQ7IHg2NCkgQXBwbGVXZWJLaXQvNTM3LjM2IChLSFRNTCwgbGlrZSBHZWNrbykgQ2hyb21lLzEzNS4wLjAuMCBTYWZhcmkvNTM3LjM2fDE3NDU4ODQ3MTg3NDA1-66ef7bd1c406421895b8c43a8ff9f32c-abcf33a535bedf4a9295119b50358a62"
[2025-08-31 21:56:29.534 -03:00] [INF] [97] Jellyfin.Plugin.PlaybackReporting.EventMonitorEntryPoint: Processing playback tracker : "TW96aWxsYS81LjAgKFdpbmRvd3MgTlQgMTAuMDsgV2luNjQ7IHg2NCkgQXBwbGVXZWJLaXQvNTM3LjM2IChLSFRNTCwgbGlrZSBHZWNrbykgQ2hyb21lLzEzNS4wLjAuMCBTYWZhcmkvNTM3LjM2fDE3NDU4ODQ3MTg3NDA1-66ef7bd1c406421895b8c43a8ff9f32c-abcf33a535bedf4a9295119b50358a62"
[2025-08-31 21:56:49.561 -03:00] [INF] [153] Jellyfin.Plugin.PlaybackReporting.EventMonitorEntryPoint: Processing playback tracker : "TW96aWxsYS81LjAgKFdpbmRvd3MgTlQgMTAuMDsgV2luNjQ7IHg2NCkgQXBwbGVXZWJLaXQvNTM3LjM2IChLSFRNTCwgbGlrZSBHZWNrbykgQ2hyb21lLzEzNS4wLjAuMCBTYWZhcmkvNTM3LjM2fDE3NDU4ODQ3MTg3NDA1-66ef7bd1c406421895b8c43a8ff9f32c-abcf33a535bedf4a9295119b50358a62"
[2025-08-31 21:57:09.564 -03:00] [INF] [97] Jellyfin.Plugin.PlaybackReporting.EventMonitorEntryPoint: Processing playback tracker : "TW96aWxsYS81LjAgKFdpbmRvd3MgTlQgMTAuMDsgV2luNjQ7IHg2NCkgQXBwbGVXZWJLaXQvNTM3LjM2IChLSFRNTCwgbGlrZSBHZWNrbykgQ2hyb21lLzEzNS4wLjAuMCBTYWZhcmkvNTM3LjM2fDE3NDU4ODQ3MTg3NDA1-66ef7bd1c406421895b8c43a8ff9f32c-abcf33a535bedf4a9295119b50358a62"
[2025-08-31 21:57:22.128 -03:00] [INF] [47] Emby.Server.Implementations.Session.SessionWebSocketListener: Sending ForceKeepAlive message to 1 inactive WebSockets.
[2025-08-31 21:57:35.457 -03:00] [INF] [97] Jellyfin.Plugin.PlaybackReporting.EventMonitorEntryPoint: Processing playback tracker : "TW96aWxsYS81LjAgKFdpbmRvd3MgTlQgMTAuMDsgV2luNjQ7IHg2NCkgQXBwbGVXZWJLaXQvNTM3LjM2IChLSFRNTCwgbGlrZSBHZWNrbykgQ2hyb21lLzEzNS4wLjAuMCBTYWZhcmkvNTM3LjM2fDE3NDU4ODQ3MTg3NDA1-66ef7bd1c406421895b8c43a8ff9f32c-abcf33a535bedf4a9295119b50358a62"
[2025-08-31 21:57:55.460 -03:00] [INF] [146] Jellyfin.Plugin.PlaybackReporting.EventMonitorEntryPoint: Processing playback tracker : "TW96aWxsYS81LjAgKFdpbmRvd3MgTlQgMTAuMDsgV2luNjQ7IHg2NCkgQXBwbGVXZWJLaXQvNTM3LjM2IChLSFRNTCwgbGlrZSBHZWNrbykgQ2hyb21lLzEzNS4wLjAuMCBTYWZhcmkvNTM3LjM2fDE3NDU4ODQ3MTg3NDA1-66ef7bd1c406421895b8c43a8ff9f32c-abcf33a535bedf4a9295119b50358a62"
[2025-08-31 21:58:25.440 -03:00] [INF] [146] Jellyfin.Plugin.PlaybackReporting.EventMonitorEntryPoint: Processing playback tracker : "TW96aWxsYS81LjAgKFdpbmRvd3MgTlQgMTAuMDsgV2luNjQ7IHg2NCkgQXBwbGVXZWJLaXQvNTM3LjM2IChLSFRNTCwgbGlrZSBHZWNrbykgQ2hyb21lLzEzNS4wLjAuMCBTYWZhcmkvNTM3LjM2fDE3NDU4ODQ3MTg3NDA1-66ef7bd1c406421895b8c43a8ff9f32c-abcf33a535bedf4a9295119b50358a62"
[2025-08-31 21:58:45.455 -03:00] [INF] [146] Jellyfin.Plugin.PlaybackReporting.EventMonitorEntryPoint: Processing playback tracker : "TW96aWxsYS81LjAgKFdpbmRvd3MgTlQgMTAuMDsgV2luNjQ7IHg2NCkgQXBwbGVXZWJLaXQvNTM3LjM2IChLSFRNTCwgbGlrZSBHZWNrbykgQ2hyb21lLzEzNS4wLjAuMCBTYWZhcmkvNTM3LjM2fDE3NDU4ODQ3MTg3NDA1-66ef7bd1c406421895b8c43a8ff9f32c-abcf33a535bedf4a9295119b50358a62"
[2025-08-31 21:59:05.470 -03:00] [INF] [43] Jellyfin.Plugin.PlaybackReporting.EventMonitorEntryPoint: Processing playback tracker : "TW96aWxsYS81LjAgKFdpbmRvd3MgTlQgMTAuMDsgV2luNjQ7IHg2NCkgQXBwbGVXZWJLaXQvNTM3LjM2IChLSFRNTCwgbGlrZSBHZWNrbykgQ2hyb21lLzEzNS4wLjAuMCBTYWZhcmkvNTM3LjM2fDE3NDU4ODQ3MTg3NDA1-66ef7bd1c406421895b8c43a8ff9f32c-abcf33a535bedf4a9295119b50358a62"
[2025-08-31 21:59:25.472 -03:00] [INF] [65] Jellyfin.Plugin.PlaybackReporting.EventMonitorEntryPoint: Processing playback tracker : "TW96aWxsYS81LjAgKFdpbmRvd3MgTlQgMTAuMDsgV2luNjQ7IHg2NCkgQXBwbGVXZWJLaXQvNTM3LjM2IChLSFRNTCwgbGlrZSBHZWNrbykgQ2hyb21lLzEzNS4wLjAuMCBTYWZhcmkvNTM3LjM2fDE3NDU4ODQ3MTg3NDA1-66ef7bd1c406421895b8c43a8ff9f32c-abcf33a535bedf4a9295119b50358a62"
[2025-08-31 21:59:45.485 -03:00] [INF] [65] Jellyfin.Plugin.PlaybackReporting.EventMonitorEntryPoint: Processing playback tracker : "TW96aWxsYS81LjAgKFdpbmRvd3MgTlQgMTAuMDsgV2luNjQ7IHg2NCkgQXBwbGVXZWJLaXQvNTM3LjM2IChLSFRNTCwgbGlrZSBHZWNrbykgQ2hyb21lLzEzNS4wLjAuMCBTYWZhcmkvNTM3LjM2fDE3NDU4ODQ3MTg3NDA1-66ef7bd1c406421895b8c43a8ff9f32c-abcf33a535bedf4a9295119b50358a62"
[2025-08-31 22:00:15.497 -03:00] [INF] [65] Jellyfin.Plugin.PlaybackReporting.EventMonitorEntryPoint: Processing playback tracker : "TW96aWxsYS81LjAgKFdpbmRvd3MgTlQgMTAuMDsgV2luNjQ7IHg2NCkgQXBwbGVXZWJLaXQvNTM3LjM2IChLSFRNTCwgbGlrZSBHZWNrbykgQ2hyb21lLzEzNS4wLjAuMCBTYWZhcmkvNTM3LjM2fDE3NDU4ODQ3MTg3NDA1-66ef7bd1c406421895b8c43a8ff9f32c-abcf33a535bedf4a9295119b50358a62"
[2025-08-31 22:00:45.501 -03:00] [INF] [128] Jellyfin.Plugin.PlaybackReporting.EventMonitorEntryPoint: Processing playback tracker : "TW96aWxsYS81LjAgKFdpbmRvd3MgTlQgMTAuMDsgV2luNjQ7IHg2NCkgQXBwbGVXZWJLaXQvNTM3LjM2IChLSFRNTCwgbGlrZSBHZWNrbykgQ2hyb21lLzEzNS4wLjAuMCBTYWZhcmkvNTM3LjM2fDE3NDU4ODQ3MTg3NDA1-66ef7bd1c406421895b8c43a8ff9f32c-abcf33a535bedf4a9295119b50358a62"
[2025-08-31 22:01:05.509 -03:00] [INF] [128] Jellyfin.Plugin.PlaybackReporting.EventMonitorEntryPoint: Processing playback tracker : "TW96aWxsYS81LjAgKFdpbmRvd3MgTlQgMTAuMDsgV2luNjQ7IHg2NCkgQXBwbGVXZWJLaXQvNTM3LjM2IChLSFRNTCwgbGlrZSBHZWNrbykgQ2hyb21lLzEzNS4wLjAuMCBTYWZhcmkvNTM3LjM2fDE3NDU4ODQ3MTg3NDA1-66ef7bd1c406421895b8c43a8ff9f32c-abcf33a535bedf4a9295119b50358a62"
[2025-08-31 22:01:25.524 -03:00] [INF] [65] Jellyfin.Plugin.PlaybackReporting.EventMonitorEntryPoint: Processing playback tracker : "TW96aWxsYS81LjAgKFdpbmRvd3MgTlQgMTAuMDsgV2luNjQ7IHg2NCkgQXBwbGVXZWJLaXQvNTM3LjM2IChLSFRNTCwgbGlrZSBHZWNrbykgQ2hyb21lLzEzNS4wLjAuMCBTYWZhcmkvNTM3LjM2fDE3NDU4ODQ3MTg3NDA1-66ef7bd1c406421895b8c43a8ff9f32c-abcf33a535bedf4a9295119b50358a62"
[2025-08-31 22:01:45.538 -03:00] [INF] [128] Jellyfin.Plugin.PlaybackReporting.EventMonitorEntryPoint: Processing playback tracker : "TW96aWxsYS81LjAgKFdpbmRvd3MgTlQgMTAuMDsgV2luNjQ7IHg2NCkgQXBwbGVXZWJLaXQvNTM3LjM2IChLSFRNTCwgbGlrZSBHZWNrbykgQ2hyb21lLzEzNS4wLjAuMCBTYWZhcmkvNTM3LjM2fDE3NDU4ODQ3MTg3NDA1-66ef7bd1c406421895b8c43a8ff9f32c-abcf33a535bedf4a9295119b50358a62"
[2025-08-31 22:01:46.128 -03:00] [INF] [43] Emby.Server.Implementations.Session.SessionWebSocketListener: Sending ForceKeepAlive message to 1 inactive WebSockets.
[2025-08-31 22:02:05.539 -03:00] [INF] [128] Jellyfin.Plugin.PlaybackReporting.EventMonitorEntryPoint: Processing playback tracker : "TW96aWxsYS81LjAgKFdpbmRvd3MgTlQgMTAuMDsgV2luNjQ7IHg2NCkgQXBwbGVXZWJLaXQvNTM3LjM2IChLSFRNTCwgbGlrZSBHZWNrbykgQ2hyb21lLzEzNS4wLjAuMCBTYWZhcmkvNTM3LjM2fDE3NDU4ODQ3MTg3NDA1-66ef7bd1c406421895b8c43a8ff9f32c-abcf33a535bedf4a9295119b50358a62"
[2025-08-31 22:02:25.553 -03:00] [INF] [43] Jellyfin.Plugin.PlaybackReporting.EventMonitorEntryPoint: Processing playback tracker : "TW96aWxsYS81LjAgKFdpbmRvd3MgTlQgMTAuMDsgV2luNjQ7IHg2NCkgQXBwbGVXZWJLaXQvNTM3LjM2IChLSFRNTCwgbGlrZSBHZWNrbykgQ2hyb21lLzEzNS4wLjAuMCBTYWZhcmkvNTM3LjM2fDE3NDU4ODQ3MTg3NDA1-66ef7bd1c406421895b8c43a8ff9f32c-abcf33a535bedf4a9295119b50358a62"
[2025-08-31 22:02:45.568 -03:00] [INF] [107] Jellyfin.Plugin.PlaybackReporting.EventMonitorEntryPoint: Processing playback tracker : "TW96aWxsYS81LjAgKFdpbmRvd3MgTlQgMTAuMDsgV2luNjQ7IHg2NCkgQXBwbGVXZWJLaXQvNTM3LjM2IChLSFRNTCwgbGlrZSBHZWNrbykgQ2hyb21lLzEzNS4wLjAuMCBTYWZhcmkvNTM3LjM2fDE3NDU4ODQ3MTg3NDA1-66ef7bd1c406421895b8c43a8ff9f32c-abcf33a535bedf4a9295119b50358a62"
[2025-08-31 22:03:05.569 -03:00] [INF] [43] Jellyfin.Plugin.PlaybackReporting.EventMonitorEntryPoint: Processing playback tracker : "TW96aWxsYS81LjAgKFdpbmRvd3MgTlQgMTAuMDsgV2luNjQ7IHg2NCkgQXBwbGVXZWJLaXQvNTM3LjM2IChLSFRNTCwgbGlrZSBHZWNrbykgQ2hyb21lLzEzNS4wLjAuMCBTYWZhcmkvNTM3LjM2fDE3NDU4ODQ3MTg3NDA1-66ef7bd1c406421895b8c43a8ff9f32c-abcf33a535bedf4a9295119b50358a62"
[2025-08-31 22:03:25.580 -03:00] [INF] [107] Jellyfin.Plugin.PlaybackReporting.EventMonitorEntryPoint: Processing playback tracker : "TW96aWxsYS81LjAgKFdpbmRvd3MgTlQgMTAuMDsgV2luNjQ7IHg2NCkgQXBwbGVXZWJLaXQvNTM3LjM2IChLSFRNTCwgbGlrZSBHZWNrbykgQ2hyb21lLzEzNS4wLjAuMCBTYWZhcmkvNTM3LjM2fDE3NDU4ODQ3MTg3NDA1-66ef7bd1c406421895b8c43a8ff9f32c-abcf33a535bedf4a9295119b50358a62"
[2025-08-31 22:03:45.618 -03:00] [INF] [119] Jellyfin.Plugin.PlaybackReporting.EventMonitorEntryPoint: Processing playback tracker : "TW96aWxsYS81LjAgKFdpbmRvd3MgTlQgMTAuMDsgV2luNjQ7IHg2NCkgQXBwbGVXZWJLaXQvNTM3LjM2IChLSFRNTCwgbGlrZSBHZWNrbykgQ2hyb21lLzEzNS4wLjAuMCBTYWZhcmkvNTM3LjM2fDE3NDU4ODQ3MTg3NDA1-66ef7bd1c406421895b8c43a8ff9f32c-abcf33a535bedf4a9295119b50358a62"
[2025-08-31 22:04:05.630 -03:00] [INF] [128] Jellyfin.Plugin.PlaybackReporting.EventMonitorEntryPoint: Processing playback tracker : "TW96aWxsYS81LjAgKFdpbmRvd3MgTlQgMTAuMDsgV2luNjQ7IHg2NCkgQXBwbGVXZWJLaXQvNTM3LjM2IChLSFRNTCwgbGlrZSBHZWNrbykgQ2hyb21lLzEzNS4wLjAuMCBTYWZhcmkvNTM3LjM2fDE3NDU4ODQ3MTg3NDA1-66ef7bd1c406421895b8c43a8ff9f32c-abcf33a535bedf4a9295119b50358a62"
[2025-08-31 22:04:35.614 -03:00] [INF] [107] Jellyfin.Plugin.PlaybackReporting.EventMonitorEntryPoint: Processing playback tracker : "TW96aWxsYS81LjAgKFdpbmRvd3MgTlQgMTAuMDsgV2luNjQ7IHg2NCkgQXBwbGVXZWJLaXQvNTM3LjM2IChLSFRNTCwgbGlrZSBHZWNrbykgQ2hyb21lLzEzNS4wLjAuMCBTYWZhcmkvNTM3LjM2fDE3NDU4ODQ3MTg3NDA1-66ef7bd1c406421895b8c43a8ff9f32c-abcf33a535bedf4a9295119b50358a62"
[2025-08-31 22:05:05.625 -03:00] [INF] [107] Jellyfin.Plugin.PlaybackReporting.EventMonitorEntryPoint: Processing playback tracker : "TW96aWxsYS81LjAgKFdpbmRvd3MgTlQgMTAuMDsgV2luNjQ7IHg2NCkgQXBwbGVXZWJLaXQvNTM3LjM2IChLSFRNTCwgbGlrZSBHZWNrbykgQ2hyb21lLzEzNS4wLjAuMCBTYWZhcmkvNTM3LjM2fDE3NDU4ODQ3MTg3NDA1-66ef7bd1c406421895b8c43a8ff9f32c-abcf33a535bedf4a9295119b50358a62"
[2025-08-31 22:05:34.128 -03:00] [INF] [97] Emby.Server.Implementations.Session.SessionWebSocketListener: Sending ForceKeepAlive message to 1 inactive WebSockets.
[2025-08-31 22:05:35.631 -03:00] [INF] [97] Jellyfin.Plugin.PlaybackReporting.EventMonitorEntryPoint: Processing playback tracker : "TW96aWxsYS81LjAgKFdpbmRvd3MgTlQgMTAuMDsgV2luNjQ7IHg2NCkgQXBwbGVXZWJLaXQvNTM3LjM2IChLSFRNTCwgbGlrZSBHZWNrbykgQ2hyb21lLzEzNS4wLjAuMCBTYWZhcmkvNTM3LjM2fDE3NDU4ODQ3MTg3NDA1-66ef7bd1c406421895b8c43a8ff9f32c-abcf33a535bedf4a9295119b50358a62"
[2025-08-31 22:06:05.636 -03:00] [INF] [97] Jellyfin.Plugin.PlaybackReporting.EventMonitorEntryPoint: Processing playback tracker : "TW96aWxsYS81LjAgKFdpbmRvd3MgTlQgMTAuMDsgV2luNjQ7IHg2NCkgQXBwbGVXZWJLaXQvNTM3LjM2IChLSFRNTCwgbGlrZSBHZWNrbykgQ2hyb21lLzEzNS4wLjAuMCBTYWZhcmkvNTM3LjM2fDE3NDU4ODQ3MTg3NDA1-66ef7bd1c406421895b8c43a8ff9f32c-abcf33a535bedf4a9295119b50358a62"
[2025-08-31 22:06:25.636 -03:00] [INF] [107] Jellyfin.Plugin.PlaybackReporting.EventMonitorEntryPoint: Processing playback tracker : "TW96aWxsYS81LjAgKFdpbmRvd3MgTlQgMTAuMDsgV2luNjQ7IHg2NCkgQXBwbGVXZWJLaXQvNTM3LjM2IChLSFRNTCwgbGlrZSBHZWNrbykgQ2hyb21lLzEzNS4wLjAuMCBTYWZhcmkvNTM3LjM2fDE3NDU4ODQ3MTg3NDA1-66ef7bd1c406421895b8c43a8ff9f32c-abcf33a535bedf4a9295119b50358a62"
[2025-08-31 22:06:45.648 -03:00] [INF] [146] Jellyfin.Plugin.PlaybackReporting.EventMonitorEntryPoint: Processing playback tracker : "TW96aWxsYS81LjAgKFdpbmRvd3MgTlQgMTAuMDsgV2luNjQ7IHg2NCkgQXBwbGVXZWJLaXQvNTM3LjM2IChLSFRNTCwgbGlrZSBHZWNrbykgQ2hyb21lLzEzNS4wLjAuMCBTYWZhcmkvNTM3LjM2fDE3NDU4ODQ3MTg3NDA1-66ef7bd1c406421895b8c43a8ff9f32c-abcf33a535bedf4a9295119b50358a62"
[2025-08-31 22:07:05.679 -03:00] [INF] [153] Jellyfin.Plugin.PlaybackReporting.EventMonitorEntryPoint: Processing playback tracker : "TW96aWxsYS81LjAgKFdpbmRvd3MgTlQgMTAuMDsgV2luNjQ7IHg2NCkgQXBwbGVXZWJLaXQvNTM3LjM2IChLSFRNTCwgbGlrZSBHZWNrbykgQ2hyb21lLzEzNS4wLjAuMCBTYWZhcmkvNTM3LjM2fDE3NDU4ODQ3MTg3NDA1-66ef7bd1c406421895b8c43a8ff9f32c-abcf33a535bedf4a9295119b50358a62"
[2025-08-31 22:07:35.675 -03:00] [INF] [153] Jellyfin.Plugin.PlaybackReporting.EventMonitorEntryPoint: Processing playback tracker : "TW96aWxsYS81LjAgKFdpbmRvd3MgTlQgMTAuMDsgV2luNjQ7IHg2NCkgQXBwbGVXZWJLaXQvNTM3LjM2IChLSFRNTCwgbGlrZSBHZWNrbykgQ2hyb21lLzEzNS4wLjAuMCBTYWZhcmkvNTM3LjM2fDE3NDU4ODQ3MTg3NDA1-66ef7bd1c406421895b8c43a8ff9f32c-abcf33a535bedf4a9295119b50358a62"
[2025-08-31 22:07:55.680 -03:00] [INF] [107] Jellyfin.Plugin.PlaybackReporting.EventMonitorEntryPoint: Processing playback tracker : "TW96aWxsYS81LjAgKFdpbmRvd3MgTlQgMTAuMDsgV2luNjQ7IHg2NCkgQXBwbGVXZWJLaXQvNTM3LjM2IChLSFRNTCwgbGlrZSBHZWNrbykgQ2hyb21lLzEzNS4wLjAuMCBTYWZhcmkvNTM3LjM2fDE3NDU4ODQ3MTg3NDA1-66ef7bd1c406421895b8c43a8ff9f32c-abcf33a535bedf4a9295119b50358a62"
[2025-08-31 22:08:15.685 -03:00] [INF] [119] Jellyfin.Plugin.PlaybackReporting.EventMonitorEntryPoint: Processing playback tracker : "TW96aWxsYS81LjAgKFdpbmRvd3MgTlQgMTAuMDsgV2luNjQ7IHg2NCkgQXBwbGVXZWJLaXQvNTM3LjM2IChLSFRNTCwgbGlrZSBHZWNrbykgQ2hyb21lLzEzNS4wLjAuMCBTYWZhcmkvNTM3LjM2fDE3NDU4ODQ3MTg3NDA1-66ef7bd1c406421895b8c43a8ff9f32c-abcf33a535bedf4a9295119b50358a62"
[2025-08-31 22:08:35.693 -03:00] [INF] [119] Jellyfin.Plugin.PlaybackReporting.EventMonitorEntryPoint: Processing playback tracker : "TW96aWxsYS81LjAgKFdpbmRvd3MgTlQgMTAuMDsgV2luNjQ7IHg2NCkgQXBwbGVXZWJLaXQvNTM3LjM2IChLSFRNTCwgbGlrZSBHZWNrbykgQ2hyb21lLzEzNS4wLjAuMCBTYWZhcmkvNTM3LjM2fDE3NDU4ODQ3MTg3NDA1-66ef7bd1c406421895b8c43a8ff9f32c-abcf33a535bedf4a9295119b50358a62"
[2025-08-31 22:08:55.724 -03:00] [INF] [153] Jellyfin.Plugin.PlaybackReporting.EventMonitorEntryPoint: Processing playback tracker : "TW96aWxsYS81LjAgKFdpbmRvd3MgTlQgMTAuMDsgV2luNjQ7IHg2NCkgQXBwbGVXZWJLaXQvNTM3LjM2IChLSFRNTCwgbGlrZSBHZWNrbykgQ2hyb21lLzEzNS4wLjAuMCBTYWZhcmkvNTM3LjM2fDE3NDU4ODQ3MTg3NDA1-66ef7bd1c406421895b8c43a8ff9f32c-abcf33a535bedf4a9295119b50358a62"
[2025-08-31 22:09:15.730 -03:00] [INF] [128] Jellyfin.Plugin.PlaybackReporting.EventMonitorEntryPoint: Processing playback tracker : "TW96aWxsYS81LjAgKFdpbmRvd3MgTlQgMTAuMDsgV2luNjQ7IHg2NCkgQXBwbGVXZWJLaXQvNTM3LjM2IChLSFRNTCwgbGlrZSBHZWNrbykgQ2hyb21lLzEzNS4wLjAuMCBTYWZhcmkvNTM3LjM2fDE3NDU4ODQ3MTg3NDA1-66ef7bd1c406421895b8c43a8ff9f32c-abcf33a535bedf4a9295119b50358a62"
[2025-08-31 22:09:22.128 -03:00] [INF] [146] Emby.Server.Implementations.Session.SessionWebSocketListener: Sending ForceKeepAlive message to 1 inactive WebSockets.
[2025-08-31 22:09:35.732 -03:00] [INF] [153] Jellyfin.Plugin.PlaybackReporting.EventMonitorEntryPoint: Processing playback tracker : "TW96aWxsYS81LjAgKFdpbmRvd3MgTlQgMTAuMDsgV2luNjQ7IHg2NCkgQXBwbGVXZWJLaXQvNTM3LjM2IChLSFRNTCwgbGlrZSBHZWNrbykgQ2hyb21lLzEzNS4wLjAuMCBTYWZhcmkvNTM3LjM2fDE3NDU4ODQ3MTg3NDA1-66ef7bd1c406421895b8c43a8ff9f32c-abcf33a535bedf4a9295119b50358a62"
[2025-08-31 22:09:55.790 -03:00] [INF] [128] Jellyfin.Plugin.PlaybackReporting.EventMonitorEntryPoint: Processing playback tracker : "TW96aWxsYS81LjAgKFdpbmRvd3MgTlQgMTAuMDsgV2luNjQ7IHg2NCkgQXBwbGVXZWJLaXQvNTM3LjM2IChLSFRNTCwgbGlrZSBHZWNrbykgQ2hyb21lLzEzNS4wLjAuMCBTYWZhcmkvNTM3LjM2fDE3NDU4ODQ3MTg3NDA1-66ef7bd1c406421895b8c43a8ff9f32c-abcf33a535bedf4a9295119b50358a62"
[2025-08-31 22:10:25.768 -03:00] [INF] [153] Jellyfin.Plugin.PlaybackReporting.EventMonitorEntryPoint: Processing playback tracker : "TW96aWxsYS81LjAgKFdpbmRvd3MgTlQgMTAuMDsgV2luNjQ7IHg2NCkgQXBwbGVXZWJLaXQvNTM3LjM2IChLSFRNTCwgbGlrZSBHZWNrbykgQ2hyb21lLzEzNS4wLjAuMCBTYWZhcmkvNTM3LjM2fDE3NDU4ODQ3MTg3NDA1-66ef7bd1c406421895b8c43a8ff9f32c-abcf33a535bedf4a9295119b50358a62"
[2025-08-31 22:10:55.773 -03:00] [INF] [146] Jellyfin.Plugin.PlaybackReporting.EventMonitorEntryPoint: Processing playback tracker : "TW96aWxsYS81LjAgKFdpbmRvd3MgTlQgMTAuMDsgV2luNjQ7IHg2NCkgQXBwbGVXZWJLaXQvNTM3LjM2IChLSFRNTCwgbGlrZSBHZWNrbykgQ2hyb21lLzEzNS4wLjAuMCBTYWZhcmkvNTM3LjM2fDE3NDU4ODQ3MTg3NDA1-66ef7bd1c406421895b8c43a8ff9f32c-abcf33a535bedf4a9295119b50358a62"
[2025-08-31 22:11:15.823 -03:00] [INF] [146] Jellyfin.Plugin.PlaybackReporting.EventMonitorEntryPoint: Processing playback tracker : "TW96aWxsYS81LjAgKFdpbmRvd3MgTlQgMTAuMDsgV2luNjQ7IHg2NCkgQXBwbGVXZWJLaXQvNTM3LjM2IChLSFRNTCwgbGlrZSBHZWNrbykgQ2hyb21lLzEzNS4wLjAuMCBTYWZhcmkvNTM3LjM2fDE3NDU4ODQ3MTg3NDA1-66ef7bd1c406421895b8c43a8ff9f32c-abcf33a535bedf4a9295119b50358a62"
[2025-08-31 22:11:45.783 -03:00] [INF] [128] Jellyfin.Plugin.PlaybackReporting.EventMonitorEntryPoint: Processing playback tracker : "TW96aWxsYS81LjAgKFdpbmRvd3MgTlQgMTAuMDsgV2luNjQ7IHg2NCkgQXBwbGVXZWJLaXQvNTM3LjM2IChLSFRNTCwgbGlrZSBHZWNrbykgQ2hyb21lLzEzNS4wLjAuMCBTYWZhcmkvNTM3LjM2fDE3NDU4ODQ3MTg3NDA1-66ef7bd1c406421895b8c43a8ff9f32c-abcf33a535bedf4a9295119b50358a62"
[2025-08-31 22:12:05.830 -03:00] [INF] [153] Jellyfin.Plugin.PlaybackReporting.EventMonitorEntryPoint: Processing playback tracker : "TW96aWxsYS81LjAgKFdpbmRvd3MgTlQgMTAuMDsgV2luNjQ7IHg2NCkgQXBwbGVXZWJLaXQvNTM3LjM2IChLSFRNTCwgbGlrZSBHZWNrbykgQ2hyb21lLzEzNS4wLjAuMCBTYWZhcmkvNTM3LjM2fDE3NDU4ODQ3MTg3NDA1-66ef7bd1c406421895b8c43a8ff9f32c-abcf33a535bedf4a9295119b50358a62"
[2025-08-31 22:12:19.285 -03:00] [INF] [97] MediaBrowser.MediaEncoding.Transcoding.TranscodeManager: Deleting partial stream file(s) "/config/cache/transcodes/a66b56c5c9b7925769174920f719b28a.m3u8"
[2025-08-31 22:12:19.326 -03:00] [INF] [97] Emby.Server.Implementations.HttpServer.WebSocketManager: WS "192.168.1.7" closed
[2025-08-31 22:12:20.851 -03:00] [INF] [128] Emby.Server.Implementations.Session.SessionManager: Playback stopped reported by app "Jellyfin Web" "10.10.7" playing "Alguma coisa mudou". Stopped at "746800" ms
[2025-08-31 22:12:20.866 -03:00] [INF] [153] Jellyfin.Plugin.PlaybackReporting.EventMonitorEntryPoint: Playback stop tracker found, processing stop : "TW96aWxsYS81LjAgKFdpbmRvd3MgTlQgMTAuMDsgV2luNjQ7IHg2NCkgQXBwbGVXZWJLaXQvNTM3LjM2IChLSFRNTCwgbGlrZSBHZWNrbykgQ2hyb21lLzEzNS4wLjAuMCBTYWZhcmkvNTM3LjM2fDE3NDU4ODQ3MTg3NDA1-66ef7bd1c406421895b8c43a8ff9f32c-abcf33a535bedf4a9295119b50358a62"
[2025-08-31 22:12:20.866 -03:00] [INF] [153] Jellyfin.Plugin.PlaybackReporting.Data.PlaybackTracker: PlaybackTracker : Adding Stop Event : 08/31/2025 22:12:20
[2025-08-31 22:12:20.866 -03:00] [INF] [153] Jellyfin.Plugin.PlaybackReporting.EventMonitorEntryPoint: Saving playback tracking activity in DB
[2025-08-31 22:13:46.128 -03:00] [INF] [128] Emby.Server.Implementations.Session.SessionWebSocketListener: Sending ForceKeepAlive message to 1 inactive WebSockets.
[2025-08-31 22:17:34.127 -03:00] [INF] [56] Emby.Server.Implementations.Session.SessionWebSocketListener: Sending ForceKeepAlive message to 1 inactive WebSockets.
[2025-08-31 22:21:22.128 -03:00] [INF] [23] Emby.Server.Implementations.Session.SessionWebSocketListener: Sending ForceKeepAlive message to 1 inactive WebSockets.
[2025-08-31 22:25:46.128 -03:00] [INF] [165] Emby.Server.Implementations.Session.SessionWebSocketListener: Sending ForceKeepAlive message to 1 inactive WebSockets.
[2025-08-31 22:29:34.129 -03:00] [INF] [51] Emby.Server.Implementations.Session.SessionWebSocketListener: Sending ForceKeepAlive message to 1 inactive WebSockets.
[2025-08-31 22:33:22.128 -03:00] [INF] [10] Emby.Server.Implementations.Session.SessionWebSocketListener: Sending ForceKeepAlive message to 1 inactive WebSockets.
[2025-08-31 22:37:39.165 -03:00] [INF] [116] Emby.Server.Implementations.Library.LibraryManager: Deleting dead "6313ad3f9cb62151d5d71f1df26e48cb" "Aaron Himmel" "Person".
[2025-08-31 22:37:39.166 -03:00] [INF] [116] Emby.Server.Implementations.Library.LibraryManager: Removing item, Type: "Person", Name: "Aaron Himmel", Path: "/config/data/metadata/People/A/Aaron Himmel", Id: 6313ad3f-9cb6-2151-d5d7-1f1df26e48cb
[2025-08-31 22:37:39.167 -03:00] [INF] [116] Emby.Server.Implementations.Library.LibraryManager: Deleting dead "197e30afedfef5ff239b7d8d65a7e0ff" "Aaron Moorhead" "Person".
[2025-08-31 22:37:39.167 -03:00] [INF] [116] Emby.Server.Implementations.Library.LibraryManager: Removing item, Type: "Person", Name: "Aaron Moorhead", Path: "/config/data/metadata/People/A/Aaron Moorhead", Id: 197e30af-edfe-f5ff-239b-7d8d65a7e0ff
[2025-08-31 22:37:39.168 -03:00] [INF] [116] Emby.Server.Implementations.Library.LibraryManager: Deleting dead "eaeea45b41063269f0b3ee5a6161da31" "Adam Ratcliffe" "Person".
[2025-08-31 22:37:39.168 -03:00] [INF] [116] Emby.Server.Implementations.Library.LibraryManager: Removing item, Type: "Person", Name: "Adam Ratcliffe", Path: "/config/data/metadata/People/A/Adam Ratcliffe", Id: eaeea45b-4106-3269-f0b3-ee5a6161da31
[2025-08-31 22:37:39.168 -03:00] [INF] [116] Emby.Server.Implementations.Library.LibraryManager: Deleting dead "d6ea1f00fa7eca2e539ccda00dacb711" "Adrien Brody" "Person".
[2025-08-31 22:37:39.168 -03:00] [INF] [116] Emby.Server.Implementations.Library.LibraryManager: Removing item, Type: "Person", Name: "Adrien Brody", Path: "/config/data/metadata/People/A/Adrien Brody", Id: d6ea1f00-fa7e-ca2e-539c-cda00dacb711
[2025-08-31 22:37:39.169 -03:00] [INF] [116] Emby.Server.Implementations.Library.LibraryManager: Deleting dead "29fe20c6ebbaafc31789c34cecda9914" "Aisha Porter-Christie" "Person".
[2025-08-31 22:37:39.169 -03:00] [INF] [116] Emby.Server.Implementations.Library.LibraryManager: Removing item, Type: "Person", Name: "Aisha Porter-Christie", Path: "/config/data/metadata/People/A/Aisha Porter-Christie", Id: 29fe20c6-ebba-afc3-1789-c34cecda9914
[2025-08-31 22:37:39.169 -03:00] [INF] [116] Emby.Server.Implementations.Library.LibraryManager: Deleting dead "c0143e8173702db0bb4a23d665d9cdc2" "Akie Kotabe" "Person".
[2025-08-31 22:37:39.169 -03:00] [INF] [116] Emby.Server.Implementations.Library.LibraryManager: Removing item, Type: "Person", Name: "Akie Kotabe", Path: "/config/data/metadata/People/A/Akie Kotabe", Id: c0143e81-7370-2db0-bb4a-23d665d9cdc2
[2025-08-31 22:37:39.169 -03:00] [INF] [116] Emby.Server.Implementations.Library.LibraryManager: Deleting dead "1a966ab73e2fe97affdaef62cfe3fd1b" "Alan Tudyk" "Person".
[2025-08-31 22:37:39.169 -03:00] [INF] [116] Emby.Server.Implementations.Library.LibraryManager: Removing item, Type: "Person", Name: "Alan Tudyk", Path: "/config/data/metadata/People/A/Alan Tudyk", Id: 1a966ab7-3e2f-e97a-ffda-ef62cfe3fd1b
[2025-08-31 22:37:39.169 -03:00] [INF] [116] Emby.Server.Implementations.Library.LibraryManager: Deleting dead "fe0526d337d7cf91efdfb15a3ecbd909" "Alessandro Nivola" "Person".
[2025-08-31 22:37:39.169 -03:00] [INF] [116] Emby.Server.Implementations.Library.LibraryManager: Removing item, Type: "Person", Name: "Alessandro Nivola", Path: "/config/data/metadata/People/A/Alessandro Nivola", Id: fe0526d3-37d7-cf91-efdf-b15a3ecbd909
[2025-08-31 22:37:39.170 -03:00] [INF] [116] Emby.Server.Implementations.Library.LibraryManager: Deleting dead "87f3bcbb142c0c4aff63913e3bc335c3" "Alex Goldberger" "Person".
[2025-08-31 22:37:39.170 -03:00] [INF] [116] Emby.Server.Implementations.Library.LibraryManager: Removing item, Type: "Person", Name: "Alex Goldberger", Path: "/config/data/metadata/People/A/Alex Goldberger", Id: 87f3bcbb-142c-0c4a-ff63-913e3bc335c3
[2025-08-31 22:37:39.170 -03:00] [INF] [116] Emby.Server.Implementations.Library.LibraryManager: Deleting dead "e021e8280166047e0ff6e2b9d66af64e" "Alex Hernandez" "Person".
[2025-08-31 22:37:39.170 -03:00] [INF] [116] Emby.Server.Implementations.Library.LibraryManager: Removing item, Type: "Person", Name: "Alex Hernandez", Path: "/config/data/metadata/People/A/Alex Hernandez", Id: e021e828-0166-047e-0ff6-e2b9d66af64e
[2025-08-31 22:37:39.170 -03:00] [INF] [116] Emby.Server.Implementations.Library.LibraryManager: Deleting dead "39f484f739e27e141705b3544aabf37c" "Amanda Marsalis" "Person".
[2025-08-31 22:37:39.170 -03:00] [INF] [116] Emby.Server.Implementations.Library.LibraryManager: Removing item, Type: "Person", Name: "Amanda Marsalis", Path: "/config/data/metadata/People/A/Amanda Marsalis", Id: 39f484f7-39e2-7e14-1705-b3544aabf37c
[2025-08-31 22:37:39.171 -03:00] [INF] [116] Emby.Server.Implementations.Library.LibraryManager: Deleting dead "da3ab3c5f24104e2af858e19d2c32304" "Ammar Mohamed" "Person".
[2025-08-31 22:37:39.171 -03:00] [INF] [116] Emby.Server.Implementations.Library.LibraryManager: Removing item, Type: "Person", Name: "Ammar Mohamed", Path: "/config/data/metadata/People/A/Ammar Mohamed", Id: da3ab3c5-f241-04e2-af85-8e19d2c32304
[2025-08-31 22:37:39.171 -03:00] [INF] [116] Emby.Server.Implementations.Library.LibraryManager: Deleting dead "5d39d6dad8883b2b3a82893cc1557502" "Andrene Ward-Hammond" "Person".
[2025-08-31 22:37:39.171 -03:00] [INF] [116] Emby.Server.Implementations.Library.LibraryManager: Removing item, Type: "Person", Name: "Andrene Ward-Hammond", Path: "/config/data/metadata/People/A/Andrene Ward-Hammond", Id: 5d39d6da-d888-3b2b-3a82-893cc1557502
[2025-08-31 22:37:39.171 -03:00] [INF] [116] Emby.Server.Implementations.Library.LibraryManager: Deleting dead "fe09d280045891179f060ecd27e4bd9d" "Andres Felipe Castro" "Person".
[2025-08-31 22:37:39.171 -03:00] [INF] [116] Emby.Server.Implementations.Library.LibraryManager: Removing item, Type: "Person", Name: "Andres Felipe Castro", Path: "/config/data/metadata/People/A/Andres Felipe Castro", Id: fe09d280-0458-9117-9f06-0ecd27e4bd9d
[2025-08-31 22:37:39.171 -03:00] [INF] [116] Emby.Server.Implementations.Library.LibraryManager: Deleting dead "2334ab1b75d95b9b411ccff0e1c02588" "Andrew Lary" "Person".
[2025-08-31 22:37:39.171 -03:00] [INF] [116] Emby.Server.Implementations.Library.LibraryManager: Removing item, Type: "Person", Name: "Andrew Lary", Path: "/config/data/metadata/People/A/Andrew Lary", Id: 2334ab1b-75d9-5b9b-411c-cff0e1c02588
[2025-08-31 22:37:39.173 -03:00] [INF] [116] Emby.Server.Implementations.Library.LibraryManager: Deleting dead "1c9510cc8c006c4af928e5dcec889aee" "Andrew Lauren" "Person".
[2025-08-31 22:37:39.174 -03:00] [INF] [116] Emby.Server.Implementations.Library.LibraryManager: Removing item, Type: "Person", Name: "Andrew Lauren", Path: "/config/data/metadata/People/A/Andrew Lauren", Id: 1c9510cc-8c00-6c4a-f928-e5dcec889aee
[2025-08-31 22:37:39.174 -03:00] [INF] [116] Emby.Server.Implementations.Library.LibraryManager: Deleting dead "92bf422e67ccd06510fcd1ee616cb144" "Andrew Morrison" "Person".
[2025-08-31 22:37:39.174 -03:00] [INF] [116] Emby.Server.Implementations.Library.LibraryManager: Removing item, Type: "Person", Name: "Andrew Morrison", Path: "/config/data/metadata/People/A/Andrew Morrison", Id: 92bf422e-67cc-d065-10fc-d1ee616cb144
[2025-08-31 22:37:39.174 -03:00] [INF] [116] Emby.Server.Implementations.Library.LibraryManager: Deleting dead "0b0efce8d6dbbadd9f8905952d8be55c" "Andrew Polk" "Person".
[2025-08-31 22:37:39.175 -03:00] [INF] [116] Emby.Server.Implementations.Library.LibraryManager: Removing item, Type: "Person", Name: "Andrew Polk", Path: "/config/data/metadata/People/A/Andrew Polk", Id: 0b0efce8-d6db-badd-9f89-05952d8be55c
[2025-08-31 22:37:39.175 -03:00] [INF] [116] Emby.Server.Implementations.Library.LibraryManager: Deleting dead "ef718c8fb178074afb79a5b571dbd38f" "Angela Sarafyan" "Person".
[2025-08-31 22:37:39.175 -03:00] [INF] [116] Emby.Server.Implementations.Library.LibraryManager: Removing item, Type: "Person", Name: "Angela Sarafyan", Path: "/config/data/metadata/People/A/Angela Sarafyan", Id: ef718c8f-b178-074a-fb79-a5b571dbd38f
[2025-08-31 22:37:39.176 -03:00] [INF] [116] Emby.Server.Implementations.Library.LibraryManager: Deleting dead "9b0ad6acc23f7f4dfa7a255f5f75a585" "Annamária Ligosztájeva" "Person".
[2025-08-31 22:37:39.176 -03:00] [INF] [116] Emby.Server.Implementations.Library.LibraryManager: Removing item, Type: "Person", Name: "Annamária Ligosztájeva", Path: "/config/data/metadata/People/A/Annamária Ligosztájeva", Id: 9b0ad6ac-c23f-7f4d-fa7a-255f5f75a585
[2025-08-31 22:37:39.176 -03:00] [INF] [116] Emby.Server.Implementations.Library.LibraryManager: Deleting dead "7aa242ce3b55ea5b214c0c85652d8538" "Anthony Aquilino" "Person".
[2025-08-31 22:37:39.176 -03:00] [INF] [116] Emby.Server.Implementations.Library.LibraryManager: Removing item, Type: "Person", Name: "Anthony Aquilino", Path: "/config/data/metadata/People/A/Anthony Aquilino", Id: 7aa242ce-3b55-ea5b-214c-0c85652d8538
[2025-08-31 22:37:39.176 -03:00] [INF] [116] Emby.Server.Implementations.Library.LibraryManager: Deleting dead "4779e6008a2ad1dbfcb422536d1b90cf" "Anthony Tittanegro" "Person".
[2025-08-31 22:37:39.176 -03:00] [INF] [116] Emby.Server.Implementations.Library.LibraryManager: Removing item, Type: "Person", Name: "Anthony Tittanegro", Path: "/config/data/metadata/People/A/Anthony Tittanegro", Id: 4779e600-8a2a-d1db-fcb4-22536d1b90cf
[2025-08-31 22:37:39.177 -03:00] [INF] [116] Emby.Server.Implementations.Library.LibraryManager: Deleting dead "ea89d5db743b5e1397fdbf89c0a234d3" "Ariane Labed" "Person".
[2025-08-31 22:37:39.177 -03:00] [INF] [116] Emby.Server.Implementations.Library.LibraryManager: Removing item, Type: "Person", Name: "Ariane Labed", Path: "/config/data/metadata/People/A/Ariane Labed", Id: ea89d5db-743b-5e13-97fd-bf89c0a234d3
[2025-08-31 22:37:39.177 -03:00] [INF] [116] Emby.Server.Implementations.Library.LibraryManager: Deleting dead "833bdf8f6f2ff169d42aeff2eb4b8b9e" "Arty Froushan" "Person".
[2025-08-31 22:37:39.177 -03:00] [INF] [116] Emby.Server.Implementations.Library.LibraryManager: Removing item, Type: "Person", Name: "Arty Froushan", Path: "/config/data/metadata/People/A/Arty Froushan", Id: 833bdf8f-6f2f-f169-d42a-eff2eb4b8b9e
[2025-08-31 22:37:39.177 -03:00] [INF] [116] Emby.Server.Implementations.Library.LibraryManager: Deleting dead "28732138e00235402b9a19a5a1b2f71a" "Ayelet Zurer" "Person".
[2025-08-31 22:37:39.177 -03:00] [INF] [116] Emby.Server.Implementations.Library.LibraryManager: Removing item, Type: "Person", Name: "Ayelet Zurer", Path: "/config/data/metadata/People/A/Ayelet Zurer", Id: 28732138-e002-3540-2b9a-19a5a1b2f71a
[2025-08-31 22:37:39.177 -03:00] [INF] [116] Emby.Server.Implementations.Library.LibraryManager: Deleting dead "acd0bfde9202e17d2bfe2bc1bfcf3c74" "Becky London" "Person".
[2025-08-31 22:37:39.177 -03:00] [INF] [116] Emby.Server.Implementations.Library.LibraryManager: Removing item, Type: "Person", Name: "Becky London", Path: "/config/data/metadata/People/B/Becky London", Id: acd0bfde-9202-e17d-2bfe-2bc1bfcf3c74
[2025-08-31 22:37:39.178 -03:00] [INF] [116] Emby.Server.Implementations.Library.LibraryManager: Deleting dead "91cf48d7bc8af62a416c9db8a502e760" "Ben Livingston" "Person".
[2025-08-31 22:37:39.178 -03:00] [INF] [116] Emby.Server.Implementations.Library.LibraryManager: Removing item, Type: "Person", Name: "Ben Livingston", Path: "/config/data/metadata/People/B/Ben Livingston", Id: 91cf48d7-bc8a-f62a-416c-9db8a502e760
[2025-08-31 22:37:39.178 -03:00] [INF] [116] Emby.Server.Implementations.Library.LibraryManager: Deleting dead "1391193296276ae11cf482095063aa1a" "Bill Everett" "Person".
[2025-08-31 22:37:39.178 -03:00] [INF] [116] Emby.Server.Implementations.Library.LibraryManager: Removing item, Type: "Person", Name: "Bill Everett", Path: "/config/data/metadata/People/B/Bill Everett", Id: 13911932-9627-6ae1-1cf4-82095063aa1a
[2025-08-31 22:37:39.178 -03:00] [INF] [116] Emby.Server.Implementations.Library.LibraryManager: Deleting dead "a8d89ce6fcaa0a222f9b6f8f55f8209b" "Brad Winderbaum" "Person".
[2025-08-31 22:37:39.178 -03:00] [INF] [116] Emby.Server.Implementations.Library.LibraryManager: Removing item, Type: "Person", Name: "Brad Winderbaum", Path: "/config/data/metadata/People/B/Brad Winderbaum", Id: a8d89ce6-fcaa-0a22-2f9b-6f8f55f8209b
[2025-08-31 22:37:39.178 -03:00] [INF] [116] Emby.Server.Implementations.Library.LibraryManager: Deleting dead "2405f954c5ac4f7f10eb0282f50ed4b5" "Bradley Cooper" "Person".
[2025-08-31 22:37:39.178 -03:00] [INF] [116] Emby.Server.Implementations.Library.LibraryManager: Removing item, Type: "Person", Name: "Bradley Cooper", Path: "/config/data/metadata/People/B/Bradley Cooper", Id: 2405f954-c5ac-4f7f-10eb-0282f50ed4b5
[2025-08-31 22:37:39.178 -03:00] [INF] [116] Emby.Server.Implementations.Library.LibraryManager: Deleting dead "88d1c1a4c3b14f96c60d2da3c847f5ef" "Brady Corbet" "Person".
[2025-08-31 22:37:39.178 -03:00] [INF] [116] Emby.Server.Implementations.Library.LibraryManager: Removing item, Type: "Person", Name: "Brady Corbet", Path: "/config/data/metadata/People/B/Brady Corbet", Id: 88d1c1a4-c3b1-4f96-c60d-2da3c847f5ef
[2025-08-31 22:37:39.178 -03:00] [INF] [116] Emby.Server.Implementations.Library.LibraryManager: Deleting dead "75d66aadef4e07369be4dee732d1b55c" "Brian Michael Bendis" "Person".
[2025-08-31 22:37:39.178 -03:00] [INF] [116] Emby.Server.Implementations.Library.LibraryManager: Removing item, Type: "Person", Name: "Brian Michael Bendis", Path: "/config/data/metadata/People/B/Brian Michael Bendis", Id: 75d66aad-ef4e-0736-9be4-dee732d1b55c
[2025-08-31 22:37:39.179 -03:00] [INF] [116] Emby.Server.Implementations.Library.LibraryManager: Deleting dead "8b3dd48f33184c1b470c59f61914238f" "Brian Young" "Person".
[2025-08-31 22:37:39.179 -03:00] [INF] [116] Emby.Server.Implementations.Library.LibraryManager: Removing item, Type: "Person", Name: "Brian Young", Path: "/config/data/metadata/People/B/Brian Young", Id: 8b3dd48f-3318-4c1b-470c-59f61914238f
[2025-08-31 22:37:39.179 -03:00] [INF] [116] Emby.Server.Implementations.Library.LibraryManager: Deleting dead "6454001e0ba7200adbc838a52d45f692" "Buddy Guy" "Person".
[2025-08-31 22:37:39.179 -03:00] [INF] [116] Emby.Server.Implementations.Library.LibraryManager: Removing item, Type: "Person", Name: "Buddy Guy", Path: "/config/data/metadata/People/B/Buddy Guy", Id: 6454001e-0ba7-200a-dbc8-38a52d45f692
[2025-08-31 22:37:39.179 -03:00] [INF] [116] Emby.Server.Implementations.Library.LibraryManager: Deleting dead "88167f6cfa3709d79db437640fe80d8d" "Camille Rowe" "Person".
[2025-08-31 22:37:39.179 -03:00] [INF] [116] Emby.Server.Implementations.Library.LibraryManager: Removing item, Type: "Person", Name: "Camille Rowe", Path: "/config/data/metadata/People/C/Camille Rowe", Id: 88167f6c-fa37-09d7-9db4-37640fe80d8d
[2025-08-31 22:37:39.179 -03:00] [INF] [116] Emby.Server.Implementations.Library.LibraryManager: Deleting dead "2ea14048a8619f09c92cf21f41e680ec" "Carter Stanton" "Person".
[2025-08-31 22:37:39.179 -03:00] [INF] [116] Emby.Server.Implementations.Library.LibraryManager: Removing item, Type: "Person", Name: "Carter Stanton", Path: "/config/data/metadata/People/C/Carter Stanton", Id: 2ea14048-a861-9f09-c92c-f21f41e680ec
[2025-08-31 22:37:39.180 -03:00] [INF] [116] Emby.Server.Implementations.Library.LibraryManager: Deleting dead "5a03ed9740a527fc547e0024874257ab" "Chantal Nong Vo" "Person".
[2025-08-31 22:37:39.180 -03:00] [INF] [116] Emby.Server.Implementations.Library.LibraryManager: Removing item, Type: "Person", Name: "Chantal Nong Vo", Path: "/config/data/metadata/People/C/Chantal Nong Vo", Id: 5a03ed97-40a5-27fc-547e-0024874257ab
[2025-08-31 22:37:39.180 -03:00] [INF] [116] Emby.Server.Implementations.Library.LibraryManager: Deleting dead "977935324aab4493453fa65c1dca5790" "Charlie Cox" "Person".
[2025-08-31 22:37:39.180 -03:00] [INF] [116] Emby.Server.Implementations.Library.LibraryManager: Removing item, Type: "Person", Name: "Charlie Cox", Path: "/config/data/metadata/People/C/Charlie Cox", Id: 97793532-4aab-4493-453f-a65c1dca5790
[2025-08-31 22:37:39.180 -03:00] [INF] [116] Emby.Server.Implementations.Library.LibraryManager: Deleting dead "6b452d87de76d49c70dfd67c9165e200" "Charlie Hudson III" "Person".
[2025-08-31 22:37:39.180 -03:00] [INF] [116] Emby.Server.Implementations.Library.LibraryManager: Removing item, Type: "Person", Name: "Charlie Hudson III", Path: "/config/data/metadata/People/C/Charlie Hudson III", Id: 6b452d87-de76-d49c-70df-d67c9165e200
[2025-08-31 22:37:39.180 -03:00] [INF] [116] Emby.Server.Implementations.Library.LibraryManager: Deleting dead "494ef623cfd1e78ce9a1dee784df7637" "Cherylanne Martin" "Person".
[2025-08-31 22:37:39.180 -03:00] [INF] [116] Emby.Server.Implementations.Library.LibraryManager: Removing item, Type: "Person", Name: "Cherylanne Martin", Path: "/config/data/metadata/People/C/Cherylanne Martin", Id: 494ef623-cfd1-e78c-e9a1-dee784df7637
[2025-08-31 22:37:39.181 -03:00] [INF] [116] Emby.Server.Implementations.Library.LibraryManager: Deleting dead "be30f4b9f831280d69586d0e03283325" "Chris Gary" "Person".
[2025-08-31 22:37:39.181 -03:00] [INF] [116] Emby.Server.Implementations.Library.LibraryManager: Removing item, Type: "Person", Name: "Chris Gary", Path: "/config/data/metadata/People/C/Chris Gary", Id: be30f4b9-f831-280d-6958-6d0e03283325
[2025-08-31 22:37:39.181 -03:00] [INF] [116] Emby.Server.Implementations.Library.LibraryManager: Deleting dead "070e676821aa39c9c0cc1918222e52cb" "Chris Milligan" "Person".
[2025-08-31 22:37:39.181 -03:00] [INF] [116] Emby.Server.Implementations.Library.LibraryManager: Removing item, Type: "Person", Name: "Chris Milligan", Path: "/config/data/metadata/People/C/Chris Milligan", Id: 070e6768-21aa-39c9-c0cc-1918222e52cb
[2025-08-31 22:37:39.181 -03:00] [INF] [116] Emby.Server.Implementations.Library.LibraryManager: Deleting dead "a863613de885a00b384e4ca43f4bd081" "Chris Ord" "Person".
[2025-08-31 22:37:39.181 -03:00] [INF] [116] Emby.Server.Implementations.Library.LibraryManager: Removing item, Type: "Person", Name: "Chris Ord", Path: "/config/data/metadata/People/C/Chris Ord", Id: a863613d-e885-a00b-384e-4ca43f4bd081
[2025-08-31 22:37:39.181 -03:00] [INF] [116] Emby.Server.Implementations.Library.LibraryManager: Deleting dead "d29cd9ffa80915ef1241254023ea3da3" "Christine Vachon" "Person".
[2025-08-31 22:37:39.181 -03:00] [INF] [116] Emby.Server.Implementations.Library.LibraryManager: Removing item, Type: "Person", Name: "Christine Vachon", Path: "/config/data/metadata/People/C/Christine Vachon", Id: d29cd9ff-a809-15ef-1241-254023ea3da3
[2025-08-31 22:37:39.181 -03:00] [INF] [116] Emby.Server.Implementations.Library.LibraryManager: Deleting dead "b48d6a939e0e972b48c27244b1ad2c6c" "Cillian O'Sullivan" "Person".
[2025-08-31 22:37:39.181 -03:00] [INF] [116] Emby.Server.Implementations.Library.LibraryManager: Removing item, Type: "Person", Name: "Cillian O'Sullivan", Path: "/config/data/metadata/People/C/Cillian O'Sullivan", Id: b48d6a93-9e0e-972b-48c2-7244b1ad2c6c
[2025-08-31 22:37:39.181 -03:00] [INF] [116] Emby.Server.Implementations.Library.LibraryManager: Deleting dead "24f961a07ee076a2cf8e2eef4f158436" "Clark Johnson" "Person".
[2025-08-31 22:37:39.182 -03:00] [INF] [116] Emby.Server.Implementations.Library.LibraryManager: Removing item, Type: "Person", Name: "Clark Johnson", Path: "/config/data/metadata/People/C/Clark Johnson", Id: 24f961a0-7ee0-76a2-cf8e-2eef4f158436
[2025-08-31 22:37:39.182 -03:00] [INF] [116] Emby.Server.Implementations.Library.LibraryManager: Deleting dead "a0385a25c5875b91a3d3f5bced50e6d5" "D.J. Gugenheim" "Person".
[2025-08-31 22:37:39.182 -03:00] [INF] [116] Emby.Server.Implementations.Library.LibraryManager: Removing item, Type: "Person", Name: "D.J. Gugenheim", Path: "/config/data/metadata/People/D/D.J. Gugenheim", Id: a0385a25-c587-5b91-a3d3-f5bced50e6d5
[2025-08-31 22:37:39.182 -03:00] [INF] [116] Emby.Server.Implementations.Library.LibraryManager: Deleting dead "a20c6b022a3eec40dfbad7822bab4aed" "Dario Scardapane" "Person".
[2025-08-31 22:37:39.182 -03:00] [INF] [116] Emby.Server.Implementations.Library.LibraryManager: Removing item, Type: "Person", Name: "Dario Scardapane", Path: "/config/data/metadata/People/D/Dario Scardapane", Id: a20c6b02-2a3e-ec40-dfba-d7822bab4aed
[2025-08-31 22:37:39.182 -03:00] [INF] [116] Emby.Server.Implementations.Library.LibraryManager: Deleting dead "4b77e0d25f26aaf547f549f9a27884e7" "David Bonfim" "Person".
[2025-08-31 22:37:39.182 -03:00] [INF] [116] Emby.Server.Implementations.Library.LibraryManager: Removing item, Type: "Person", Name: "David Bonfim", Path: "/config/data/metadata/People/D/David Bonfim", Id: 4b77e0d2-5f26-aaf5-47f5-49f9a27884e7
[2025-08-31 22:37:39.182 -03:00] [INF] [116] Emby.Server.Implementations.Library.LibraryManager: Deleting dead "bd829cd942804990eb1dc8f64e6b2ac1" "David Corenswet" "Person".
[2025-08-31 22:37:39.182 -03:00] [INF] [116] Emby.Server.Implementations.Library.LibraryManager: Removing item, Type: "Person", Name: "David Corenswet", Path: "/config/data/metadata/People/D/David Corenswet", Id: bd829cd9-4280-4990-eb1d-c8f64e6b2ac1
[2025-08-31 22:37:39.182 -03:00] [INF] [116] Emby.Server.Implementations.Library.LibraryManager: Deleting dead "44642a503bd1e8c7ad1238e7f91165ce" "David Feige" "Person".
[2025-08-31 22:37:39.182 -03:00] [INF] [116] Emby.Server.Implementations.Library.LibraryManager: Removing item, Type: "Person", Name: "David Feige", Path: "/config/data/metadata/People/D/David Feige", Id: 44642a50-3bd1-e8c7-ad12-38e7f91165ce
[2025-08-31 22:37:39.183 -03:00] [INF] [116] Emby.Server.Implementations.Library.LibraryManager: Deleting dead "3db5cccb71dce6a4f0422dbde6740d97" "David Hinojosa" "Person".
[2025-08-31 22:37:39.183 -03:00] [INF] [116] Emby.Server.Implementations.Library.LibraryManager: Removing item, Type: "Person", Name: "David Hinojosa", Path: "/config/data/metadata/People/D/David Hinojosa", Id: 3db5cccb-71dc-e6a4-f042-2dbde6740d97
[2025-08-31 22:37:39.183 -03:00] [INF] [116] Emby.Server.Implementations.Library.LibraryManager: Deleting dead "1d969f7e3edfd8f811d7af57082cbde9" "DeWanda Wise" "Person".
[2025-08-31 22:37:39.183 -03:00] [INF] [116] Emby.Server.Implementations.Library.LibraryManager: Removing item, Type: "Person", Name: "DeWanda Wise", Path: "/config/data/metadata/People/D/DeWanda Wise", Id: 1d969f7e-3edf-d8f8-11d7-af57082cbde9
[2025-08-31 22:37:39.193 -03:00] [INF] [116] Emby.Server.Implementations.Library.LibraryManager: Deleting dead "301953e6084634b2ffffbbe1e983d58a" "Debbie Campbell" "Person".
[2025-08-31 22:37:39.193 -03:00] [INF] [116] Emby.Server.Implementations.Library.LibraryManager: Removing item, Type: "Person", Name: "Debbie Campbell", Path: "/config/data/metadata/People/D/Debbie Campbell", Id: 301953e6-0846-34b2-ffff-bbe1e983d58a
[2025-08-31 22:37:39.194 -03:00] [INF] [116] Emby.Server.Implementations.Library.LibraryManager: Deleting dead "6aaf082efadfc2bf361a3e089675d243" "Deborah Hedwall" "Person".
[2025-08-31 22:37:39.194 -03:00] [INF] [116] Emby.Server.Implementations.Library.LibraryManager: Removing item, Type: "Person", Name: "Deborah Hedwall", Path: "/config/data/metadata/People/D/Deborah Hedwall", Id: 6aaf082e-fadf-c2bf-361a-3e089675d243
[2025-08-31 22:37:39.194 -03:00] [INF] [116] Emby.Server.Implementations.Library.LibraryManager: Deleting dead "e1e17ee1bba91fe83f4274e29eeaadfc" "Delroy Lindo" "Person".
[2025-08-31 22:37:39.195 -03:00] [INF] [116] Emby.Server.Implementations.Library.LibraryManager: Removing item, Type: "Person", Name: "Delroy Lindo", Path: "/config/data/metadata/People/D/Delroy Lindo", Id: e1e17ee1-bba9-1fe8-3f42-74e29eeaadfc
[2025-08-31 22:37:39.195 -03:00] [INF] [116] Emby.Server.Implementations.Library.LibraryManager: Deleting dead "eef07218222c316dbd08444f31aca5a5" "Desi Waters" "Person".
[2025-08-31 22:37:39.195 -03:00] [INF] [116] Emby.Server.Implementations.Library.LibraryManager: Removing item, Type: "Person", Name: "Desi Waters", Path: "/config/data/metadata/People/D/Desi Waters", Id: eef07218-222c-316d-bd08-444f31aca5a5
[2025-08-31 22:37:39.195 -03:00] [INF] [116] Emby.Server.Implementations.Library.LibraryManager: Deleting dead "8271fd5f0baf0b198e045d57fa585979" "Devon Kliger" "Person".
[2025-08-31 22:37:39.195 -03:00] [INF] [116] Emby.Server.Implementations.Library.LibraryManager: Removing item, Type: "Person", Name: "Devon Kliger", Path: "/config/data/metadata/People/D/Devon Kliger", Id: 8271fd5f-0baf-0b19-8e04-5d57fa585979
[2025-08-31 22:37:39.195 -03:00] [INF] [116] Emby.Server.Implementations.Library.LibraryManager: Deleting dead "77f59f8f7a63354348b9befc91353fba" "Edi Gathegi" "Person".
[2025-08-31 22:37:39.195 -03:00] [INF] [116] Emby.Server.Implementations.Library.LibraryManager: Removing item, Type: "Person", Name: "Edi Gathegi", Path: "/config/data/metadata/People/E/Edi Gathegi", Id: 77f59f8f-7a63-3543-48b9-befc91353fba
[2025-08-31 22:37:39.195 -03:00] [INF] [116] Emby.Server.Implementations.Library.LibraryManager: Deleting dead "46e3b465d7b2daa1fd8762ce113551eb" "Eleena Khamedoost" "Person".
[2025-08-31 22:37:39.195 -03:00] [INF] [116] Emby.Server.Implementations.Library.LibraryManager: Removing item, Type: "Person", Name: "Eleena Khamedoost", Path: "/config/data/metadata/People/E/Eleena Khamedoost", Id: 46e3b465-d7b2-daa1-fd87-62ce113551eb
[2025-08-31 22:37:39.195 -03:00] [INF] [116] Emby.Server.Implementations.Library.LibraryManager: Deleting dead "f6c6bdfd5c862104713285fb39c6cf75" "Emily Althaus" "Person".
[2025-08-31 22:37:39.195 -03:00] [INF] [116] Emby.Server.Implementations.Library.LibraryManager: Removing item, Type: "Person", Name: "Emily Althaus", Path: "/config/data/metadata/People/E/Emily Althaus", Id: f6c6bdfd-5c86-2104-7132-85fb39c6cf75
[2025-08-31 22:37:39.196 -03:00] [INF] [116] Emby.Server.Implementations.Library.LibraryManager: Deleting dead "c5cd3a492cb325c64365a9fd6df1338c" "Emma Laird" "Person".
[2025-08-31 22:37:39.196 -03:00] [INF] [116] Emby.Server.Implementations.Library.LibraryManager: Removing item, Type: "Person", Name: "Emma Laird", Path: "/config/data/metadata/People/E/Emma Laird", Id: c5cd3a49-2cb3-25c6-4365-a9fd6df1338c
[2025-08-31 22:37:39.196 -03:00] [INF] [116] Emby.Server.Implementations.Library.LibraryManager: Deleting dead "407b569ac4dd2a52e276bd6ea9d264ae" "Felicity Jones" "Person".
[2025-08-31 22:37:39.196 -03:00] [INF] [116] Emby.Server.Implementations.Library.LibraryManager: Removing item, Type: "Person", Name: "Felicity Jones", Path: "/config/data/metadata/People/F/Felicity Jones", Id: 407b569a-c4dd-2a52-e276-bd6ea9d264ae
[2025-08-31 22:37:39.196 -03:00] [INF] [116] Emby.Server.Implementations.Library.LibraryManager: Deleting dead "b520489576b32e627bd178f5ed1cea25" "Galen Vaisman" "Person".
[2025-08-31 22:37:39.196 -03:00] [INF] [116] Emby.Server.Implementations.Library.LibraryManager: Removing item, Type: "Person", Name: "Galen Vaisman", Path: "/config/data/metadata/People/G/Galen Vaisman", Id: b5204895-76b3-2e62-7bd1-78f5ed1cea25
[2025-08-31 22:37:39.196 -03:00] [INF] [116] Emby.Server.Implementations.Library.LibraryManager: Deleting dead "19589fc266960d18980764b422adf7cb" "Genneya Walton" "Person".
[2025-08-31 22:37:39.196 -03:00] [INF] [116] Emby.Server.Implementations.Library.LibraryManager: Removing item, Type: "Person", Name: "Genneya Walton", Path: "/config/data/metadata/People/G/Genneya Walton", Id: 19589fc2-6696-0d18-9807-64b422adf7cb
[2025-08-31 22:37:39.196 -03:00] [INF] [116] Emby.Server.Implementations.Library.LibraryManager: Deleting dead "458162885fae180f8e1337d215eb2573" "Geoffrey Dawe" "Person".
[2025-08-31 22:37:39.196 -03:00] [INF] [116] Emby.Server.Implementations.Library.LibraryManager: Removing item, Type: "Person", Name: "Geoffrey Dawe", Path: "/config/data/metadata/People/G/Geoffrey Dawe", Id: 45816288-5fae-180f-8e13-37d215eb2573
[2025-08-31 22:37:39.197 -03:00] [INF] [116] Emby.Server.Implementations.Library.LibraryManager: Deleting dead "7e81cc0d13571e10410577918029e4a9" "Gino Anthony Pesi" "Person".
[2025-08-31 22:37:39.197 -03:00] [INF] [116] Emby.Server.Implementations.Library.LibraryManager: Removing item, Type: "Person", Name: "Gino Anthony Pesi", Path: "/config/data/metadata/People/G/Gino Anthony Pesi", Id: 7e81cc0d-1357-1e10-4105-77918029e4a9
[2025-08-31 22:37:39.197 -03:00] [INF] [116] Emby.Server.Implementations.Library.LibraryManager: Deleting dead "fe7aa23376bd6209da979894c6970c83" "Grace Chan" "Person".
[2025-08-31 22:37:39.197 -03:00] [INF] [116] Emby.Server.Implementations.Library.LibraryManager: Removing item, Type: "Person", Name: "Grace Chan", Path: "/config/data/metadata/People/G/Grace Chan", Id: fe7aa233-76bd-6209-da97-9894c6970c83
[2025-08-31 22:37:39.197 -03:00] [INF] [116] Emby.Server.Implementations.Library.LibraryManager: Deleting dead "67aa9eeef2d8513141843a9c9a7865cb" "Grainne Godfree" "Person".
[2025-08-31 22:37:39.197 -03:00] [INF] [116] Emby.Server.Implementations.Library.LibraryManager: Removing item, Type: "Person", Name: "Grainne Godfree", Path: "/config/data/metadata/People/G/Grainne Godfree", Id: 67aa9eee-f2d8-5131-4184-3a9c9a7865cb
[2025-08-31 22:37:39.197 -03:00] [INF] [116] Emby.Server.Implementations.Library.LibraryManager: Deleting dead "9fb8b5ac85e57d14d6a105d9fc5358cd" "Guy Pearce" "Person".
[2025-08-31 22:37:39.197 -03:00] [INF] [116] Emby.Server.Implementations.Library.LibraryManager: Removing item, Type: "Person", Name: "Guy Pearce", Path: "/config/data/metadata/People/G/Guy Pearce", Id: 9fb8b5ac-85e5-7d14-d6a1-05d9fc5358cd
[2025-08-31 22:37:39.197 -03:00] [INF] [116] Emby.Server.Implementations.Library.LibraryManager: Deleting dead "dc2d78fff0bfd658eba73b333598e40a" "Hadrian Castro" "Person".
[2025-08-31 22:37:39.199 -03:00] [INF] [116] Emby.Server.Implementations.Library.LibraryManager: Removing item, Type: "Person", Name: "Hadrian Castro", Path: "/config/data/metadata/People/H/Hadrian Castro", Id: dc2d78ff-f0bf-d658-eba7-3b333598e40a
[2025-08-31 22:37:39.199 -03:00] [INF] [116] Emby.Server.Implementations.Library.LibraryManager: Deleting dead "313b65739c46a8c3a92ccb2289f9a735" "Hailee Steinfeld" "Person".
[2025-08-31 22:37:39.199 -03:00] [INF] [116] Emby.Server.Implementations.Library.LibraryManager: Removing item, Type: "Person", Name: "Hailee Steinfeld", Path: "/config/data/metadata/People/H/Hailee Steinfeld", Id: 313b6573-9c46-a8c3-a92c-cb2289f9a735
[2025-08-31 22:37:39.199 -03:00] [INF] [116] Emby.Server.Implementations.Library.LibraryManager: Deleting dead "a6c9ae466425c32e9387abc755fab0a7" "Hamish Allan-Headley" "Person".
[2025-08-31 22:37:39.199 -03:00] [INF] [116] Emby.Server.Implementations.Library.LibraryManager: Removing item, Type: "Person", Name: "Hamish Allan-Headley", Path: "/config/data/metadata/People/H/Hamish Allan-Headley", Id: a6c9ae46-6425-c32e-9387-abc755fab0a7
[2025-08-31 22:37:39.199 -03:00] [INF] [116] Emby.Server.Implementations.Library.LibraryManager: Deleting dead "09c1c015b48ff118c6b69a03dc4eb504" "Heather Bellson" "Person".
[2025-08-31 22:37:39.199 -03:00] [INF] [116] Emby.Server.Implementations.Library.LibraryManager: Removing item, Type: "Person", Name: "Heather Bellson", Path: "/config/data/metadata/People/H/Heather Bellson", Id: 09c1c015-b48f-f118-c6b6-9a03dc4eb504
[2025-08-31 22:37:39.200 -03:00] [INF] [116] Emby.Server.Implementations.Library.LibraryManager: Deleting dead "0cf45e4b38a954319e655914d380a928" "Hunter Doohan" "Person".
[2025-08-31 22:37:39.200 -03:00] [INF] [116] Emby.Server.Implementations.Library.LibraryManager: Removing item, Type: "Person", Name: "Hunter Doohan", Path: "/config/data/metadata/People/H/Hunter Doohan", Id: 0cf45e4b-38a9-5431-9e65-5914d380a928
[2025-08-31 22:37:39.200 -03:00] [INF] [116] Emby.Server.Implementations.Library.LibraryManager: Deleting dead "8ccd4934c13ba9193afac0a0a9e533a2" "Isaach de Bankolé" "Person".
[2025-08-31 22:37:39.200 -03:00] [INF] [116] Emby.Server.Implementations.Library.LibraryManager: Removing item, Type: "Person", Name: "Isaach de Bankolé", Path: "/config/data/metadata/People/I/Isaach de Bankolé", Id: 8ccd4934-c13b-a919-3afa-c0a0a9e533a2
[2025-08-31 22:37:39.200 -03:00] [INF] [116] Emby.Server.Implementations.Library.LibraryManager: Deleting dead "aa4cd70a353e43818dfe033a6792bd1b" "Isabela Merced" "Person".
[2025-08-31 22:37:39.200 -03:00] [INF] [116] Emby.Server.Implementations.Library.LibraryManager: Removing item, Type: "Person", Name: "Isabela Merced", Path: "/config/data/metadata/People/I/Isabela Merced", Id: aa4cd70a-353e-4381-8dfe-033a6792bd1b
[2025-08-31 22:37:39.200 -03:00] [INF] [116] Emby.Server.Implementations.Library.LibraryManager: Deleting dead "dafbf9959d45517b12cda6f0bad6ed5b" "Isla Johnston" "Person".
[2025-08-31 22:37:39.200 -03:00] [INF] [116] Emby.Server.Implementations.Library.LibraryManager: Removing item, Type: "Person", Name: "Isla Johnston", Path: "/config/data/metadata/People/I/Isla Johnston", Id: dafbf995-9d45-517b-12cd-a6f0bad6ed5b
[2025-08-31 22:37:39.201 -03:00] [INF] [116] Emby.Server.Implementations.Library.LibraryManager: Deleting dead "b5984772670f7e04de396e9c81ffd06a" "Jack O'Connell" "Person".
[2025-08-31 22:37:39.201 -03:00] [INF] [116] Emby.Server.Implementations.Library.LibraryManager: Removing item, Type: "Person", Name: "Jack O'Connell", Path: "/config/data/metadata/People/J/Jack O'Connell", Id: b5984772-670f-7e04-de39-6e9c81ffd06a
[2025-08-31 22:37:39.201 -03:00] [INF] [116] Emby.Server.Implementations.Library.LibraryManager: Deleting dead "f8aaaa239bf748c3f165ab2e6feae64b" "James Gunn" "Person".
[2025-08-31 22:37:39.201 -03:00] [INF] [116] Emby.Server.Implementations.Library.LibraryManager: Removing item, Type: "Person", Name: "James Gunn", Path: "/config/data/metadata/People/J/James Gunn", Id: f8aaaa23-9bf7-48c3-f165-ab2e6feae64b
[2025-08-31 22:37:39.201 -03:00] [INF] [116] Emby.Server.Implementations.Library.LibraryManager: Deleting dead "a21233062bdb22efab877565455e52aa" "Jamie Payne" "Person".
[2025-08-31 22:37:39.201 -03:00] [INF] [116] Emby.Server.Implementations.Library.LibraryManager: Removing item, Type: "Person", Name: "Jamie Payne", Path: "/config/data/metadata/People/J/Jamie Payne", Id: a2123306-2bdb-22ef-ab87-7565455e52aa
[2025-08-31 22:37:39.201 -03:00] [INF] [116] Emby.Server.Implementations.Library.LibraryManager: Deleting dead "f381db26bbd18cf3155fca4a70c78a22" "Jannette Anton" "Person".
[2025-08-31 22:37:39.201 -03:00] [INF] [116] Emby.Server.Implementations.Library.LibraryManager: Removing item, Type: "Person", Name: "Jannette Anton", Path: "/config/data/metadata/People/J/Jannette Anton", Id: f381db26-bbd1-8cf3-155f-ca4a70c78a22
[2025-08-31 22:37:39.201 -03:00] [INF] [116] Emby.Server.Implementations.Library.LibraryManager: Deleting dead "a2870cca75819ba862c7965a640642a1" "Jayme Lawson" "Person".
[2025-08-31 22:37:39.201 -03:00] [INF] [116] Emby.Server.Implementations.Library.LibraryManager: Removing item, Type: "Person", Name: "Jayme Lawson", Path: "/config/data/metadata/People/J/Jayme Lawson", Id: a2870cca-7581-9ba8-62c7-965a640642a1
[2025-08-31 22:37:39.201 -03:00] [INF] [116] Emby.Server.Implementations.Library.LibraryManager: Deleting dead "a794b45e90d3f1f6a3267d7af1bf90b6" "Jeffrey Grover" "Person".
[2025-08-31 22:37:39.201 -03:00] [INF] [116] Emby.Server.Implementations.Library.LibraryManager: Removing item, Type: "Person", Name: "Jeffrey Grover", Path: "/config/data/metadata/People/J/Jeffrey Grover", Id: a794b45e-90d3-f1f6-a326-7d7af1bf90b6
[2025-08-31 22:37:39.202 -03:00] [INF] [116] Emby.Server.Implementations.Library.LibraryManager: Deleting dead "447829d1d656ffb86f4ff49c33c7312f" "Jerry Siegel" "Person".
[2025-08-31 22:37:39.202 -03:00] [INF] [116] Emby.Server.Implementations.Library.LibraryManager: Removing item, Type: "Person", Name: "Jerry Siegel", Path: "/config/data/metadata/People/J/Jerry Siegel", Id: 447829d1-d656-ffb8-6f4f-f49c33c7312f
[2025-08-31 22:37:39.202 -03:00] [INF] [116] Emby.Server.Implementations.Library.LibraryManager: Deleting dead "a3235b4b1de166f7e989f2a13de65d77" "Jesse Ozeri" "Person".
[2025-08-31 22:37:39.202 -03:00] [INF] [116] Emby.Server.Implementations.Library.LibraryManager: Removing item, Type: "Person", Name: "Jesse Ozeri", Path: "/config/data/metadata/People/J/Jesse Ozeri", Id: a3235b4b-1de1-66f7-e989-f2a13de65d77
[2025-08-31 22:37:39.202 -03:00] [INF] [116] Emby.Server.Implementations.Library.LibraryManager: Deleting dead "83d5290f6ab4f1065dfe6fabd49dc0f9" "Jesse Wigutow" "Person".
[2025-08-31 22:37:39.202 -03:00] [INF] [116] Emby.Server.Implementations.Library.LibraryManager: Removing item, Type: "Person", Name: "Jesse Wigutow", Path: "/config/data/metadata/People/J/Jesse Wigutow", Id: 83d5290f-6ab4-f106-5dfe-6fabd49dc0f9
[2025-08-31 22:37:39.202 -03:00] [INF] [116] Emby.Server.Implementations.Library.LibraryManager: Deleting dead "fb7cc4db703c138b5e43d0bb04bea9c6" "Jiarui Guo" "Person".
[2025-08-31 22:37:39.202 -03:00] [INF] [116] Emby.Server.Implementations.Library.LibraryManager: Removing item, Type: "Person", Name: "Jiarui Guo", Path: "/config/data/metadata/People/J/Jiarui Guo", Id: fb7cc4db-703c-138b-5e43-d0bb04bea9c6
[2025-08-31 22:37:39.203 -03:00] [INF] [116] Emby.Server.Implementations.Library.LibraryManager: Deleting dead "963838cc5b056b598917ee1940121c59" "Jill Blankenship" "Person".
[2025-08-31 22:37:39.203 -03:00] [INF] [116] Emby.Server.Implementations.Library.LibraryManager: Removing item, Type: "Person", Name: "Jill Blankenship", Path: "/config/data/metadata/People/J/Jill Blankenship", Id: 963838cc-5b05-6b59-8917-ee1940121c59
[2025-08-31 22:37:39.203 -03:00] [INF] [116] Emby.Server.Implementations.Library.LibraryManager: Deleting dead "d33b5a0c326a94071584dc6fd765d65f" "Joe Alwyn" "Person".
[2025-08-31 22:37:39.203 -03:00] [INF] [116] Emby.Server.Implementations.Library.LibraryManager: Removing item, Type: "Person", Name: "Joe Alwyn", Path: "/config/data/metadata/People/J/Joe Alwyn", Id: d33b5a0c-326a-9407-1584-dc6fd765d65f
[2025-08-31 22:37:39.203 -03:00] [INF] [116] Emby.Server.Implementations.Library.LibraryManager: Deleting dead "244ff0b648334ef2af44e11d823e3729" "Joe Shuster" "Person".
[2025-08-31 22:37:39.203 -03:00] [INF] [116] Emby.Server.Implementations.Library.LibraryManager: Removing item, Type: "Person", Name: "Joe Shuster", Path: "/config/data/metadata/People/J/Joe Shuster", Id: 244ff0b6-4833-4ef2-af44-e11d823e3729
[2025-08-31 22:37:39.204 -03:00] [INF] [116] Emby.Server.Implementations.Library.LibraryManager: Deleting dead "06870440a5eb7880191c8eac356785c3" "John Benjamin Hickey" "Person".
[2025-08-31 22:37:39.204 -03:00] [INF] [116] Emby.Server.Implementations.Library.LibraryManager: Removing item, Type: "Person", Name: "John Benjamin Hickey", Path: "/config/data/metadata/People/J/John Benjamin Hickey", Id: 06870440-a5eb-7880-191c-8eac356785c3
[2025-08-31 22:37:39.204 -03:00] [INF] [116] Emby.Server.Implementations.Library.LibraryManager: Deleting dead "82a1368cbc096f7d197748355a300601" "John Squires" "Person".
[2025-08-31 22:37:39.204 -03:00] [INF] [116] Emby.Server.Implementations.Library.LibraryManager: Removing item, Type: "Person", Name: "John Squires", Path: "/config/data/metadata/People/J/John Squires", Id: 82a1368c-bc09-6f7d-1977-48355a300601
[2025-08-31 22:37:39.204 -03:00] [INF] [116] Emby.Server.Implementations.Library.LibraryManager: Deleting dead "826cba1cb4be2da003ef4caae1778a83" "Johnny M. Wu" "Person".
[2025-08-31 22:37:39.204 -03:00] [INF] [116] Emby.Server.Implementations.Library.LibraryManager: Removing item, Type: "Person", Name: "Johnny M. Wu", Path: "/config/data/metadata/People/J/Johnny M. Wu", Id: 826cba1c-b4be-2da0-03ef-4caae1778a83
[2025-08-31 22:37:39.204 -03:00] [INF] [116] Emby.Server.Implementations.Library.LibraryManager: Deleting dead "d2f2a6536232e6fb7ea8b2075f1fdfd3" "Jonathan Hyde" "Person".
[2025-08-31 22:37:39.204 -03:00] [INF] [116] Emby.Server.Implementations.Library.LibraryManager: Removing item, Type: "Person", Name: "Jonathan Hyde", Path: "/config/data/metadata/People/J/Jonathan Hyde", Id: d2f2a653-6232-e6fb-7ea8-b2075f1fdfd3
[2025-08-31 22:37:39.204 -03:00] [INF] [116] Emby.Server.Implementations.Library.LibraryManager: Deleting dead "77cfb52be8942dfa08858ac9bc28640c" "Joseph King Salwen" "Person".
[2025-08-31 22:37:39.204 -03:00] [INF] [116] Emby.Server.Implementations.Library.LibraryManager: Removing item, Type: "Person", Name: "Joseph King Salwen", Path: "/config/data/metadata/People/J/Joseph King Salwen", Id: 77cfb52b-e894-2dfa-0885-8ac9bc28640c
[2025-08-31 22:37:39.204 -03:00] [INF] [116] Emby.Server.Implementations.Library.LibraryManager: Deleting dead "f8b76022ae1dbfc052164457feb299ce" "Joshua Horsfield" "Person".
[2025-08-31 22:37:39.204 -03:00] [INF] [116] Emby.Server.Implementations.Library.LibraryManager: Removing item, Type: "Person", Name: "Joshua Horsfield", Path: "/config/data/metadata/People/J/Joshua Horsfield", Id: f8b76022-ae1d-bfc0-5216-4457feb299ce
[2025-08-31 22:37:39.205 -03:00] [INF] [116] Emby.Server.Implementations.Library.LibraryManager: Deleting dead "a453d10f3783e43a68a668505d2c56bf" "Justin Benson" "Person".
[2025-08-31 22:37:39.205 -03:00] [INF] [116] Emby.Server.Implementations.Library.LibraryManager: Removing item, Type: "Person", Name: "Justin Benson", Path: "/config/data/metadata/People/J/Justin Benson", Id: a453d10f-3783-e43a-68a6-68505d2c56bf
[2025-08-31 22:37:39.205 -03:00] [INF] [116] Emby.Server.Implementations.Library.LibraryManager: Deleting dead "9f7e3a2b9dcff7be9af2d1a6c7ff568b" "Kamar de los Reyes" "Person".
[2025-08-31 22:37:39.205 -03:00] [INF] [116] Emby.Server.Implementations.Library.LibraryManager: Removing item, Type: "Person", Name: "Kamar de los Reyes", Path: "/config/data/metadata/People/K/Kamar de los Reyes", Id: 9f7e3a2b-9dcf-f7be-9af2-d1a6c7ff568b
[2025-08-31 22:37:39.205 -03:00] [INF] [116] Emby.Server.Implementations.Library.LibraryManager: Deleting dead "7e8e51a300f895aa20789bf543f75523" "Katharyn Blair" "Person".
[2025-08-31 22:37:39.205 -03:00] [INF] [116] Emby.Server.Implementations.Library.LibraryManager: Removing item, Type: "Person", Name: "Katharyn Blair", Path: "/config/data/metadata/People/K/Katharyn Blair", Id: 7e8e51a3-00f8-95aa-2078-9bf543f75523
[2025-08-31 22:37:39.205 -03:00] [INF] [116] Emby.Server.Implementations.Library.LibraryManager: Deleting dead "7d2b68093066ed1d9d75900926d4b9e5" "Katherine Renee Cortez" "Person".
[2025-08-31 22:37:39.205 -03:00] [INF] [116] Emby.Server.Implementations.Library.LibraryManager: Removing item, Type: "Person", Name: "Katherine Renee Cortez", Path: "/config/data/metadata/People/K/Katherine Renee Cortez", Id: 7d2b6809-3066-ed1d-9d75-900926d4b9e5
[2025-08-31 22:37:39.205 -03:00] [INF] [116] Emby.Server.Implementations.Library.LibraryManager: Deleting dead "17e61d7a08a7130beb1615a919cf7dba" "Kathryn Erbe" "Person".
[2025-08-31 22:37:39.205 -03:00] [INF] [116] Emby.Server.Implementations.Library.LibraryManager: Removing item, Type: "Person", Name: "Kathryn Erbe", Path: "/config/data/metadata/People/K/Kathryn Erbe", Id: 17e61d7a-08a7-130b-eb16-15a919cf7dba
[2025-08-31 22:37:39.206 -03:00] [INF] [116] Emby.Server.Implementations.Library.LibraryManager: Deleting dead "7d6bd414b4f38748d65b341d8ac9d973" "Kelly Peck" "Person".
[2025-08-31 22:37:39.206 -03:00] [INF] [116] Emby.Server.Implementations.Library.LibraryManager: Removing item, Type: "Person", Name: "Kelly Peck", Path: "/config/data/metadata/People/K/Kelly Peck", Id: 7d6bd414-b4f3-8748-d65b-341d8ac9d973
[2025-08-31 22:37:39.206 -03:00] [INF] [116] Emby.Server.Implementations.Library.LibraryManager: Deleting dead "e64900162eb520ac70c979f93fcf45be" "Kenneth Yu" "Person".
[2025-08-31 22:37:39.206 -03:00] [INF] [116] Emby.Server.Implementations.Library.LibraryManager: Removing item, Type: "Person", Name: "Kenneth Yu", Path: "/config/data/metadata/People/K/Kenneth Yu", Id: e6490016-2eb5-20ac-70c9-79f93fcf45be
[2025-08-31 22:37:39.206 -03:00] [INF] [116] Emby.Server.Implementations.Library.LibraryManager: Deleting dead "3f5794560d0610a3ab924b8665a3250c" "Kevin Feige" "Person".
[2025-08-31 22:37:39.206 -03:00] [INF] [116] Emby.Server.Implementations.Library.LibraryManager: Removing item, Type: "Person", Name: "Kevin Feige", Path: "/config/data/metadata/People/K/Kevin Feige", Id: 3f579456-0d06-10a3-ab92-4b8665a3250c
[2025-08-31 22:37:39.215 -03:00] [INF] [116] Emby.Server.Implementations.Library.LibraryManager: Deleting dead "73d3831f0258b8f36d90306fa132ebbf" "Klaudia Śmieja-Rostworowska" "Person".
[2025-08-31 22:37:39.215 -03:00] [INF] [116] Emby.Server.Implementations.Library.LibraryManager: Removing item, Type: "Person", Name: "Klaudia Śmieja-Rostworowska", Path: "/config/data/metadata/People/K/Klaudia Śmieja-Rostworowska", Id: 73d3831f-0258-b8f3-6d90-306fa132ebbf
[2025-08-31 22:37:39.217 -03:00] [INF] [116] Emby.Server.Implementations.Library.LibraryManager: Deleting dead "5ad4e554af89237aa37a9f46a42639aa" "Kyle Stroud" "Person".
[2025-08-31 22:37:39.217 -03:00] [INF] [116] Emby.Server.Implementations.Library.LibraryManager: Removing item, Type: "Person", Name: "Kyle Stroud", Path: "/config/data/metadata/People/K/Kyle Stroud", Id: 5ad4e554-af89-237a-a37a-9f46a42639aa
[2025-08-31 22:37:39.217 -03:00] [INF] [116] Emby.Server.Implementations.Library.LibraryManager: Deleting dead "d22e8cd01538b3753d1eecbf80dbf966" "Lars P. Winther" "Person".
[2025-08-31 22:37:39.217 -03:00] [INF] [116] Emby.Server.Implementations.Library.LibraryManager: Removing item, Type: "Person", Name: "Lars P. Winther", Path: "/config/data/metadata/People/L/Lars P. Winther", Id: d22e8cd0-1538-b375-3d1e-ecbf80dbf966
[2025-08-31 22:37:39.217 -03:00] [INF] [116] Emby.Server.Implementations.Library.LibraryManager: Deleting dead "89c560442ae2a271eed403d2e7eb5979" "Li Jun Li" "Person".
[2025-08-31 22:37:39.217 -03:00] [INF] [116] Emby.Server.Implementations.Library.LibraryManager: Removing item, Type: "Person", Name: "Li Jun Li", Path: "/config/data/metadata/People/L/Li Jun Li", Id: 89c56044-2ae2-a271-eed4-03d2e7eb5979
[2025-08-31 22:37:39.218 -03:00] [INF] [116] Emby.Server.Implementations.Library.LibraryManager: Deleting dead "dd8d56f216f1f8bfb769b9352faec70e" "Liam Garrigan" "Person".
[2025-08-31 22:37:39.218 -03:00] [INF] [116] Emby.Server.Implementations.Library.LibraryManager: Removing item, Type: "Person", Name: "Liam Garrigan", Path: "/config/data/metadata/People/L/Liam Garrigan", Id: dd8d56f2-16f1-f8bf-b769-b9352faec70e
[2025-08-31 22:37:39.218 -03:00] [INF] [116] Emby.Server.Implementations.Library.LibraryManager: Deleting dead "de4c4342dd79b11cd357f2121667b310" "Lola Kirke" "Person".
[2025-08-31 22:37:39.218 -03:00] [INF] [116] Emby.Server.Implementations.Library.LibraryManager: Removing item, Type: "Person", Name: "Lola Kirke", Path: "/config/data/metadata/People/L/Lola Kirke", Id: de4c4342-dd79-b11c-d357-f2121667b310
[2025-08-31 22:37:39.218 -03:00] [INF] [116] Emby.Server.Implementations.Library.LibraryManager: Deleting dead "ce5e488fd21a61571f176e65604070fb" "Louis D'Esposito" "Person".
[2025-08-31 22:37:39.218 -03:00] [INF] [116] Emby.Server.Implementations.Library.LibraryManager: Removing item, Type: "Person", Name: "Louis D'Esposito", Path: "/config/data/metadata/People/L/Louis D'Esposito", Id: ce5e488f-d21a-6157-1f17-6e65604070fb
[2025-08-31 22:37:39.218 -03:00] [INF] [116] Emby.Server.Implementations.Library.LibraryManager: Deleting dead "a27cfeea4c3dbac1ffbf9a32935486e9" "Ludwig Göransson" "Person".
[2025-08-31 22:37:39.218 -03:00] [INF] [116] Emby.Server.Implementations.Library.LibraryManager: Removing item, Type: "Person", Name: "Ludwig Göransson", Path: "/config/data/metadata/People/L/Ludwig Göransson", Id: a27cfeea-4c3d-bac1-ffbf-9a32935486e9
[2025-08-31 22:37:39.218 -03:00] [INF] [116] Emby.Server.Implementations.Library.LibraryManager: Deleting dead "1789fe907fe1f0e9ebcf887bba4db640" "ML Josepher" "Person".
[2025-08-31 22:37:39.218 -03:00] [INF] [116] Emby.Server.Implementations.Library.LibraryManager: Removing item, Type: "Person", Name: "ML Josepher", Path: "/config/data/metadata/People/M/ML Josepher", Id: 1789fe90-7fe1-f0e9-ebcf-887bba4db640
[2025-08-31 22:37:39.218 -03:00] [INF] [116] Emby.Server.Implementations.Library.LibraryManager: Deleting dead "3d06e7869a75dd7ee2c997c6f2bc6c69" "Maddie Browning" "Person".
[2025-08-31 22:37:39.218 -03:00] [INF] [116] Emby.Server.Implementations.Library.LibraryManager: Removing item, Type: "Person", Name: "Maddie Browning", Path: "/config/data/metadata/People/M/Maddie Browning", Id: 3d06e786-9a75-dd7e-e2c9-97c6f2bc6c69
[2025-08-31 22:37:39.219 -03:00] [INF] [116] Emby.Server.Implementations.Library.LibraryManager: Deleting dead "60886848ae932d254d9cebb39972bf81" "Margarita Levieva" "Person".
[2025-08-31 22:37:39.219 -03:00] [INF] [116] Emby.Server.Implementations.Library.LibraryManager: Removing item, Type: "Person", Name: "Margarita Levieva", Path: "/config/data/metadata/People/M/Margarita Levieva", Id: 60886848-ae93-2d25-4d9c-ebb39972bf81
[2025-08-31 22:37:39.219 -03:00] [INF] [116] Emby.Server.Implementations.Library.LibraryManager: Deleting dead "6332cc3a84ac6d7f3566940817dfec57" "María Gabriela de Faría" "Person".
[2025-08-31 22:37:39.219 -03:00] [INF] [116] Emby.Server.Implementations.Library.LibraryManager: Removing item, Type: "Person", Name: "María Gabriela de Faría", Path: "/config/data/metadata/People/M/María Gabriela de Faría", Id: 6332cc3a-84ac-6d7f-3566-940817dfec57
[2025-08-31 22:37:39.219 -03:00] [INF] [116] Emby.Server.Implementations.Library.LibraryManager: Deleting dead "02661823598c78de08f77c933bd9b97b" "Maria Sand" "Person".
[2025-08-31 22:37:39.219 -03:00] [INF] [116] Emby.Server.Implementations.Library.LibraryManager: Removing item, Type: "Person", Name: "Maria Sand", Path: "/config/data/metadata/People/M/Maria Sand", Id: 02661823-598c-78de-08f7-7c933bd9b97b
[2025-08-31 22:37:39.219 -03:00] [INF] [116] Emby.Server.Implementations.Library.LibraryManager: Deleting dead "420d6bb13b38bcac883af875f25ff173" "Mark Gillespie" "Person".
[2025-08-31 22:37:39.219 -03:00] [INF] [116] Emby.Server.Implementations.Library.LibraryManager: Removing item, Type: "Person", Name: "Mark Gillespie", Path: "/config/data/metadata/People/M/Mark Gillespie", Id: 420d6bb1-3b38-bcac-883a-f875f25ff173
[2025-08-31 22:37:39.219 -03:00] [INF] [116] Emby.Server.Implementations.Library.LibraryManager: Deleting dead "c2dae46cf69c082b5d30cf9455064aa9" "Mark Lampert" "Person".
[2025-08-31 22:37:39.219 -03:00] [INF] [116] Emby.Server.Implementations.Library.LibraryManager: Removing item, Type: "Person", Name: "Mark Lampert", Path: "/config/data/metadata/People/M/Mark Lampert", Id: c2dae46c-f69c-082b-5d30-cf9455064aa9
[2025-08-31 22:37:39.219 -03:00] [INF] [116] Emby.Server.Implementations.Library.LibraryManager: Deleting dead "a6ac4d07308327f0e9a9b3df914d9d29" "Matt Corman" "Person".
[2025-08-31 22:37:39.220 -03:00] [INF] [116] Emby.Server.Implementations.Library.LibraryManager: Removing item, Type: "Person", Name: "Matt Corman", Path: "/config/data/metadata/People/M/Matt Corman", Id: a6ac4d07-3083-27f0-e9a9-b3df914d9d29
[2025-08-31 22:37:39.220 -03:00] [INF] [116] Emby.Server.Implementations.Library.LibraryManager: Deleting dead "51ae03bb267170b1f53cd89aabe8dba0" "Max Fincham" "Person".
[2025-08-31 22:37:39.220 -03:00] [INF] [116] Emby.Server.Implementations.Library.LibraryManager: Removing item, Type: "Person", Name: "Max Fincham", Path: "/config/data/metadata/People/M/Max Fincham", Id: 51ae03bb-2671-70b1-f53c-d89aabe8dba0
[2025-08-31 22:37:39.220 -03:00] [INF] [116] Emby.Server.Implementations.Library.LibraryManager: Deleting dead "a2ca1026da6473b5ac87fadd363f4bc4" "Max Kondziolka" "Person".
[2025-08-31 22:37:39.220 -03:00] [INF] [116] Emby.Server.Implementations.Library.LibraryManager: Removing item, Type: "Person", Name: "Max Kondziolka", Path: "/config/data/metadata/People/M/Max Kondziolka", Id: a2ca1026-da64-73b5-ac87-fadd363f4bc4
[2025-08-31 22:37:39.220 -03:00] [INF] [116] Emby.Server.Implementations.Library.LibraryManager: Deleting dead "4e66243a1c45fe2bd1c9671d29bc2c54" "Michael B. Jordan" "Person".
[2025-08-31 22:37:39.220 -03:00] [INF] [116] Emby.Server.Implementations.Library.LibraryManager: Removing item, Type: "Person", Name: "Michael B. Jordan", Path: "/config/data/metadata/People/M/Michael B. Jordan", Id: 4e66243a-1c45-fe2b-d1c9-671d29bc2c54
[2025-08-31 22:37:39.222 -03:00] [INF] [116] Emby.Server.Implementations.Library.LibraryManager: Deleting dead "fcd2ae80f2d2d9cf99db326aa31c1223" "Michael Cuesta" "Person".
[2025-08-31 22:37:39.222 -03:00] [INF] [116] Emby.Server.Implementations.Library.LibraryManager: Removing item, Type: "Person", Name: "Michael Cuesta", Path: "/config/data/metadata/People/M/Michael Cuesta", Id: fcd2ae80-f2d2-d9cf-99db-326aa31c1223
[2025-08-31 22:37:39.222 -03:00] [INF] [116] Emby.Server.Implementations.Library.LibraryManager: Deleting dead "2b16b72a3adacf13acd7aaad96dc38bc" "Michael Epp" "Person".
[2025-08-31 22:37:39.222 -03:00] [INF] [116] Emby.Server.Implementations.Library.LibraryManager: Removing item, Type: "Person", Name: "Michael Epp", Path: "/config/data/metadata/People/M/Michael Epp", Id: 2b16b72a-3ada-cf13-acd7-aaad96dc38bc
[2025-08-31 22:37:39.222 -03:00] [INF] [116] Emby.Server.Implementations.Library.LibraryManager: Deleting dead "a1251a5a9280c82819df6a1cb6dfff2e" "Michael Gandolfini" "Person".
[2025-08-31 22:37:39.222 -03:00] [INF] [116] Emby.Server.Implementations.Library.LibraryManager: Removing item, Type: "Person", Name: "Michael Gandolfini", Path: "/config/data/metadata/People/M/Michael Gandolfini", Id: a1251a5a-9280-c828-19df-6a1cb6dfff2e
[2025-08-31 22:37:39.223 -03:00] [INF] [116] Emby.Server.Implementations.Library.LibraryManager: Deleting dead "890f200f92e7184147fb594de3e71eb7" "Michael Harney" "Person".
[2025-08-31 22:37:39.223 -03:00] [INF] [116] Emby.Server.Implementations.Library.LibraryManager: Removing item, Type: "Person", Name: "Michael Harney", Path: "/config/data/metadata/People/M/Michael Harney", Id: 890f200f-92e7-1841-47fb-594de3e71eb7
[2025-08-31 22:37:39.223 -03:00] [INF] [116] Emby.Server.Implementations.Library.LibraryManager: Deleting dead "e3249bf8ea1c91e612a2db1244658f19" "Michael Orcutt" "Person".
[2025-08-31 22:37:39.223 -03:00] [INF] [116] Emby.Server.Implementations.Library.LibraryManager: Removing item, Type: "Person", Name: "Michael Orcutt", Path: "/config/data/metadata/People/M/Michael Orcutt", Id: e3249bf8-ea1c-91e6-12a2-db1244658f19
[2025-08-31 22:37:39.223 -03:00] [INF] [116] Emby.Server.Implementations.Library.LibraryManager: Deleting dead "55f629ebe1ea6013e40d310026299175" "Michael Rooker" "Person".
[2025-08-31 22:37:39.223 -03:00] [INF] [116] Emby.Server.Implementations.Library.LibraryManager: Removing item, Type: "Person", Name: "Michael Rooker", Path: "/config/data/metadata/People/M/Michael Rooker", Id: 55f629eb-e1ea-6013-e40d-310026299175
[2025-08-31 22:37:39.223 -03:00] [INF] [116] Emby.Server.Implementations.Library.LibraryManager: Deleting dead "1972daf69a5e739e0c25a81dc83eff13" "Midori Nakamura" "Person".
[2025-08-31 22:37:39.223 -03:00] [INF] [116] Emby.Server.Implementations.Library.LibraryManager: Removing item, Type: "Person", Name: "Midori Nakamura", Path: "/config/data/metadata/People/M/Midori Nakamura", Id: 1972daf6-9a5e-739e-0c25-a81dc83eff13
[2025-08-31 22:37:39.224 -03:00] [INF] [116] Emby.Server.Implementations.Library.LibraryManager: Deleting dead "f4bbe6cffd9d1451fa73db9e8cb68337" "Miles Caton" "Person".
[2025-08-31 22:37:39.224 -03:00] [INF] [116] Emby.Server.Implementations.Library.LibraryManager: Removing item, Type: "Person", Name: "Miles Caton", Path: "/config/data/metadata/People/M/Miles Caton", Id: f4bbe6cf-fd9d-1451-fa73-db9e8cb68337
[2025-08-31 22:37:39.224 -03:00] [INF] [116] Emby.Server.Implementations.Library.LibraryManager: Deleting dead "254f3f503e1cb7bbb8abd600fdf7362b" "Molly Nussbaum" "Person".
[2025-08-31 22:37:39.224 -03:00] [INF] [116] Emby.Server.Implementations.Library.LibraryManager: Removing item, Type: "Person", Name: "Molly Nussbaum", Path: "/config/data/metadata/People/M/Molly Nussbaum", Id: 254f3f50-3e1c-b7bb-b8ab-d600fdf7362b
[2025-08-31 22:37:39.224 -03:00] [INF] [116] Emby.Server.Implementations.Library.LibraryManager: Deleting dead "3676e86084309c8c6abd16914033eed6" "Mona Fastvold" "Person".
[2025-08-31 22:37:39.224 -03:00] [INF] [116] Emby.Server.Implementations.Library.LibraryManager: Removing item, Type: "Person", Name: "Mona Fastvold", Path: "/config/data/metadata/People/M/Mona Fastvold", Id: 3676e860-8430-9c8c-6abd-16914033eed6
[2025-08-31 22:37:39.224 -03:00] [INF] [116] Emby.Server.Implementations.Library.LibraryManager: Deleting dead "ff917aac155f8e080a4dfce93bc47094" "Najat Arkadan Washington" "Person".
[2025-08-31 22:37:39.224 -03:00] [INF] [116] Emby.Server.Implementations.Library.LibraryManager: Removing item, Type: "Person", Name: "Najat Arkadan Washington", Path: "/config/data/metadata/People/N/Najat Arkadan Washington", Id: ff917aac-155f-8e08-0a4d-fce93bc47094
[2025-08-31 22:37:39.224 -03:00] [INF] [116] Emby.Server.Implementations.Library.LibraryManager: Deleting dead "4d0b6fe4738cca7adba6a15ce1024f19" "Naoko Mori" "Person".
[2025-08-31 22:37:39.224 -03:00] [INF] [116] Emby.Server.Implementations.Library.LibraryManager: Removing item, Type: "Person", Name: "Naoko Mori", Path: "/config/data/metadata/People/N/Naoko Mori", Id: 4d0b6fe4-738c-ca7a-dba6-a15ce1024f19
[2025-08-31 22:37:39.225 -03:00] [INF] [116] Emby.Server.Implementations.Library.LibraryManager: Deleting dead "493d8227a6bba89adbcefe40675a67eb" "Nathan Fillion" "Person".
[2025-08-31 22:37:39.225 -03:00] [INF] [116] Emby.Server.Implementations.Library.LibraryManager: Removing item, Type: "Person", Name: "Nathan Fillion", Path: "/config/data/metadata/People/N/Nathan Fillion", Id: 493d8227-a6bb-a89a-dbce-fe40675a67eb
[2025-08-31 22:37:39.225 -03:00] [INF] [116] Emby.Server.Implementations.Library.LibraryManager: Deleting dead "1e47d325e3127057ebd55dd68ba33234" "Nick Gordon" "Person".
[2025-08-31 22:37:39.225 -03:00] [INF] [116] Emby.Server.Implementations.Library.LibraryManager: Removing item, Type: "Person", Name: "Nick Gordon", Path: "/config/data/metadata/People/N/Nick Gordon", Id: 1e47d325-e312-7057-ebd5-5dd68ba33234
[2025-08-31 22:37:39.225 -03:00] [INF] [116] Emby.Server.Implementations.Library.LibraryManager: Deleting dead "d7d4905b130921f529bca28561356980" "Nick Jordan" "Person".
[2025-08-31 22:37:39.225 -03:00] [INF] [116] Emby.Server.Implementations.Library.LibraryManager: Removing item, Type: "Person", Name: "Nick Jordan", Path: "/config/data/metadata/People/N/Nick Jordan", Id: d7d4905b-1309-21f5-29bc-a28561356980
[2025-08-31 22:37:39.225 -03:00] [INF] [116] Emby.Server.Implementations.Library.LibraryManager: Deleting dead "d405bd53e2e80e6d4f704794a1b98028" "Nik Korda" "Person".
[2025-08-31 22:37:39.225 -03:00] [INF] [116] Emby.Server.Implementations.Library.LibraryManager: Removing item, Type: "Person", Name: "Nik Korda", Path: "/config/data/metadata/People/N/Nik Korda", Id: d405bd53-e2e8-0e6d-4f70-4794a1b98028
[2025-08-31 22:37:39.225 -03:00] [INF] [116] Emby.Server.Implementations.Library.LibraryManager: Deleting dead "b4be5c71bfb7316eca12f5069c4af41b" "Nikki M. James" "Person".
[2025-08-31 22:37:39.225 -03:00] [INF] [116] Emby.Server.Implementations.Library.LibraryManager: Removing item, Type: "Person", Name: "Nikki M. James", Path: "/config/data/metadata/People/N/Nikki M. James", Id: b4be5c71-bfb7-316e-ca12-f5069c4af41b
[2025-08-31 22:37:39.225 -03:00] [INF] [116] Emby.Server.Implementations.Library.LibraryManager: Deleting dead "ae0cd8d4ac83fd566c7eecba4ff0ee40" "Noah Bean" "Person".
[2025-08-31 22:37:39.225 -03:00] [INF] [116] Emby.Server.Implementations.Library.LibraryManager: Removing item, Type: "Person", Name: "Noah Bean", Path: "/config/data/metadata/People/N/Noah Bean", Id: ae0cd8d4-ac83-fd56-6c7e-ecba4ff0ee40
[2025-08-31 22:37:39.226 -03:00] [INF] [116] Emby.Server.Implementations.Library.LibraryManager: Deleting dead "19cfd703238552e0c952dec4bd44aac2" "Oleg Nodelman" "Person".
[2025-08-31 22:37:39.226 -03:00] [INF] [116] Emby.Server.Implementations.Library.LibraryManager: Removing item, Type: "Person", Name: "Oleg Nodelman", Path: "/config/data/metadata/People/O/Oleg Nodelman", Id: 19cfd703-2385-52e0-c952-dec4bd44aac2
[2025-08-31 22:37:39.226 -03:00] [INF] [116] Emby.Server.Implementations.Library.LibraryManager: Deleting dead "96778f7db0ff0d36a230b74ecbc710c9" "Omar Benson Miller" "Person".
[2025-08-31 22:37:39.226 -03:00] [INF] [116] Emby.Server.Implementations.Library.LibraryManager: Removing item, Type: "Person", Name: "Omar Benson Miller", Path: "/config/data/metadata/People/O/Omar Benson Miller", Id: 96778f7d-b0ff-0d36-a230-b74ecbc710c9
[2025-08-31 22:37:39.226 -03:00] [INF] [116] Emby.Server.Implementations.Library.LibraryManager: Deleting dead "be1a8715010966d3e9f4ad1aa04a851d" "Pamela Koffler" "Person".
[2025-08-31 22:37:39.226 -03:00] [INF] [116] Emby.Server.Implementations.Library.LibraryManager: Removing item, Type: "Person", Name: "Pamela Koffler", Path: "/config/data/metadata/People/P/Pamela Koffler", Id: be1a8715-0109-66d3-e9f4-ad1aa04a851d
[2025-08-31 22:37:39.226 -03:00] [INF] [116] Emby.Server.Implementations.Library.LibraryManager: Deleting dead "1293edfc968d4249993c2b6a7186a783" "Pat Kiernan" "Person".
[2025-08-31 22:37:39.226 -03:00] [INF] [116] Emby.Server.Implementations.Library.LibraryManager: Removing item, Type: "Person", Name: "Pat Kiernan", Path: "/config/data/metadata/People/P/Pat Kiernan", Id: 1293edfc-968d-4249-993c-2b6a7186a783
[2025-08-31 22:37:39.226 -03:00] [INF] [116] Emby.Server.Implementations.Library.LibraryManager: Deleting dead "90c1e3f1b17e0457857d049ce4d1a27e" "Patrick Murney" "Person".
[2025-08-31 22:37:39.227 -03:00] [INF] [116] Emby.Server.Implementations.Library.LibraryManager: Removing item, Type: "Person", Name: "Patrick Murney", Path: "/config/data/metadata/People/P/Patrick Murney", Id: 90c1e3f1-b17e-0457-857d-049ce4d1a27e
[2025-08-31 22:37:39.227 -03:00] [INF] [116] Emby.Server.Implementations.Library.LibraryManager: Deleting dead "e8747df91eee2917ed92de58c7e6dfce" "Pete Chiappetta" "Person".
[2025-08-31 22:37:39.227 -03:00] [INF] [116] Emby.Server.Implementations.Library.LibraryManager: Removing item, Type: "Person", Name: "Pete Chiappetta", Path: "/config/data/metadata/People/P/Pete Chiappetta", Id: e8747df9-1eee-2917-ed92-de58c7e6dfce
[2025-08-31 22:37:39.227 -03:00] [INF] [116] Emby.Server.Implementations.Library.LibraryManager: Deleting dead "2ce50ef326579aa1f2ae7dc2441f69f9" "Peter Dreimanis" "Person".
[2025-08-31 22:37:39.227 -03:00] [INF] [116] Emby.Server.Implementations.Library.LibraryManager: Removing item, Type: "Person", Name: "Peter Dreimanis", Path: "/config/data/metadata/People/P/Peter Dreimanis", Id: 2ce50ef3-2657-9aa1-f2ae-7dc2441f69f9
[2025-08-31 22:37:39.227 -03:00] [INF] [116] Emby.Server.Implementations.Library.LibraryManager: Deleting dead "fac217b0112a2f8a42be9815cda6c077" "Peter Polycarpou" "Person".
[2025-08-31 22:37:39.227 -03:00] [INF] [116] Emby.Server.Implementations.Library.LibraryManager: Removing item, Type: "Person", Name: "Peter Polycarpou", Path: "/config/data/metadata/People/P/Peter Polycarpou", Id: fac217b0-112a-2f8a-42be-9815cda6c077
[2025-08-31 22:37:39.227 -03:00] [INF] [116] Emby.Server.Implementations.Library.LibraryManager: Deleting dead "0059db6043e21c55f3eaeff5c05758c4" "Peter Safran" "Person".
[2025-08-31 22:37:39.227 -03:00] [INF] [116] Emby.Server.Implementations.Library.LibraryManager: Removing item, Type: "Person", Name: "Peter Safran", Path: "/config/data/metadata/People/P/Peter Safran", Id: 0059db60-43e2-1c55-f3ea-eff5c05758c4
[2025-08-31 22:37:39.227 -03:00] [INF] [116] Emby.Server.Implementations.Library.LibraryManager: Deleting dead "48005b47ba4b69be762add72ae64425e" "Pom Klementieff" "Person".
[2025-08-31 22:37:39.227 -03:00] [INF] [116] Emby.Server.Implementations.Library.LibraryManager: Removing item, Type: "Person", Name: "Pom Klementieff", Path: "/config/data/metadata/People/P/Pom Klementieff", Id: 48005b47-ba4b-69be-762a-dd72ae64425e
[2025-08-31 22:37:39.228 -03:00] [INF] [116] Emby.Server.Implementations.Library.LibraryManager: Deleting dead "ed14d92ac454e342f2e613d3141f1181" "Pranav Behari" "Person".
[2025-08-31 22:37:39.228 -03:00] [INF] [116] Emby.Server.Implementations.Library.LibraryManager: Removing item, Type: "Person", Name: "Pranav Behari", Path: "/config/data/metadata/People/P/Pranav Behari", Id: ed14d92a-c454-e342-f2e6-13d3141f1181
[2025-08-31 22:37:39.228 -03:00] [INF] [116] Emby.Server.Implementations.Library.LibraryManager: Deleting dead "52278fee8bfe31e58f2c02804be49ac9" "Rachel Brosnahan" "Person".
[2025-08-31 22:37:39.228 -03:00] [INF] [116] Emby.Server.Implementations.Library.LibraryManager: Removing item, Type: "Person", Name: "Rachel Brosnahan", Path: "/config/data/metadata/People/R/Rachel Brosnahan", Id: 52278fee-8bfe-31e5-8f2c-02804be49ac9
[2025-08-31 22:37:39.228 -03:00] [INF] [116] Emby.Server.Implementations.Library.LibraryManager: Deleting dead "e6eefdae22bd99a31b66b72a927b92c7" "Raffey Cassidy" "Person".
[2025-08-31 22:37:39.228 -03:00] [INF] [116] Emby.Server.Implementations.Library.LibraryManager: Removing item, Type: "Person", Name: "Raffey Cassidy", Path: "/config/data/metadata/People/R/Raffey Cassidy", Id: e6eefdae-22bd-99a3-1b66-b72a927b92c7
[2025-08-31 22:37:39.228 -03:00] [INF] [116] Emby.Server.Implementations.Library.LibraryManager: Deleting dead "d0d86923abee1a3b3842dbd3a1a591e0" "Ray Haratian" "Person".
[2025-08-31 22:37:39.228 -03:00] [INF] [116] Emby.Server.Implementations.Library.LibraryManager: Removing item, Type: "Person", Name: "Ray Haratian", Path: "/config/data/metadata/People/R/Ray Haratian", Id: d0d86923-abee-1a3b-3842-dbd3a1a591e0
[2025-08-31 22:37:39.229 -03:00] [INF] [116] Emby.Server.Implementations.Library.LibraryManager: Deleting dead "b9902018801d7a6d1c899a493e202db1" "Rebecca Cho" "Person".
[2025-08-31 22:37:39.229 -03:00] [INF] [116] Emby.Server.Implementations.Library.LibraryManager: Removing item, Type: "Person", Name: "Rebecca Cho", Path: "/config/data/metadata/People/R/Rebecca Cho", Id: b9902018-801d-7a6d-1c89-9a493e202db1
[2025-08-31 22:37:39.239 -03:00] [INF] [116] Emby.Server.Implementations.Library.LibraryManager: Deleting dead "57ec71b5e331f5b74d12cdb270d4462d" "Richard Busser" "Person".
[2025-08-31 22:37:39.239 -03:00] [INF] [116] Emby.Server.Implementations.Library.LibraryManager: Removing item, Type: "Person", Name: "Richard Busser", Path: "/config/data/metadata/People/R/Richard Busser", Id: 57ec71b5-e331-f5b7-4d12-cdb270d4462d
[2025-08-31 22:37:39.241 -03:00] [INF] [116] Emby.Server.Implementations.Library.LibraryManager: Deleting dead "fa4b76e05025133aa6e9a2a82c349439" "Richard Gallagher" "Person".
[2025-08-31 22:37:39.241 -03:00] [INF] [116] Emby.Server.Implementations.Library.LibraryManager: Removing item, Type: "Person", Name: "Richard Gallagher", Path: "/config/data/metadata/People/R/Richard Gallagher", Id: fa4b76e0-5025-133a-a6e9-a2a82c349439
[2025-08-31 22:37:39.241 -03:00] [INF] [116] Emby.Server.Implementations.Library.LibraryManager: Deleting dead "0a811608692494e82a92aba35c0a427f" "Rolando Chusan" "Person".
[2025-08-31 22:37:39.241 -03:00] [INF] [116] Emby.Server.Implementations.Library.LibraryManager: Removing item, Type: "Person", Name: "Rolando Chusan", Path: "/config/data/metadata/People/R/Rolando Chusan", Id: 0a811608-6924-94e8-2a92-aba35c0a427f
[2025-08-31 22:37:39.241 -03:00] [INF] [116] Emby.Server.Implementations.Library.LibraryManager: Deleting dead "70990a22dc4b9972cd04d9c524346270" "Ron Curtis" "Person".
[2025-08-31 22:37:39.241 -03:00] [INF] [116] Emby.Server.Implementations.Library.LibraryManager: Removing item, Type: "Person", Name: "Ron Curtis", Path: "/config/data/metadata/People/R/Ron Curtis", Id: 70990a22-dc4b-9972-cd04-d9c524346270
[2025-08-31 22:37:39.241 -03:00] [INF] [116] Emby.Server.Implementations.Library.LibraryManager: Deleting dead "70bf8e53ed49cee13d9e45bc2dd720e2" "Ruby Walden" "Person".
[2025-08-31 22:37:39.241 -03:00] [INF] [116] Emby.Server.Implementations.Library.LibraryManager: Removing item, Type: "Person", Name: "Ruby Walden", Path: "/config/data/metadata/People/R/Ruby Walden", Id: 70bf8e53-ed49-cee1-3d9e-45bc2dd720e2
[2025-08-31 22:37:39.241 -03:00] [INF] [116] Emby.Server.Implementations.Library.LibraryManager: Deleting dead "b6875229bec29b386d93cf1ba2663a56" "Rudd Simmons" "Person".
[2025-08-31 22:37:39.241 -03:00] [INF] [116] Emby.Server.Implementations.Library.LibraryManager: Removing item, Type: "Person", Name: "Rudd Simmons", Path: "/config/data/metadata/People/R/Rudd Simmons", Id: b6875229-bec2-9b38-6d93-cf1ba2663a56
[2025-08-31 22:37:39.242 -03:00] [INF] [116] Emby.Server.Implementations.Library.LibraryManager: Deleting dead "b8306c09493148a052b3edd23e5f3769" "Ruibo Qian" "Person".
[2025-08-31 22:37:39.242 -03:00] [INF] [116] Emby.Server.Implementations.Library.LibraryManager: Removing item, Type: "Person", Name: "Ruibo Qian", Path: "/config/data/metadata/People/R/Ruibo Qian", Id: b8306c09-4931-48a0-52b3-edd23e5f3769
[2025-08-31 22:37:39.242 -03:00] [INF] [116] Emby.Server.Implementations.Library.LibraryManager: Deleting dead "2236c5011bbd200b8a182d414a070476" "Ryan Coogler" "Person".
[2025-08-31 22:37:39.242 -03:00] [INF] [116] Emby.Server.Implementations.Library.LibraryManager: Removing item, Type: "Person", Name: "Ryan Coogler", Path: "/config/data/metadata/People/R/Ryan Coogler", Id: 2236c501-1bbd-200b-8a18-2d414a070476
[2025-08-31 22:37:39.242 -03:00] [INF] [116] Emby.Server.Implementations.Library.LibraryManager: Deleting dead "b40cccd3fd251b63108f1a5bb89083cb" "Salvatore Sansone" "Person".
[2025-08-31 22:37:39.242 -03:00] [INF] [116] Emby.Server.Implementations.Library.LibraryManager: Removing item, Type: "Person", Name: "Salvatore Sansone", Path: "/config/data/metadata/People/S/Salvatore Sansone", Id: b40cccd3-fd25-1b63-108f-1a5bb89083cb
[2025-08-31 22:37:39.242 -03:00] [INF] [116] Emby.Server.Implementations.Library.LibraryManager: Deleting dead "75e1c341ec2a35e9b0ec4ca915e533ed" "Sam Neill" "Person".
[2025-08-31 22:37:39.242 -03:00] [INF] [116] Emby.Server.Implementations.Library.LibraryManager: Removing item, Type: "Person", Name: "Sam Neill", Path: "/config/data/metadata/People/S/Sam Neill", Id: 75e1c341-ec2a-35e9-b0ec-4ca915e533ed
[2025-08-31 22:37:39.242 -03:00] [INF] [116] Emby.Server.Implementations.Library.LibraryManager: Deleting dead "11176072a5fa7fecbb0869b5bf67ef11" "Sana Amanat" "Person".
[2025-08-31 22:37:39.242 -03:00] [INF] [116] Emby.Server.Implementations.Library.LibraryManager: Removing item, Type: "Person", Name: "Sana Amanat", Path: "/config/data/metadata/People/S/Sana Amanat", Id: 11176072-a5fa-7fec-bb08-69b5bf67ef11
[2025-08-31 22:37:39.242 -03:00] [INF] [116] Emby.Server.Implementations.Library.LibraryManager: Deleting dead "14ef5a08ea7355690c56f3cc84afdc38" "Sara Sampaio" "Person".
[2025-08-31 22:37:39.243 -03:00] [INF] [116] Emby.Server.Implementations.Library.LibraryManager: Removing item, Type: "Person", Name: "Sara Sampaio", Path: "/config/data/metadata/People/S/Sara Sampaio", Id: 14ef5a08-ea73-5569-0c56-f3cc84afdc38
[2025-08-31 22:37:39.243 -03:00] [INF] [116] Emby.Server.Implementations.Library.LibraryManager: Deleting dead "8b938b9794906fc3a433e4bf33f71a1e" "Saskia Gigi Duff" "Person".
[2025-08-31 22:37:39.243 -03:00] [INF] [116] Emby.Server.Implementations.Library.LibraryManager: Removing item, Type: "Person", Name: "Saskia Gigi Duff", Path: "/config/data/metadata/People/S/Saskia Gigi Duff", Id: 8b938b97-9490-6fc3-a433-e4bf33f71a1e
[2025-08-31 22:37:39.243 -03:00] [INF] [116] Emby.Server.Implementations.Library.LibraryManager: Deleting dead "e980eae92252485c88ff506098e57b0f" "Saul Williams" "Person".
[2025-08-31 22:37:39.243 -03:00] [INF] [116] Emby.Server.Implementations.Library.LibraryManager: Removing item, Type: "Person", Name: "Saul Williams", Path: "/config/data/metadata/People/S/Saul Williams", Id: e980eae9-2252-485c-88ff-506098e57b0f
[2025-08-31 22:37:39.243 -03:00] [INF] [116] Emby.Server.Implementations.Library.LibraryManager: Deleting dead "357256ca7410a122f4434d3648905ce3" "Scott Weber" "Person".
[2025-08-31 22:37:39.243 -03:00] [INF] [116] Emby.Server.Implementations.Library.LibraryManager: Removing item, Type: "Person", Name: "Scott Weber", Path: "/config/data/metadata/People/S/Scott Weber", Id: 357256ca-7410-a122-f443-4d3648905ce3
[2025-08-31 22:37:39.243 -03:00] [INF] [116] Emby.Server.Implementations.Library.LibraryManager: Deleting dead "ddf37a501cd612edaa724a5d3b93afb2" "Sev Ohanian" "Person".
[2025-08-31 22:37:39.243 -03:00] [INF] [116] Emby.Server.Implementations.Library.LibraryManager: Removing item, Type: "Person", Name: "Sev Ohanian", Path: "/config/data/metadata/People/S/Sev Ohanian", Id: ddf37a50-1cd6-12ed-aa72-4a5d3b93afb2
[2025-08-31 22:37:39.244 -03:00] [INF] [116] Emby.Server.Implementations.Library.LibraryManager: Deleting dead "ed086b70b34774c964ea427f6d0574e5" "Shamail Ali" "Person".
[2025-08-31 22:37:39.244 -03:00] [INF] [116] Emby.Server.Implementations.Library.LibraryManager: Removing item, Type: "Person", Name: "Shamail Ali", Path: "/config/data/metadata/People/S/Shamail Ali", Id: ed086b70-b347-74c9-64ea-427f6d0574e5
[2025-08-31 22:37:39.244 -03:00] [INF] [116] Emby.Server.Implementations.Library.LibraryManager: Deleting dead "c12c1dae3f6ed85590776b53726d6392" "Skyler Gisondo" "Person".
[2025-08-31 22:37:39.244 -03:00] [INF] [116] Emby.Server.Implementations.Library.LibraryManager: Removing item, Type: "Person", Name: "Skyler Gisondo", Path: "/config/data/metadata/People/S/Skyler Gisondo", Id: c12c1dae-3f6e-d855-9077-6b53726d6392
[2025-08-31 22:37:39.244 -03:00] [INF] [116] Emby.Server.Implementations.Library.LibraryManager: Deleting dead "d6661ac7d444521623ef9b838094db98" "Stacy Martin" "Person".
[2025-08-31 22:37:39.244 -03:00] [INF] [116] Emby.Server.Implementations.Library.LibraryManager: Removing item, Type: "Person", Name: "Stacy Martin", Path: "/config/data/metadata/People/S/Stacy Martin", Id: d6661ac7-d444-5216-23ef-9b838094db98
[2025-08-31 22:37:39.244 -03:00] [INF] [116] Emby.Server.Implementations.Library.LibraryManager: Deleting dead "b645978b19b98f27421fa4f197e4b7ac" "Stan Lee" "Person".
[2025-08-31 22:37:39.244 -03:00] [INF] [116] Emby.Server.Implementations.Library.LibraryManager: Removing item, Type: "Person", Name: "Stan Lee", Path: "/config/data/metadata/People/S/Stan Lee", Id: b645978b-19b9-8f27-421f-a4f197e4b7ac
[2025-08-31 22:37:39.245 -03:00] [INF] [116] Emby.Server.Implementations.Library.LibraryManager: Deleting dead "c7ca079c7484307410ea854fad428320" "Stephen Hootstein" "Person".
[2025-08-31 22:37:39.245 -03:00] [INF] [116] Emby.Server.Implementations.Library.LibraryManager: Removing item, Type: "Person", Name: "Stephen Hootstein", Path: "/config/data/metadata/People/S/Stephen Hootstein", Id: c7ca079c-7484-3074-10ea-854fad428320
[2025-08-31 22:37:39.245 -03:00] [INF] [116] Emby.Server.Implementations.Library.LibraryManager: Deleting dead "5aba842e813ee4d683979e403a6892a1" "Steven Shareshian" "Person".
[2025-08-31 22:37:39.245 -03:00] [INF] [116] Emby.Server.Implementations.Library.LibraryManager: Removing item, Type: "Person", Name: "Steven Shareshian", Path: "/config/data/metadata/People/S/Steven Shareshian", Id: 5aba842e-813e-e4d6-8397-9e403a6892a1
[2025-08-31 22:37:39.245 -03:00] [INF] [116] Emby.Server.Implementations.Library.LibraryManager: Deleting dead "f956b0d89327b4dd4be2e27ec38d6f69" "Susan Varon" "Person".
[2025-08-31 22:37:39.245 -03:00] [INF] [116] Emby.Server.Implementations.Library.LibraryManager: Removing item, Type: "Person", Name: "Susan Varon", Path: "/config/data/metadata/People/S/Susan Varon", Id: f956b0d8-9327-b4dd-4be2-e27ec38d6f69
[2025-08-31 22:37:39.246 -03:00] [INF] [116] Emby.Server.Implementations.Library.LibraryManager: Deleting dead "3e4e365122cd44d97136b091e576c78e" "Thomas Pierce" "Person".
[2025-08-31 22:37:39.246 -03:00] [INF] [116] Emby.Server.Implementations.Library.LibraryManager: Removing item, Type: "Person", Name: "Thomas Pierce", Path: "/config/data/metadata/People/T/Thomas Pierce", Id: 3e4e3651-22cd-44d9-7136-b091e576c78e
[2025-08-31 22:37:39.246 -03:00] [INF] [116] Emby.Server.Implementations.Library.LibraryManager: Deleting dead "c03b328b28175bc66ef25de9fe1e8ec5" "Thomas Wong" "Person".
[2025-08-31 22:37:39.246 -03:00] [INF] [116] Emby.Server.Implementations.Library.LibraryManager: Removing item, Type: "Person", Name: "Thomas Wong", Path: "/config/data/metadata/People/T/Thomas Wong", Id: c03b328b-2817-5bc6-6ef2-5de9fe1e8ec5
[2025-08-31 22:37:39.246 -03:00] [INF] [116] Emby.Server.Implementations.Library.LibraryManager: Deleting dead "213c5b102edfa5bbf345f3dbf3f70eb0" "Tina Anderson" "Person".
[2025-08-31 22:37:39.246 -03:00] [INF] [116] Emby.Server.Implementations.Library.LibraryManager: Removing item, Type: "Person", Name: "Tina Anderson", Path: "/config/data/metadata/People/T/Tina Anderson", Id: 213c5b10-2edf-a5bb-f345-f3dbf3f70eb0
[2025-08-31 22:37:39.246 -03:00] [INF] [116] Emby.Server.Implementations.Library.LibraryManager: Deleting dead "bf682974e5e2279f91be6bdd72f3c34b" "Todd London" "Person".
[2025-08-31 22:37:39.246 -03:00] [INF] [116] Emby.Server.Implementations.Library.LibraryManager: Removing item, Type: "Person", Name: "Todd London", Path: "/config/data/metadata/People/T/Todd London", Id: bf682974-e5e2-279f-91be-6bdd72f3c34b
[2025-08-31 22:37:39.246 -03:00] [INF] [116] Emby.Server.Implementations.Library.LibraryManager: Deleting dead "efcc27f460d666ca754b5708474a618a" "Tom Cullen" "Person".
[2025-08-31 22:37:39.246 -03:00] [INF] [116] Emby.Server.Implementations.Library.LibraryManager: Removing item, Type: "Person", Name: "Tom Cullen", Path: "/config/data/metadata/People/T/Tom Cullen", Id: efcc27f4-60d6-66ca-754b-5708474a618a
[2025-08-31 22:37:39.247 -03:00] [INF] [116] Emby.Server.Implementations.Library.LibraryManager: Deleting dead "cd73e486cd7dd1b19c9740e001880380" "Trevor Matthews" "Person".
[2025-08-31 22:37:39.247 -03:00] [INF] [116] Emby.Server.Implementations.Library.LibraryManager: Removing item, Type: "Person", Name: "Trevor Matthews", Path: "/config/data/metadata/People/T/Trevor Matthews", Id: cd73e486-cd7d-d1b1-9c97-40e001880380
[2025-08-31 22:37:39.247 -03:00] [INF] [116] Emby.Server.Implementations.Library.LibraryManager: Deleting dead "e52360017734a6a1db909342d84c9b75" "Trevor Waterson" "Person".
[2025-08-31 22:37:39.247 -03:00] [INF] [116] Emby.Server.Implementations.Library.LibraryManager: Removing item, Type: "Person", Name: "Trevor Waterson", Path: "/config/data/metadata/People/T/Trevor Waterson", Id: e5236001-7734-a6a1-db90-9342d84c9b75
[2025-08-31 22:37:39.247 -03:00] [INF] [116] Emby.Server.Implementations.Library.LibraryManager: Deleting dead "6c9a86f0ce8c5517db2e3b37f7cce059" "Victor Verhaeghe" "Person".
[2025-08-31 22:37:39.247 -03:00] [INF] [116] Emby.Server.Implementations.Library.LibraryManager: Removing item, Type: "Person", Name: "Victor Verhaeghe", Path: "/config/data/metadata/People/V/Victor Verhaeghe", Id: 6c9a86f0-ce8c-5517-db2e-3b37f7cce059
[2025-08-31 22:37:39.247 -03:00] [INF] [116] Emby.Server.Implementations.Library.LibraryManager: Deleting dead "1e46474a8da6c49830fe1505656fe7a5" "Viktória Petrányi" "Person".
[2025-08-31 22:37:39.247 -03:00] [INF] [116] Emby.Server.Implementations.Library.LibraryManager: Removing item, Type: "Person", Name: "Viktória Petrányi", Path: "/config/data/metadata/People/V/Viktória Petrányi", Id: 1e46474a-8da6-c498-30fe-1505656fe7a5
[2025-08-31 22:37:39.247 -03:00] [INF] [116] Emby.Server.Implementations.Library.LibraryManager: Deleting dead "716226c8f9ef688483ff7b786e6b8448" "Vincent D'Onofrio" "Person".
[2025-08-31 22:37:39.247 -03:00] [INF] [116] Emby.Server.Implementations.Library.LibraryManager: Removing item, Type: "Person", Name: "Vincent D'Onofrio", Path: "/config/data/metadata/People/V/Vincent D'Onofrio", Id: 716226c8-f9ef-6884-83ff-7b786e6b8448
[2025-08-31 22:37:39.247 -03:00] [INF] [116] Emby.Server.Implementations.Library.LibraryManager: Deleting dead "81e57a191aced0e95bdae3865d2fa1ae" "Will Greenfield" "Person".
[2025-08-31 22:37:39.248 -03:00] [INF] [116] Emby.Server.Implementations.Library.LibraryManager: Removing item, Type: "Person", Name: "Will Greenfield", Path: "/config/data/metadata/People/W/Will Greenfield", Id: 81e57a19-1ace-d0e9-5bda-e3865d2fa1ae
[2025-08-31 22:37:39.248 -03:00] [INF] [116] Emby.Server.Implementations.Library.LibraryManager: Deleting dead "603e9bac5ae8a11d2b0876c66c69c4a9" "Wilson Bethel" "Person".
[2025-08-31 22:37:39.248 -03:00] [INF] [116] Emby.Server.Implementations.Library.LibraryManager: Removing item, Type: "Person", Name: "Wilson Bethel", Path: "/config/data/metadata/People/W/Wilson Bethel", Id: 603e9bac-5ae8-a11d-2b08-76c66c69c4a9
[2025-08-31 22:37:39.248 -03:00] [INF] [116] Emby.Server.Implementations.Library.LibraryManager: Deleting dead "7258a1e8d02f16f935b067a31e36c282" "Wunmi Mosaku" "Person".
[2025-08-31 22:37:39.248 -03:00] [INF] [116] Emby.Server.Implementations.Library.LibraryManager: Removing item, Type: "Person", Name: "Wunmi Mosaku", Path: "/config/data/metadata/People/W/Wunmi Mosaku", Id: 7258a1e8-d02f-16f9-35b0-67a31e36c282
[2025-08-31 22:37:39.248 -03:00] [INF] [116] Emby.Server.Implementations.Library.LibraryManager: Deleting dead "e03336e744fd63770cd4be7bf21dbe41" "Yao" "Person".
[2025-08-31 22:37:39.248 -03:00] [INF] [116] Emby.Server.Implementations.Library.LibraryManager: Removing item, Type: "Person", Name: "Yao", Path: "/config/data/metadata/People/Y/Yao", Id: e03336e7-44fd-6377-0cd4-be7bf21dbe41
[2025-08-31 22:37:39.248 -03:00] [INF] [116] Emby.Server.Implementations.Library.LibraryManager: Deleting dead "255eaba40f507c0c203b0a7aa671c9fa" "Yuchuan Cao" "Person".
[2025-08-31 22:37:39.248 -03:00] [INF] [116] Emby.Server.Implementations.Library.LibraryManager: Removing item, Type: "Person", Name: "Yuchuan Cao", Path: "/config/data/metadata/People/Y/Yuchuan Cao", Id: 255eaba4-0f50-7c0c-203b-0a7aa671c9fa
[2025-08-31 22:37:39.248 -03:00] [INF] [116] Emby.Server.Implementations.Library.LibraryManager: Deleting dead "d561d3d8ea4b5b75ee83754076cda3ca" "Zabryna Guevara" "Person".
[2025-08-31 22:37:39.248 -03:00] [INF] [116] Emby.Server.Implementations.Library.LibraryManager: Removing item, Type: "Person", Name: "Zabryna Guevara", Path: "/config/data/metadata/People/Z/Zabryna Guevara", Id: d561d3d8-ea4b-5b75-ee83-754076cda3ca
[2025-08-31 22:37:39.249 -03:00] [INF] [116] Emby.Server.Implementations.Library.LibraryManager: Deleting dead "1fd5a1e5bdc94788a452c65ded1fa1a5" "Zachary Reiter" "Person".
[2025-08-31 22:37:39.249 -03:00] [INF] [116] Emby.Server.Implementations.Library.LibraryManager: Removing item, Type: "Person", Name: "Zachary Reiter", Path: "/config/data/metadata/People/Z/Zachary Reiter", Id: 1fd5a1e5-bdc9-4788-a452-c65ded1fa1a5
[2025-08-31 22:37:39.249 -03:00] [INF] [116] Emby.Server.Implementations.Library.LibraryManager: Deleting dead "e257b02e06e13d321a23d023e05b0076" "Zinzi Coogler" "Person".
[2025-08-31 22:37:39.249 -03:00] [INF] [116] Emby.Server.Implementations.Library.LibraryManager: Removing item, Type: "Person", Name: "Zinzi Coogler", Path: "/config/data/metadata/People/Z/Zinzi Coogler", Id: e257b02e-06e1-3d32-1a23-d023e05b0076
[2025-08-31 22:37:39.249 -03:00] [INF] [116] Emby.Server.Implementations.Library.LibraryManager: People validation complete
[2025-08-31 22:37:39.249 -03:00] [INF] [116] Emby.Server.Implementations.ScheduledTasks.TaskManager: "Atualizar pessoas" Completed after 0 minute(s) and 1 seconds
[2025-08-31 22:37:46.128 -03:00] [INF] [116] Emby.Server.Implementations.Session.SessionWebSocketListener: Sending ForceKeepAlive message to 1 inactive WebSockets.
[2025-08-31 22:41:34.128 -03:00] [INF] [128] Emby.Server.Implementations.Session.SessionWebSocketListener: Sending ForceKeepAlive message to 1 inactive WebSockets.
[2025-08-31 22:44:54.028 -03:00] [INF] [82] Emby.Server.Implementations.ScheduledTasks.TaskManager: "Baixar legendas que estão faltando" Completed after 0 minute(s) and 0 seconds
[2025-08-31 22:44:54.029 -03:00] [INF] [101] Emby.Server.Implementations.ScheduledTasks.TaskManager: "Limpar pasta de logs" Completed after 0 minute(s) and 0 seconds
[2025-08-31 22:44:54.183 -03:00] [INF] [84] Emby.Server.Implementations.ScheduledTasks.TaskManager: "Limpar pasta de transcodificação" Completed after 0 minute(s) and 0 seconds
[2025-08-31 22:44:54.244 -03:00] [INF] [44] Emby.Server.Implementations.ScheduledTasks.TaskManager: "Baixar letra faltante" Completed after 0 minute(s) and 0 seconds
[2025-08-31 22:44:54.298 -03:00] [INF] [101] Emby.Server.Implementations.ScheduledTasks.TaskManager: "Normalização de áudio" Completed after 0 minute(s) and 0 seconds
[2025-08-31 22:44:54.364 -03:00] [INF] [158] Emby.Server.Implementations.ScheduledTasks.TaskManager: "Limpar Arquivos Temporários" Completed after 0 minute(s) and 0 seconds
[2025-08-31 22:44:55.024 -03:00] [INF] [101] Emby.Server.Implementations.ScheduledTasks.Tasks.OptimizeDatabaseTask: Optimizing and vacuuming jellyfin.db...
[2025-08-31 22:44:55.033 -03:00] [INF] [51] Emby.Server.Implementations.ScheduledTasks.TaskManager: "TasksRefreshChannels" Completed after 0 minute(s) and 0 seconds
[2025-08-31 22:44:55.115 -03:00] [INF] [101] Emby.Server.Implementations.ScheduledTasks.Tasks.OptimizeDatabaseTask: jellyfin.db optimized successfully!
[2025-08-31 22:44:55.115 -03:00] [INF] [101] Emby.Server.Implementations.ScheduledTasks.TaskManager: "Otimizar base de dados" Completed after 0 minute(s) and 0 seconds
[2025-08-31 22:44:55.170 -03:00] [INF] [158] Emby.Server.Implementations.ScheduledTasks.TaskManager: "Played media cleanup" Completed after 0 minute(s) and 0 seconds
[2025-08-31 22:44:58.116 -03:00] [INF] [101] Jellyfin.LiveTv.Guide.GuideManager: Refreshing guide with 7 days of guide data
[2025-08-31 22:44:58.120 -03:00] [INF] [101] Emby.Server.Implementations.ScheduledTasks.TaskManager: "Refresh Guide" Completed after 0 minute(s) and 3 seconds
[2025-08-31 22:44:59.320 -03:00] [INF] [158] Emby.Server.Implementations.ScheduledTasks.TaskManager: "Atualizar Plugins" Completed after 0 minute(s) and 4 seconds
[2025-08-31 22:45:22.128 -03:00] [INF] [101] Emby.Server.Implementations.Session.SessionWebSocketListener: Sending ForceKeepAlive message to 1 inactive WebSockets.
[2025-08-31 22:49:46.128 -03:00] [INF] [146] Emby.Server.Implementations.Session.SessionWebSocketListener: Sending ForceKeepAlive message to 1 inactive WebSockets.
[2025-08-31 22:52:02.643 -03:00] [INF] [123] Emby.Server.Implementations.IO.LibraryMonitor: Stopping directory watching for path "/data/filme"
[2025-08-31 22:52:02.644 -03:00] [INF] [123] Emby.Server.Implementations.IO.LibraryMonitor: Stopping directory watching for path "/data/serie"
[2025-08-31 22:52:02.646 -03:00] [INF] [123] Emby.Server.Implementations.Library.LibraryManager: Validating media library
[2025-08-31 22:52:02.802 -03:00] [INF] [119] Emby.Server.Implementations.ScheduledTasks.TaskManager: "Varredura do segmento de mídia" Completed after 0 minute(s) and 0 seconds
[2025-08-31 22:52:02.933 -03:00] [WRN] [116] MediaBrowser.Controller.Entities.BaseItem: Library folder "/config/data/data/playlists" is inaccessible or empty, skipping
[2025-08-31 22:52:03.027 -03:00] [INF] [33] Jellyfin.Drawing.ImageProcessor: Creating image collage and saving to "/tmp/jellyfin/cc01bbf1fdd540398de98ed762909fd3.png"
[2025-08-31 22:52:03.255 -03:00] [INF] [33] Jellyfin.Drawing.ImageProcessor: Completed creation of image collage and saved to "/tmp/jellyfin/cc01bbf1fdd540398de98ed762909fd3.png"
[2025-08-31 22:52:03.272 -03:00] [WRN] [123] MediaBrowser.Controller.Entities.BaseItem: Library folder "/config/data/data/playlists" is inaccessible or empty, skipping
[2025-08-31 22:52:06.060 -03:00] [INF] [33] Jellyfin.Drawing.ImageProcessor: Creating image collage and saving to "/tmp/jellyfin/e5f605f04e5b40959d48fd2c1e5ba37d.png"
[2025-08-31 22:52:06.362 -03:00] [INF] [33] Jellyfin.Drawing.ImageProcessor: Completed creation of image collage and saved to "/tmp/jellyfin/e5f605f04e5b40959d48fd2c1e5ba37d.png"
[2025-08-31 22:52:06.383 -03:00] [INF] [90] Jellyfin.Drawing.ImageProcessor: Creating image collage and saving to "/tmp/jellyfin/d9b914eee2f54e1bab1441bcc70f42bb.png"
[2025-08-31 22:52:06.541 -03:00] [INF] [90] Jellyfin.Drawing.ImageProcessor: Completed creation of image collage and saved to "/tmp/jellyfin/d9b914eee2f54e1bab1441bcc70f42bb.png"
[2025-08-31 22:52:06.569 -03:00] [INF] [60] Jellyfin.Drawing.ImageProcessor: Creating image collage and saving to "/tmp/jellyfin/9a77e5e28f544eda91f4053c0690406c.png"
[2025-08-31 22:52:06.818 -03:00] [INF] [60] Jellyfin.Drawing.ImageProcessor: Completed creation of image collage and saved to "/tmp/jellyfin/9a77e5e28f544eda91f4053c0690406c.png"
[2025-08-31 22:52:06.836 -03:00] [INF] [60] Jellyfin.Drawing.ImageProcessor: Creating image collage and saving to "/tmp/jellyfin/80a321b0048b45c188fff53139e96fc1.png"
[2025-08-31 22:52:07.207 -03:00] [INF] [60] Jellyfin.Drawing.ImageProcessor: Completed creation of image collage and saved to "/tmp/jellyfin/80a321b0048b45c188fff53139e96fc1.png"
[2025-08-31 22:52:07.222 -03:00] [INF] [90] Jellyfin.Drawing.ImageProcessor: Creating image collage and saving to "/tmp/jellyfin/b72a100b665f4440bfb6deb92a812e53.png"
[2025-08-31 22:52:07.614 -03:00] [INF] [90] Jellyfin.Drawing.ImageProcessor: Completed creation of image collage and saved to "/tmp/jellyfin/b72a100b665f4440bfb6deb92a812e53.png"
[2025-08-31 22:52:07.636 -03:00] [INF] [90] Jellyfin.Drawing.ImageProcessor: Creating image collage and saving to "/tmp/jellyfin/4125426c1f65498db2ed511d2a0368d2.png"
[2025-08-31 22:52:07.977 -03:00] [INF] [90] Jellyfin.Drawing.ImageProcessor: Completed creation of image collage and saved to "/tmp/jellyfin/4125426c1f65498db2ed511d2a0368d2.png"
[2025-08-31 22:52:07.993 -03:00] [INF] [33] Jellyfin.Drawing.ImageProcessor: Creating image collage and saving to "/tmp/jellyfin/10d5bfbf7d3b459aa929f47cd4a00e2e.png"
[2025-08-31 22:52:08.392 -03:00] [INF] [33] Jellyfin.Drawing.ImageProcessor: Completed creation of image collage and saved to "/tmp/jellyfin/10d5bfbf7d3b459aa929f47cd4a00e2e.png"
[2025-08-31 22:52:08.408 -03:00] [INF] [60] Jellyfin.Drawing.ImageProcessor: Creating image collage and saving to "/tmp/jellyfin/60f6aea21ca24246b197c7154d80ce8b.png"
[2025-08-31 22:52:08.541 -03:00] [INF] [60] Jellyfin.Drawing.ImageProcessor: Completed creation of image collage and saved to "/tmp/jellyfin/60f6aea21ca24246b197c7154d80ce8b.png"
[2025-08-31 22:52:08.563 -03:00] [INF] [33] Jellyfin.Drawing.ImageProcessor: Creating image collage and saving to "/tmp/jellyfin/486f7990da12460a90510536f4017d3a.png"
[2025-08-31 22:52:08.839 -03:00] [INF] [33] Jellyfin.Drawing.ImageProcessor: Completed creation of image collage and saved to "/tmp/jellyfin/486f7990da12460a90510536f4017d3a.png"
[2025-08-31 22:52:08.875 -03:00] [INF] [90] Emby.Server.Implementations.ScheduledTasks.TaskManager: "Escanear a Biblioteca de Mídia" Completed after 0 minute(s) and 6 seconds
[2025-08-31 22:52:09.245 -03:00] [INF] [160] Emby.Server.Implementations.IO.LibraryMonitor: Watching directory "/data/filme"
[2025-08-31 22:52:10.146 -03:00] [INF] [33] Emby.Server.Implementations.IO.LibraryMonitor: Watching directory "/data/serie"
[2025-08-31 22:53:08.880 -03:00] [INF] [97] IntroSkipper.Services.Entrypoint: Initiating automatic analysis task
[2025-08-31 22:53:09.059 -03:00] [INF] [97] IntroSkipper.Manager.QueueManager: Running enqueue of items in library "Séries"
[2025-08-31 22:53:09.062 -03:00] [INF] [97] IntroSkipper.Manager.QueueManager: Running enqueue of items in library "Filmes"
[2025-08-31 22:53:34.128 -03:00] [INF] [33] Emby.Server.Implementations.Session.SessionWebSocketListener: Sending ForceKeepAlive message to 1 inactive WebSockets.
[2025-08-31 22:57:22.128 -03:00] [INF] [42] Emby.Server.Implementations.Session.SessionWebSocketListener: Sending ForceKeepAlive message to 1 inactive WebSockets.
[2025-08-31 23:01:46.129 -03:00] [INF] [114] Emby.Server.Implementations.Session.SessionWebSocketListener: Sending ForceKeepAlive message to 1 inactive WebSockets.
[2025-08-31 23:05:34.128 -03:00] [INF] [177] Emby.Server.Implementations.Session.SessionWebSocketListener: Sending ForceKeepAlive message to 1 inactive WebSockets.
[2025-08-31 23:09:22.128 -03:00] [INF] [114] Emby.Server.Implementations.Session.SessionWebSocketListener: Sending ForceKeepAlive message to 1 inactive WebSockets.
[2025-08-31 23:13:46.128 -03:00] [INF] [58] Emby.Server.Implementations.Session.SessionWebSocketListener: Sending ForceKeepAlive message to 1 inactive WebSockets.
[2025-08-31 23:17:34.128 -03:00] [INF] [101] Emby.Server.Implementations.Session.SessionWebSocketListener: Sending ForceKeepAlive message to 1 inactive WebSockets.
[2025-08-31 23:21:22.128 -03:00] [INF] [53] Emby.Server.Implementations.Session.SessionWebSocketListener: Sending ForceKeepAlive message to 1 inactive WebSockets.
[2025-08-31 23:25:46.128 -03:00] [INF] [148] Emby.Server.Implementations.Session.SessionWebSocketListener: Sending ForceKeepAlive message to 1 inactive WebSockets.
[2025-08-31 23:29:34.128 -03:00] [INF] [85] Emby.Server.Implementations.Session.SessionWebSocketListener: Sending ForceKeepAlive message to 1 inactive WebSockets.
[2025-08-31 23:33:22.128 -03:00] [INF] [129] Emby.Server.Implementations.Session.SessionWebSocketListener: Sending ForceKeepAlive message to 1 inactive WebSockets.
[2025-08-31 23:37:46.128 -03:00] [INF] [144] Emby.Server.Implementations.Session.SessionWebSocketListener: Sending ForceKeepAlive message to 1 inactive WebSockets.
[2025-08-31 23:41:34.128 -03:00] [INF] [11] Emby.Server.Implementations.Session.SessionWebSocketListener: Sending ForceKeepAlive message to 1 inactive WebSockets.
[2025-08-31 23:45:22.128 -03:00] [INF] [96] Emby.Server.Implementations.Session.SessionWebSocketListener: Sending ForceKeepAlive message to 1 inactive WebSockets.
[2025-08-31 23:49:46.128 -03:00] [INF] [50] Emby.Server.Implementations.Session.SessionWebSocketListener: Sending ForceKeepAlive message to 1 inactive WebSockets.
[2025-08-31 23:53:34.129 -03:00] [INF] [115] Emby.Server.Implementations.Session.SessionWebSocketListener: Sending ForceKeepAlive message to 1 inactive WebSockets.
[2025-08-31 23:57:22.128 -03:00] [INF] [85] Emby.Server.Implementations.Session.SessionWebSocketListener: Sending ForceKeepAlive message to 1 inactive WebSockets.
